UKER;KC Purwakarta;KC Indramayu;KC Subang;KC Jatibarang;KC Pamanukan;KC Sumedang;KC Majalengka;KC Cirebon Kartini;KC Kuningan;KC Cirebon Gunung Jati;KC Garut;KC Tasikmalaya;KC Ciamis;KC Singaparna;KC Banjar;KC Sukabumi;KC Cianjur;KC Majalaya;KC Cimahi;KC Cibadak;KC Soreang;KC Bandung AA;KC Bandung Dewi Sartika;KC Bandung Naripan;KC Bandung A.H. Nasution;KC Bandung Martadinata;KC Bandung Kopo;KC Bandung Dago;KC Bandung Sukarno Hatta;KC Bandung Setiabudi
01-Dec; 976 ; 1.408 ; 979 ; 1.370 ; 912 ; 1.323 ; 1.467 ; 1.815 ; 1.588 ; 1.216 ; 1.820 ; 1.414 ; 1.135 ; 930 ; 1.174 ; 1.205 ; 1.382 ; 1.157 ; 1.873 ; 980 ; 1.019 ; 1.085 ; 807 ; 1.074 ; 1.724 ; 782 ; 923 ; 626 ; 713 ; 956
02-Dec; 978 ; 1.409 ; 983 ; 1.363 ; 908 ; 1.318 ; 1.458 ; 1.811 ; 1.582 ; 1.211 ; 1.815 ; 1.412 ; 1.132 ; 921 ; 1.173 ; 1.206 ; 1.367 ; 1.152 ; 1.879 ; 981 ; 1.004 ; 1.069 ; 800 ; 1.070 ; 1.727 ; 783 ; 765 ; 596 ; 708 ; 942
03-Dec; 975 ; 1.406 ; 962 ; 1.368 ; 905 ; 1.314 ; 1.456 ; 1.697 ; 1.579 ; 1.211 ; 1.816 ; 1.408 ; 1.128 ; 916 ; 1.169 ; 1.208 ; 1.370 ; 1.149 ; 1.881 ; 977 ; 1.008 ; 1.059 ; 799 ; 1.066 ; 1.728 ; 699 ; 761 ; 589 ; 707 ; 925
04-Dec; 972 ; 1.407 ; 964 ; 1.365 ; 907 ; 1.317 ; 1.455 ; 1.701 ; 1.577 ; 1.205 ; 1.809 ; 1.402 ; 1.131 ; 912 ; 1.167 ; 1.187 ; 1.370 ; 1.152 ; 1.879 ; 974 ; 1.007 ; 1.055 ; 803 ; 1.061 ; 1.729 ; 679 ; 765 ; 578 ; 710 ; 922
05-Dec; 979 ; 1.412 ; 966 ; 1.370 ; 913 ; 1.317 ; 1.454 ; 1.690 ; 1.582 ; 1.212 ; 1.839 ; 1.407 ; 1.131 ; 912 ; 1.178 ; 1.200 ; 1.365 ; 1.158 ; 1.879 ; 976 ; 1.007 ; 1.057 ; 804 ; 1.055 ; 1.729 ; 676 ; 771 ; 573 ; 712 ; 917
06-Dec; 975 ; 1.406 ; 961 ; 1.375 ; 911 ; 1.312 ; 1.450 ; 1.687 ; 1.578 ; 1.213 ; 1.831 ; 1.409 ; 1.128 ; 914 ; 1.175 ; 1.197 ; 1.363 ; 1.153 ; 1.866 ; 975 ; 1.003 ; 1.053 ; 802 ; 1.048 ; 1.721 ; 672 ; 771 ; 570 ; 707 ; 913
07-Dec; 970 ; 1.400 ; 956 ; 1.371 ; 911 ; 1.311 ; 1.445 ; 1.686 ; 1.577 ; 1.207 ; 1.823 ; 1.406 ; 1.125 ; 912 ; 1.170 ; 1.191 ; 1.359 ; 1.148 ; 1.856 ; 972 ; 1.000 ; 1.050 ; 802 ; 1.045 ; 1.718 ; 669 ; 767 ; 568 ; 703 ; 910
08-Dec; 968 ; 1.402 ; 953 ; 1.362 ; 906 ; 1.308 ; 1.445 ; 1.680 ; 1.571 ; 1.208 ; 1.815 ; 1.403 ; 1.126 ; 913 ; 1.168 ; 1.195 ; 1.360 ; 1.151 ; 1.851 ; 973 ; 994 ; 1.046 ; 803 ; 1.035 ; 1.720 ; 674 ; 774 ; 558 ; 701 ; 908
09-Dec; 971 ; 1.388 ; 944 ; 1.364 ; 901 ; 1.303 ; 1.448 ; 1.685 ; 1.562 ; 1.214 ; 1.809 ; 1.401 ; 1.130 ; 914 ; 1.162 ; 1.178 ; 1.351 ; 1.147 ; 1.850 ; 971 ; 991 ; 1.044 ; 660 ; 1.023 ; 1.721 ; 675 ; 772 ; 558 ; 691 ; 905
10-Dec; 973 ; 1.399 ; 959 ; 1.373 ; 911 ; 1.305 ; 1.455 ; 1.698 ; 1.570 ; 1.221 ; 1.794 ; 1.401 ; 1.131 ; 913 ; 1.162 ; 1.178 ; 1.348 ; 1.149 ; 1.853 ; 974 ; 990 ; 1.046 ; 665 ; 1.014 ; 1.729 ; 672 ; 797 ; 550 ; 692 ; 925
11-Dec; 969 ; 1.403 ; 959 ; 1.369 ; 909 ; 1.301 ; 1.454 ; 1.707 ; 1.572 ; 1.216 ; 1.797 ; 1.398 ; 1.136 ; 909 ; 1.158 ; 1.176 ; 1.346 ; 1.151 ; 1.859 ; 975 ; 992 ; 1.051 ; 686 ; 1.012 ; 1.725 ; 675 ; 755 ; 551 ; 697 ; 919
12-Dec; 969 ; 1.410 ; 958 ; 1.371 ; 911 ; 1.306 ; 1.461 ; 1.696 ; 1.568 ; 1.209 ; 1.802 ; 1.399 ; 1.142 ; 909 ; 1.156 ; 1.178 ; 1.346 ; 1.150 ; 1.868 ; 974 ; 992 ; 1.062 ; 682 ; 1.009 ; 1.722 ; 698 ; 759 ; 554 ; 689 ; 924
13-Dec; 964 ; 1.399 ; 952 ; 1.375 ; 907 ; 1.301 ; 1.459 ; 1.696 ; 1.564 ; 1.208 ; 1.796 ; 1.398 ; 1.140 ; 911 ; 1.153 ; 1.176 ; 1.346 ; 1.147 ; 1.860 ; 973 ; 990 ; 1.059 ; 681 ; 1.003 ; 1.715 ; 696 ; 759 ; 552 ; 687 ; 918
14-Dec; 961 ; 1.402 ; 945 ; 1.370 ; 905 ; 1.295 ; 1.452 ; 1.692 ; 1.561 ; 1.203 ; 1.792 ; 1.395 ; 1.138 ; 909 ; 1.147 ; 1.173 ; 1.341 ; 1.144 ; 1.852 ; 967 ; 991 ; 1.055 ; 680 ; 1.002 ; 1.713 ; 694 ; 756 ; 552 ; 685 ; 911
15-Dec; 973 ; 1.407 ; 956 ; 1.378 ; 913 ; 1.311 ; 1.469 ; 1.703 ; 1.569 ; 1.217 ; 1.821 ; 1.405 ; 1.143 ; 924 ; 1.159 ; 1.180 ; 1.357 ; 1.171 ; 1.875 ; 985 ; 1.000 ; 1.053 ; 682 ; 1.013 ; 1.655 ; 691 ; 780 ; 547 ; 684 ; 916
16-Dec; 971 ; 1.409 ; 954 ; 1.371 ; 910 ; 1.306 ; 1.477 ; 1.694 ; 1.567 ; 1.214 ; 1.816 ; 1.403 ; 1.140 ; 919 ; 1.154 ; 1.173 ; 1.351 ; 1.168 ; 1.884 ; 985 ; 992 ; 1.067 ; 678 ; 1.014 ; 1.664 ; 680 ; 764 ; 549 ; 690 ; 912
17-Dec; 968 ; 1.413 ; 956 ; 1.373 ; 927 ; 1.308 ; 1.477 ; 1.699 ; 1.568 ; 1.212 ; 1.811 ; 1.398 ; 1.140 ; 920 ; 1.153 ; 1.171 ; 1.358 ; 1.167 ; 1.880 ; 985 ; 996 ; 1.069 ; 674 ; 1.012 ; 1.659 ; 689 ; 769 ; 546 ; 689 ; 914
18-Dec; 966 ; 1.417 ; 959 ; 1.362 ; 925 ; 1.308 ; 1.475 ; 1.693 ; 1.569 ; 1.208 ; 1.805 ; 1.391 ; 1.141 ; 918 ; 1.153 ; 1.173 ; 1.365 ; 1.165 ; 1.839 ; 985 ; 994 ; 1.024 ; 676 ; 1.011 ; 1.657 ; 687 ; 754 ; 551 ; 687 ; 924
19-Dec; 967 ; 1.413 ; 963 ; 1.368 ; 924 ; 1.316 ; 1.480 ; 1.701 ; 1.567 ; 1.212 ; 1.804 ; 1.396 ; 1.144 ; 923 ; 1.155 ; 1.175 ; 1.368 ; 1.169 ; 1.894 ; 982 ; 995 ; 1.012 ; 676 ; 1.011 ; 1.658 ; 689 ; 758 ; 552 ; 700 ; 931
20-Dec; 962 ; 1.406 ; 956 ; 1.358 ; 920 ; 1.306 ; 1.473 ; 1.692 ; 1.563 ; 1.209 ; 1.798 ; 1.394 ; 1.136 ; 921 ; 1.156 ; 1.172 ; 1.364 ; 1.166 ; 1.883 ; 980 ; 993 ; 1.007 ; 674 ; 1.005 ; 1.652 ; 685 ; 755 ; 549 ; 691 ; 924
21-Dec; 958 ; 1.398 ; 951 ; 1.356 ; 916 ; 1.300 ; 1.469 ; 1.689 ; 1.561 ; 1.203 ; 1.799 ; 1.390 ; 1.134 ; 918 ; 1.151 ; 1.166 ; 1.359 ; 1.160 ; 1.874 ; 974 ; 991 ; 1.004 ; 675 ; 1.000 ; 1.647 ; 682 ; 752 ; 549 ; 690 ; 921
22-Dec; 964 ; 1.406 ; 953 ; 1.355 ; 915 ; 1.299 ; 1.468 ; 1.702 ; 1.558 ; 1.198 ; 1.800 ; 1.385 ; 1.133 ; 918 ; 1.153 ; 1.164 ; 1.352 ; 1.161 ; 1.823 ; 982 ; 997 ; 993 ; 679 ; 1.013 ; 1.654 ; 700 ; 751 ; 543 ; 706 ; 918
23-Dec; 968 ; 1.416 ; 961 ; 1.349 ; 923 ; 1.296 ; 1.465 ; 1.694 ; 1.561 ; 1.197 ; 1.803 ; 1.398 ; 1.137 ; 914 ; 1.156 ; 1.165 ; 1.352 ; 1.164 ; 1.827 ; 981 ; 1.011 ; 999 ; 674 ; 1.019 ; 1.658 ; 700 ; 753 ; 491 ; 712 ; 923
24-Dec; 980 ; 1.430 ; 983 ; 1.353 ; 918 ; 1.304 ; 1.467 ; 1.709 ; 1.563 ; 1.205 ; 1.815 ; 1.407 ; 1.148 ; 920 ; 1.158 ; 1.175 ; 1.351 ; 1.180 ; 1.834 ; 994 ; 1.019 ; 998 ; 693 ; 1.030 ; 1.641 ; 703 ; 758 ; 527 ; 717 ; 938
25-Dec; 970 ; 1.420 ; 978 ; 1.347 ; 910 ; 1.295 ; 1.458 ; 1.702 ; 1.554 ; 1.200 ; 1.795 ; 1.394 ; 1.138 ; 914 ; 1.151 ; 1.166 ; 1.338 ; 1.165 ; 1.821 ; 983 ; 1.009 ; 992 ; 692 ; 1.023 ; 1.631 ; 699 ; 752 ; 526 ; 713 ; 931
26-Dec; 966 ; 1.415 ; 972 ; 1.340 ; 910 ; 1.288 ; 1.452 ; 1.701 ; 1.552 ; 1.197 ; 1.795 ; 1.393 ; 1.132 ; 906 ; 1.151 ; 1.162 ; 1.332 ; 1.161 ; 1.816 ; 979 ; 1.005 ; 986 ; 691 ; 1.019 ; 1.627 ; 694 ; 749 ; 524 ; 710 ; 927
27-Dec; 966 ; 1.415 ; 970 ; 1.336 ; 907 ; 1.286 ; 1.450 ; 1.694 ; 1.548 ; 1.195 ; 1.797 ; 1.396 ; 1.132 ; 909 ; 1.156 ; 1.167 ; 1.332 ; 1.158 ; 1.811 ; 978 ; 1.002 ; 983 ; 691 ; 1.014 ; 1.621 ; 691 ; 749 ; 523 ; 705 ; 924
28-Dec; 964 ; 1.412 ; 967 ; 1.335 ; 905 ; 1.283 ; 1.450 ; 1.688 ; 1.545 ; 1.191 ; 1.797 ; 1.395 ; 1.134 ; 912 ; 1.152 ; 1.168 ; 1.330 ; 1.156 ; 1.807 ; 976 ; 1.002 ; 977 ; 691 ; 1.007 ; 1.620 ; 688 ; 749 ; 521 ; 704 ; 922
29-Dec; 965 ; 1.416 ; 972 ; 1.330 ; 905 ; 1.279 ; 1.451 ; 1.695 ; 1.550 ; 1.187 ; 1.800 ; 1.391 ; 1.136 ; 914 ; 1.155 ; 1.165 ; 1.335 ; 1.159 ; 1.870 ; 981 ; 1.002 ; 990 ; 699 ; 1.042 ; 1.629 ; 855 ; 759 ; 541 ; 713 ; 931
30-Dec; 978 ; 1.425 ; 975 ; 1.337 ; 912 ; 1.287 ; 1.462 ; 1.704 ; 1.559 ; 1.201 ; 1.807 ; 1.393 ; 1.143 ; 922 ; 1.163 ; 1.177 ; 1.375 ; 1.166 ; 1.890 ; 993 ; 1.010 ; 1.031 ; 765 ; 1.073 ; 1.660 ; 895 ; 778 ; 573 ; 759 ; 953
31-Dec; 991 ; 1.445 ; 1.010 ; 1.358 ; 927 ; 1.304 ; 1.486 ; 1.731 ; 1.572 ; 1.211 ; 1.837 ; 1.413 ; 1.148 ; 949 ; 1.193 ; 1.178 ; 1.403 ; 1.188 ; 1.893 ; 994 ; 1.033 ; 1.055 ; 773 ; 1.088 ; 1.669 ; 889 ; 757 ; 594 ; 767 ; 963
;;;;;;;;;;;;;;;;;;;;;;;;;;;;;;
01-Jan; 992 ; 1.434 ; 988 ; 1.346 ; 915 ; 1.314 ; 1.479 ; 1.721 ; 1.577 ; 1.215 ; 1.836 ; 1.415 ; 1.152 ; 933 ; 1.184 ; 1.188 ; 1.401 ; 1.181 ; 1.890 ; 982 ; 1.030 ; 1.097 ; 1.052 ; 914 ; 1.179 ; 960 ; 760 ; 965 ; 875 ; 746
02-Jan; 992 ; 1.434 ; 988 ; 1.346 ; 915 ; 1.314 ; 1.479 ; 1.721 ; 1.577 ; 1.215 ; 1.836 ; 1.415 ; 1.152 ; 933 ; 1.184 ; 1.188 ; 1.401 ; 1.181 ; 1.890 ; 982 ; 1.030 ; 1.097 ; 1.052 ; 914 ; 1.179 ; 960 ; 760 ; 965 ; 875 ; 746
03-Jan; 987 ; 1.424 ; 982 ; 1.339 ; 913 ; 1.308 ; 1.470 ; 1.709 ; 1.572 ; 1.212 ; 1.828 ; 1.407 ; 1.143 ; 930 ; 1.176 ; 1.183 ; 1.394 ; 1.176 ; 1.878 ; 977 ; 1.030 ; 1.090 ; 1.048 ; 912 ; 1.171 ; 955 ; 757 ; 961 ; 869 ; 740
04-Jan; 982 ; 1.420 ; 976 ; 1.335 ; 908 ; 1.303 ; 1.464 ; 1.703 ; 1.570 ; 1.207 ; 1.820 ; 1.399 ; 1.137 ; 924 ; 1.170 ; 1.178 ; 1.387 ; 1.172 ; 1.868 ; 973 ; 1.029 ; 1.084 ; 1.046 ; 903 ; 1.170 ; 952 ; 753 ; 958 ; 865 ; 737
05-Jan; 977 ; 1.423 ; 969 ; 1.341 ; 898 ; 1.299 ; 1.466 ; 1.706 ; 1.568 ; 1.207 ; 1.847 ; 1.391 ; 1.132 ; 920 ; 1.168 ; 1.171 ; 1.358 ; 1.172 ; 1.857 ; 973 ; 1.018 ; 1.072 ; 1.002 ; 890 ; 1.167 ; 790 ; 801 ; 912 ; 863 ; 735
06-Jan; 973 ; 1.417 ; 962 ; 1.339 ; 890 ; 1.297 ; 1.462 ; 1.704 ; 1.566 ; 1.208 ; 1.838 ; 1.397 ; 1.130 ; 913 ; 1.161 ; 1.173 ; 1.347 ; 1.167 ; 1.854 ; 969 ; 1.013 ; 1.072 ; 1.023 ; 883 ; 1.163 ; 764 ; 802 ; 914 ; 877 ; 732
07-Jan; 974 ; 1.411 ; 962 ; 1.346 ; 885 ; 1.293 ; 1.463 ; 1.699 ; 1.567 ; 1.203 ; 1.830 ; 1.391 ; 1.128 ; 913 ; 1.158 ; 1.166 ; 1.326 ; 1.165 ; 1.848 ; 966 ; 1.029 ; 1.039 ; 1.030 ; 873 ; 1.156 ; 762 ; 797 ; 906 ; 849 ; 715
08-Jan; 972 ; 1.409 ; 965 ; 1.351 ; 883 ; 1.290 ; 1.460 ; 1.700 ; 1.565 ; 1.198 ; 1.831 ; 1.390 ; 1.131 ; 913 ; 1.160 ; 1.170 ; 1.333 ; 1.162 ; 1.846 ; 970 ; 1.028 ; 1.052 ; 1.022 ; 868 ; 1.134 ; 759 ; 801 ; 885 ; 848 ; 713
09-Jan; 973 ; 1.414 ; 981 ; 1.363 ; 890 ; 1.291 ; 1.464 ; 1.708 ; 1.571 ; 1.208 ; 1.834 ; 1.395 ; 1.128 ; 913 ; 1.159 ; 1.174 ; 1.366 ; 1.164 ; 1.840 ; 973 ; 1.038 ; 1.015 ; 1.017 ; 866 ; 1.133 ; 759 ; 803 ; 882 ; 835 ; 701
10-Jan; 967 ; 1.406 ; 976 ; 1.354 ; 886 ; 1.284 ; 1.458 ; 1.701 ; 1.569 ; 1.205 ; 1.829 ; 1.390 ; 1.121 ; 911 ; 1.155 ; 1.170 ; 1.362 ; 1.160 ; 1.829 ; 968 ; 1.034 ; 1.011 ; 1.013 ; 859 ; 1.128 ; 756 ; 800 ; 879 ; 832 ; 695
11-Jan; 964 ; 1.399 ; 968 ; 1.354 ; 883 ; 1.279 ; 1.453 ; 1.696 ; 1.565 ; 1.200 ; 1.820 ; 1.385 ; 1.118 ; 909 ; 1.151 ; 1.167 ; 1.359 ; 1.156 ; 1.821 ; 966 ; 1.032 ; 1.008 ; 1.010 ; 854 ; 1.124 ; 753 ; 798 ; 877 ; 829 ; 693
12-Jan; 960 ; 1.400 ; 969 ; 1.356 ; 883 ; 1.279 ; 1.447 ; 1.697 ; 1.559 ; 1.199 ; 1.817 ; 1.388 ; 1.119 ; 908 ; 1.151 ; 1.164 ; 1.347 ; 1.156 ; 1.817 ; 970 ; 1.013 ; 1.002 ; 1.013 ; 855 ; 1.126 ; 748 ; 798 ; 882 ; 825 ; 694
13-Jan; 958 ; 1.393 ; 963 ; 1.353 ; 877 ; 1.285 ; 1.447 ; 1.693 ; 1.555 ; 1.207 ; 1.812 ; 1.378 ; 1.122 ; 906 ; 1.150 ; 1.159 ; 1.346 ; 1.152 ; 1.820 ; 969 ; 1.006 ; 1.003 ; 1.001 ; 863 ; 1.128 ; 750 ; 797 ; 874 ; 823 ; 695
14-Jan; 960 ; 1.385 ; 967 ; 1.350 ; 877 ; 1.284 ; 1.447 ; 1.697 ; 1.557 ; 1.209 ; 1.810 ; 1.379 ; 1.121 ; 903 ; 1.147 ; 1.162 ; 1.346 ; 1.152 ; 1.818 ; 968 ; 1.003 ; 1.000 ; 1.029 ; 858 ; 1.127 ; 743 ; 798 ; 873 ; 816 ; 695
15-Jan; 962 ; 1.389 ; 975 ; 1.357 ; 879 ; 1.287 ; 1.445 ; 1.702 ; 1.561 ; 1.208 ; 1.806 ; 1.378 ; 1.117 ; 903 ; 1.155 ; 1.160 ; 1.321 ; 1.153 ; 1.821 ; 970 ; 1.004 ; 996 ; 1.029 ; 858 ; 1.132 ; 733 ; 798 ; 863 ; 819 ; 708
16-Jan; 955 ; 1.379 ; 969 ; 1.350 ; 874 ; 1.277 ; 1.438 ; 1.697 ; 1.552 ; 1.202 ; 1.795 ; 1.372 ; 1.109 ; 901 ; 1.149 ; 1.155 ; 1.313 ; 1.144 ; 1.814 ; 963 ; 1.001 ; 994 ; 1.030 ; 851 ; 1.125 ; 729 ; 795 ; 858 ; 815 ; 704
17-Jan; 951 ; 1.372 ; 965 ; 1.343 ; 870 ; 1.275 ; 1.432 ; 1.690 ; 1.550 ; 1.203 ; 1.795 ; 1.374 ; 1.104 ; 901 ; 1.150 ; 1.153 ; 1.312 ; 1.141 ; 1.806 ; 961 ; 1.000 ; 995 ; 1.027 ; 840 ; 1.121 ; 728 ; 795 ; 856 ; 812 ; 700
18-Jan; 947 ; 1.367 ; 962 ; 1.339 ; 867 ; 1.271 ; 1.428 ; 1.684 ; 1.547 ; 1.200 ; 1.789 ; 1.368 ; 1.103 ; 897 ; 1.143 ; 1.150 ; 1.308 ; 1.136 ; 1.798 ; 959 ; 999 ; 992 ; 1.026 ; 833 ; 1.119 ; 725 ; 792 ; 856 ; 812 ; 698
19-Jan; 945 ; 1.371 ; 954 ; 1.331 ; 863 ; 1.270 ; 1.428 ; 1.680 ; 1.550 ; 1.191 ; 1.789 ; 1.369 ; 1.103 ; 896 ; 1.146 ; 1.149 ; 1.311 ; 1.136 ; 1.793 ; 958 ; 1.008 ; 962 ; 1.028 ; 845 ; 1.120 ; 731 ; 811 ; 847 ; 809 ; 703
20-Jan; 940 ; 1.369 ; 949 ; 1.328 ; 857 ; 1.265 ; 1.420 ; 1.685 ; 1.543 ; 1.180 ; 1.773 ; 1.358 ; 1.098 ; 891 ; 1.141 ; 1.148 ; 1.300 ; 1.132 ; 1.784 ; 953 ; 1.001 ; 969 ; 1.052 ; 847 ; 1.114 ; 730 ; 810 ; 851 ; 806 ; 701
21-Jan; 936 ; 1.368 ; 944 ; 1.339 ; 857 ; 1.262 ; 1.416 ; 1.678 ; 1.541 ; 1.176 ; 1.770 ; 1.356 ; 1.096 ; 890 ; 1.134 ; 1.148 ; 1.288 ; 1.131 ; 1.783 ; 947 ; 999 ; 967 ; 1.031 ; 844 ; 1.103 ; 727 ; 826 ; 843 ; 806 ; 697
22-Jan; 945 ; 1.378 ; 950 ; 1.338 ; 858 ; 1.261 ; 1.414 ; 1.680 ; 1.543 ; 1.177 ; 1.784 ; 1.354 ; 1.104 ; 889 ; 1.137 ; 1.144 ; 1.288 ; 1.135 ; 1.785 ; 950 ; 1.000 ; 969 ; 1.033 ; 848 ; 1.107 ; 728 ; 828 ; 845 ; 808 ; 699
24-Jan; 955 ; 1.374 ; 960 ; 1.340 ; 860 ; 1.271 ; 1.423 ; 1.683 ; 1.559 ; 1.180 ; 1.795 ; 1.372 ; 1.111 ; 899 ; 1.145 ; 1.198 ; 1.316 ; 1.144 ; 1.805 ; 962 ; 1.014 ; 987 ; 1.041 ; 849 ; 1.156 ; 724 ; 846 ; 864 ; 816 ; 706 
25-Jan; 944 ; 1.366 ; 952 ; 1.329 ; 855 ; 1.261 ; 1.412 ; 1.674 ; 1.556 ; 1.171 ; 1.780 ; 1.360 ; 1.101 ; 891 ; 1.135 ; 1.188 ; 1.307 ; 1.133 ; 1.787 ; 954 ; 1.006 ; 984 ; 1.039 ; 840 ; 1.151 ; 720 ; 840 ; 859 ; 813 ; 701 
26-Jan; 948 ; 1.351 ; 956 ; 1.341 ; 857 ; 1.263 ; 1.412 ; 1.671 ; 1.549 ; 1.169 ; 1.777 ; 1.364 ; 1.104 ; 892 ; 1.134 ; 1.155 ; 1.300 ; 1.134 ; 1.801 ; 954 ; 1.005 ; 985 ; 1.035 ; 858 ; 1.093 ; 724 ; 850 ; 862 ; 811 ; 720 
27-Jan; 955 ; 1.345 ; 955 ; 1.336 ; 858 ; 1.263 ; 1.414 ; 1.678 ; 1.548 ; 1.180 ; 1.782 ; 1.364 ; 1.107 ; 892 ; 1.145 ; 1.158 ; 1.315 ; 1.134 ; 1.805 ; 948 ; 1.007 ; 971 ; 1.072 ; 909 ; 1.090 ; 927 ; 905 ; 882 ; 820 ; 720 
28-Jan; 956 ; 1.361 ; 954 ; 1.343 ; 861 ; 1.267 ; 1.417 ; 1.689 ; 1.554 ; 1.178 ; 1.782 ; 1.360 ; 1.110 ; 895 ; 1.146 ; 1.163 ; 1.315 ; 1.141 ; 1.805 ; 960 ; 1.005 ; 982 ; 1.105 ; 923 ; 1.090 ; 951 ; 901 ; 891 ; 816 ; 731 
29-Jan; 956 ; 1.362 ; 979 ; 1.355 ; 865 ; 1.270 ; 1.421 ; 1.689 ; 1.561 ; 1.171 ; 1.785 ; 1.391 ; 1.113 ; 901 ; 1.146 ; 1.158 ; 1.318 ; 1.139 ; 1.811 ; 961 ; 1.006 ; 991 ; 1.107 ; 933 ; 1.091 ; 947 ; 904 ; 917 ; 846 ; 741 
30-Jan; 971 ; 1.390 ; 988 ; 1.365 ; 872 ; 1.289 ; 1.435 ; 1.784 ; 1.579 ; 1.241 ; 1.797 ; 1.400 ; 1.118 ; 909 ; 1.159 ; 1.200 ; 1.375 ; 1.161 ; 1.885 ; 981 ; 1.037 ; 1.090 ; 1.180 ; 946 ; 1.125 ; 966 ; 854 ; 1.010 ; 892 ; 762 
31-Jan; 973 ; 1.392 ; 1.003 ; 1.373 ; 875 ; 1.298 ; 1.442 ; 1.789 ; 1.587 ; 1.251 ; 1.824 ; 1.417 ; 1.123 ; 926 ; 1.170 ; 1.206 ; 1.404 ; 1.166 ; 1.894 ; 985 ; 1.044 ; 1.087 ; 1.180 ; 952 ; 1.133 ; 965 ; 855 ; 1.008 ; 899 ; 764 
01-Feb; 977 ; 1.388 ; 992 ; 1.362 ; 871 ; 1.303 ; 1.447 ; 1.792 ; 1.595 ; 1.255 ; 1.823 ; 1.422 ; 1.132 ; 919 ; 1.171 ; 1.185 ; 1.368 ; 1.155 ; 1.864 ; 977 ; 1.044 ; 1.054 ; 1.148 ; 954 ; 1.139 ; 967 ; 852 ; 971 ; 893 ; 772 
02-Feb; 977 ; 1.388 ; 992 ; 1.362 ; 871 ; 1.303 ; 1.447 ; 1.792 ; 1.595 ; 1.255 ; 1.823 ; 1.422 ; 1.132 ; 919 ; 1.171 ; 1.185 ; 1.368 ; 1.155 ; 1.864 ; 977 ; 1.044 ; 1.054 ; 1.148 ; 954 ; 1.139 ; 967 ; 852 ; 971 ; 893 ; 772 
03-Feb; 971 ; 1.377 ; 987 ; 1.361 ; 869 ; 1.275 ; 1.437 ; 1.786 ; 1.594 ; 1.259 ; 1.816 ; 1.422 ; 1.139 ; 915 ; 1.166 ; 1.179 ; 1.347 ; 1.152 ; 1.861 ; 972 ; 1.035 ; 1.033 ; 1.147 ; 956 ; 1.133 ; 763 ; 796 ; 936 ; 869 ; 743 
04-Feb; 966 ; 1.372 ; 984 ; 1.359 ; 865 ; 1.274 ; 1.435 ; 1.784 ; 1.591 ; 1.256 ; 1.803 ; 1.424 ; 1.139 ; 912 ; 1.163 ; 1.178 ; 1.339 ; 1.151 ; 1.858 ; 966 ; 1.029 ; 1.031 ; 1.151 ; 935 ; 1.129 ; 757 ; 793 ; 913 ; 849 ; 727 
05-Feb; 968 ; 1.377 ; 981 ; 1.358 ; 865 ; 1.270 ; 1.429 ; 1.784 ; 1.592 ; 1.260 ; 1.825 ; 1.424 ; 1.129 ; 908 ; 1.166 ; 1.176 ; 1.330 ; 1.151 ; 1.851 ; 966 ; 1.028 ; 1.028 ; 1.151 ; 930 ; 1.127 ; 732 ; 793 ; 917 ; 854 ; 725 
06-Feb; 968 ; 1.381 ; 1.004 ; 1.357 ; 887 ; 1.308 ; 1.465 ; 1.821 ; 1.599 ; 1.188 ; 1.829 ; 1.443 ; 1.125 ; 939 ; 1.189 ; 1.213 ; 1.404 ; 1.162 ; 1.855 ; 971 ; 1.030 ; 1.021 ; 1.194 ; 924 ; 1.109 ; 734 ; 847 ; 928 ; 861 ; 745 
07-Feb; 964 ; 1.370 ; 989 ; 1.346 ; 875 ; 1.295 ; 1.452 ; 1.812 ; 1.598 ; 1.185 ; 1.833 ; 1.438 ; 1.121 ; 930 ; 1.184 ; 1.211 ; 1.384 ; 1.156 ; 1.844 ; 969 ; 1.029 ; 1.018 ; 1.188 ; 918 ; 1.102 ; 731 ; 844 ; 924 ; 859 ; 738 
08-Feb; 959 ; 1.366 ; 980 ; 1.342 ; 868 ; 1.283 ; 1.441 ; 1.807 ; 1.595 ; 1.179 ; 1.826 ; 1.430 ; 1.117 ; 922 ; 1.180 ; 1.207 ; 1.369 ; 1.152 ; 1.834 ; 966 ; 1.026 ; 1.014 ; 1.187 ; 913 ; 1.100 ; 729 ; 841 ; 921 ; 855 ; 734 
09-Feb; 962 ; 1.374 ; 961 ; 1.344 ; 862 ; 1.278 ; 1.436 ; 1.822 ; 1.584 ; 1.178 ; 1.815 ; 1.429 ; 1.114 ; 923 ; 1.168 ; 1.182 ; 1.353 ; 1.156 ; 1.834 ; 972 ; 1.025 ; 1.002 ; 1.127 ; 908 ; 1.101 ; 727 ; 843 ; 919 ; 814 ; 738 
10-Feb; 964 ; 1.376 ; 967 ; 1.353 ; 867 ; 1.277 ; 1.431 ; 1.841 ; 1.589 ; 1.189 ; 1.824 ; 1.423 ; 1.114 ; 916 ; 1.166 ; 1.181 ; 1.345 ; 1.148 ; 1.835 ; 969 ; 1.027 ; 992 ; 1.132 ; 905 ; 1.107 ; 724 ; 789 ; 885 ; 814 ; 711 
11-Feb; 961 ; 1.390 ; 1.003 ; 1.360 ; 897 ; 1.328 ; 1.500 ; 1.830 ; 1.580 ; 1.182 ; 1.809 ; 1.458 ; 1.118 ; 965 ; 1.192 ; 1.182 ; 1.434 ; 1.147 ; 1.830 ; 967 ; 1.032 ; 985 ; 1.126 ; 902 ; 1.104 ; 723 ; 787 ; 878 ; 812 ; 709 
12-Feb; 963 ; 1.386 ; 985 ; 1.365 ; 877 ; 1.294 ; 1.467 ; 1.815 ; 1.576 ; 1.186 ; 1.803 ; 1.441 ; 1.115 ; 938 ; 1.185 ; 1.181 ; 1.396 ; 1.147 ; 1.828 ; 973 ; 1.031 ; 981 ; 1.136 ; 899 ; 1.101 ; 722 ; 783 ; 878 ; 810 ; 705 
13-Feb; 971 ; 1.382 ; 974 ; 1.369 ; 882 ; 1.281 ; 1.445 ; 1.823 ; 1.578 ; 1.178 ; 1.805 ; 1.426 ; 1.120 ; 932 ; 1.187 ; 1.212 ; 1.380 ; 1.151 ; 1.834 ; 969 ; 1.035 ; 981 ; 1.123 ; 901 ; 1.103 ; 723 ; 796 ; 901 ; 812 ; 722 
14-Feb; 970 ; 1.376 ; 969 ; 1.366 ; 877 ; 1.276 ; 1.438 ; 1.820 ; 1.579 ; 1.180 ; 1.798 ; 1.426 ; 1.121 ; 929 ; 1.185 ; 1.214 ; 1.371 ; 1.145 ; 1.829 ; 968 ; 1.034 ; 978 ; 1.121 ; 892 ; 1.098 ; 721 ; 794 ; 898 ; 810 ; 717 
15-Feb; 963 ; 1.370 ; 963 ; 1.365 ; 871 ; 1.270 ; 1.428 ; 1.815 ; 1.571 ; 1.172 ; 1.792 ; 1.420 ; 1.114 ; 923 ; 1.182 ; 1.209 ; 1.360 ; 1.138 ; 1.821 ; 963 ; 1.030 ; 973 ; 1.118 ; 889 ; 1.095 ; 718 ; 789 ; 896 ; 807 ; 713 
16-Feb; 959 ; 1.364 ; 955 ; 1.358 ; 864 ; 1.261 ; 1.419 ; 1.810 ; 1.567 ; 1.167 ; 1.771 ; 1.418 ; 1.106 ; 918 ; 1.175 ; 1.202 ; 1.346 ; 1.131 ; 1.811 ; 955 ; 1.027 ; 967 ; 1.116 ; 882 ; 1.093 ; 715 ; 789 ; 892 ; 800 ; 710 
17-Feb; 954 ; 1.359 ; 946 ; 1.357 ; 858 ; 1.252 ; 1.410 ; 1.806 ; 1.565 ; 1.162 ; 1.756 ; 1.412 ; 1.100 ; 911 ; 1.166 ; 1.197 ; 1.336 ; 1.127 ; 1.803 ; 952 ; 1.023 ; 964 ; 1.115 ; 876 ; 1.087 ; 710 ; 788 ; 889 ; 799 ; 707 
19-Feb; 947 ; 1.354 ; 939 ; 1.364 ; 859 ; 1.246 ; 1.411 ; 1.798 ; 1.552 ; 1.162 ; 1.763 ; 1.397 ; 1.106 ; 902 ; 1.166 ; 1.161 ; 1.336 ; 1.125 ; 1.797 ; 955 ; 1.020 ; 976 ; 1.124 ; 883 ; 1.090 ; 709 ; 784 ; 877 ; 803 ; 691 
20-Feb; 947 ; 1.347 ; 936 ; 1.365 ; 858 ; 1.242 ; 1.406 ; 1.806 ; 1.547 ; 1.167 ; 1.765 ; 1.394 ; 1.107 ; 900 ; 1.159 ; 1.180 ; 1.333 ; 1.132 ; 1.794 ; 951 ; 1.020 ; 982 ; 1.122 ; 890 ; 1.102 ; 710 ; 858 ; 880 ; 803 ; 711 
21-Feb; 943 ; 1.341 ; 933 ; 1.363 ; 853 ; 1.241 ; 1.400 ; 1.801 ; 1.542 ; 1.163 ; 1.760 ; 1.396 ; 1.104 ; 902 ; 1.164 ; 1.176 ; 1.328 ; 1.129 ; 1.790 ; 950 ; 1.016 ; 979 ; 1.119 ; 891 ; 1.097 ; 708 ; 855 ; 877 ; 801 ; 708 
22-Feb; 938 ; 1.336 ; 927 ; 1.361 ; 847 ; 1.236 ; 1.390 ; 1.798 ; 1.540 ; 1.158 ; 1.753 ; 1.395 ; 1.101 ; 899 ; 1.159 ; 1.170 ; 1.322 ; 1.124 ; 1.783 ; 948 ; 1.017 ; 978 ; 1.119 ; 882 ; 1.095 ; 705 ; 854 ; 874 ; 801 ; 706 
23-Feb; 939 ; 1.339 ; 924 ; 1.373 ; 846 ; 1.233 ; 1.392 ; 1.804 ; 1.540 ; 1.159 ; 1.751 ; 1.389 ; 1.094 ; 897 ; 1.166 ; 1.160 ; 1.320 ; 1.125 ; 1.787 ; 946 ; 1.018 ; 965 ; 1.117 ; 891 ; 1.080 ; 702 ; 781 ; 867 ; 796 ; 700 
24-Feb; 937 ; 1.340 ; 923 ; 1.374 ; 845 ; 1.233 ; 1.390 ; 1.812 ; 1.535 ; 1.162 ; 1.754 ; 1.388 ; 1.098 ; 894 ; 1.160 ; 1.160 ; 1.322 ; 1.122 ; 1.782 ; 944 ; 1.012 ; 959 ; 1.111 ; 896 ; 1.075 ; 701 ; 779 ; 858 ; 795 ; 707 
25-Feb; 942 ; 1.344 ; 930 ; 1.377 ; 840 ; 1.232 ; 1.393 ; 1.804 ; 1.535 ; 1.173 ; 1.754 ; 1.385 ; 1.097 ; 892 ; 1.156 ; 1.164 ; 1.327 ; 1.118 ; 1.787 ; 945 ; 1.014 ; 979 ; 1.112 ; 910 ; 1.077 ; 856 ; 780 ; 873 ; 802 ; 710 
26-Feb; 949 ; 1.360 ; 929 ; 1.382 ; 840 ; 1.234 ; 1.390 ; 1.809 ; 1.540 ; 1.162 ; 1.755 ; 1.379 ; 1.098 ; 896 ; 1.160 ; 1.162 ; 1.326 ; 1.116 ; 1.814 ; 951 ; 1.021 ; 1.059 ; 1.114 ; 918 ; 1.078 ; 878 ; 781 ; 882 ; 811 ; 721 
27-Feb; 964 ; 1.366 ; 955 ; 1.379 ; 839 ; 1.260 ; 1.410 ; 1.844 ; 1.564 ; 1.201 ; 1.773 ; 1.393 ; 1.106 ; 910 ; 1.166 ; 1.231 ; 1.375 ; 1.135 ; 1.861 ; 963 ; 1.038 ; 1.120 ; 1.155 ; 929 ; 1.196 ; 969 ; 797 ; 992 ; 943 ; 735 
28-Feb; 967 ; 1.375 ; 966 ; 1.382 ; 844 ; 1.268 ; 1.419 ; 1.854 ; 1.569 ; 1.212 ; 1.795 ; 1.417 ; 1.109 ; 926 ; 1.180 ; 1.240 ; 1.403 ; 1.146 ; 1.868 ; 976 ; 1.048 ; 1.104 ; 1.222 ; 919 ; 1.196 ; 970 ; 811 ; 993 ; 945 ; 729 
;;;;;;;;;;;;;;;;;;;;;;;;;;;;;;
01-Mar; 967 ; 1.392 ; 965 ; 1.404 ; 845 ; 1.272 ; 1.430 ; 1.860 ; 1.558 ; 1.213 ; 1.803 ; 1.422 ; 1.119 ; 927 ; 1.180 ; 1.196 ; 1.373 ; 1.146 ; 1.869 ; 982 ; 1.057 ; 1.083 ; 1.161 ; 924 ; 1.227 ; 896 ; 866 ; 983 ; 949 ; 742 
02-Mar; 967 ; 1.392 ; 965 ; 1.404 ; 845 ; 1.272 ; 1.430 ; 1.860 ; 1.558 ; 1.213 ; 1.803 ; 1.422 ; 1.119 ; 927 ; 1.180 ; 1.196 ; 1.373 ; 1.146 ; 1.869 ; 982 ; 1.057 ; 1.083 ; 1.161 ; 924 ; 1.227 ; 896 ; 866 ; 983 ; 949 ; 742 
03-Mar; 967 ; 1.381 ; 964 ; 1.411 ; 837 ; 1.250 ; 1.428 ; 1.854 ; 1.539 ; 1.208 ; 1.801 ; 1.418 ; 1.116 ; 917 ; 1.175 ; 1.189 ; 1.366 ; 1.143 ; 1.869 ; 969 ; 1.038 ; 1.069 ; 1.164 ; 919 ; 1.232 ; 894 ; 867 ; 940 ; 867 ; 737 
04-Mar; 956 ; 1.371 ; 963 ; 1.409 ; 837 ; 1.252 ; 1.419 ; 1.842 ; 1.528 ; 1.208 ; 1.763 ; 1.418 ; 1.111 ; 918 ; 1.176 ; 1.187 ; 1.355 ; 1.144 ; 1.861 ; 962 ; 1.021 ; 1.059 ; 1.165 ; 908 ; 1.219 ; 743 ; 870 ; 950 ; 860 ; 709 
05-Mar; 970 ; 1.380 ; 968 ; 1.417 ; 842 ; 1.264 ; 1.434 ; 1.866 ; 1.545 ; 1.228 ; 1.806 ; 1.436 ; 1.125 ; 925 ; 1.187 ; 1.199 ; 1.379 ; 1.155 ; 1.872 ; 969 ; 1.031 ; 1.077 ; 1.165 ; 919 ; 1.237 ; 758 ; 856 ; 932 ; 869 ; 720 
06-Mar; 994 ; 1.397 ; 964 ; 1.428 ; 853 ; 1.274 ; 1.446 ; 1.874 ; 1.550 ; 1.200 ; 1.806 ; 1.440 ; 1.125 ; 937 ; 1.188 ; 1.217 ; 1.384 ; 1.168 ; 1.877 ; 980 ; 1.044 ; 1.079 ; 1.162 ; 920 ; 1.218 ; 729 ; 854 ; 928 ; 872 ; 730 
07-Mar; 989 ; 1.393 ; 961 ; 1.431 ; 851 ; 1.270 ; 1.442 ; 1.876 ; 1.550 ; 1.199 ; 1.796 ; 1.441 ; 1.126 ; 939 ; 1.190 ; 1.216 ; 1.383 ; 1.169 ; 1.872 ; 979 ; 1.041 ; 1.070 ; 1.160 ; 910 ; 1.212 ; 723 ; 854 ; 925 ; 866 ; 723 
08-Mar; 982 ; 1.388 ; 954 ; 1.433 ; 848 ; 1.264 ; 1.436 ; 1.871 ; 1.547 ; 1.193 ; 1.788 ; 1.436 ; 1.117 ; 936 ; 1.186 ; 1.207 ; 1.375 ; 1.166 ; 1.857 ; 972 ; 1.034 ; 1.062 ; 1.158 ; 899 ; 1.207 ; 719 ; 850 ; 922 ; 862 ; 720 
09-Mar; 986 ; 1.384 ; 953 ; 1.425 ; 844 ; 1.268 ; 1.435 ; 1.917 ; 1.546 ; 1.196 ; 1.790 ; 1.439 ; 1.121 ; 939 ; 1.187 ; 1.209 ; 1.379 ; 1.176 ; 1.886 ; 978 ; 1.039 ; 1.069 ; 1.165 ; 922 ; 1.213 ; 725 ; 810 ; 898 ; 829 ; 721 
10-Mar; 992 ; 1.385 ; 973 ; 1.436 ; 857 ; 1.273 ; 1.442 ; 1.904 ; 1.558 ; 1.212 ; 1.826 ; 1.453 ; 1.131 ; 932 ; 1.185 ; 1.212 ; 1.380 ; 1.181 ; 1.898 ; 985 ; 1.043 ; 1.101 ; 1.165 ; 925 ; 1.214 ; 728 ; 820 ; 906 ; 837 ; 721 
11-Mar; 990 ; 1.385 ; 970 ; 1.445 ; 849 ; 1.267 ; 1.442 ; 1.901 ; 1.556 ; 1.204 ; 1.807 ; 1.452 ; 1.121 ; 932 ; 1.182 ; 1.210 ; 1.375 ; 1.181 ; 1.900 ; 980 ; 1.052 ; 1.103 ; 1.167 ; 923 ; 1.214 ; 727 ; 822 ; 900 ; 836 ; 719 
12-Mar; 993 ; 1.386 ; 972 ; 1.444 ; 846 ; 1.272 ; 1.440 ; 1.909 ; 1.557 ; 1.206 ; 1.797 ; 1.459 ; 1.120 ; 936 ; 1.182 ; 1.204 ; 1.387 ; 1.187 ; 1.897 ; 982 ; 1.059 ; 1.130 ; 1.169 ; 924 ; 1.212 ; 727 ; 815 ; 914 ; 839 ; 720 
13-Mar; 996 ; 1.393 ; 1.010 ; 1.454 ; 862 ; 1.279 ; 1.452 ; 1.928 ; 1.558 ; 1.208 ; 1.803 ; 1.466 ; 1.129 ; 942 ; 1.190 ; 1.224 ; 1.409 ; 1.198 ; 1.913 ; 992 ; 1.063 ; 1.134 ; 1.163 ; 938 ; 1.219 ; 731 ; 825 ; 921 ; 843 ; 717 
14-Mar; 996 ; 1.393 ; 1.010 ; 1.454 ; 862 ; 1.279 ; 1.452 ; 1.928 ; 1.558 ; 1.208 ; 1.803 ; 1.466 ; 1.129 ; 942 ; 1.190 ; 1.224 ; 1.409 ; 1.198 ; 1.913 ; 992 ; 1.063 ; 1.134 ; 1.163 ; 938 ; 1.219 ; 731 ; 825 ; 921 ; 843 ; 717 
15-Mar; 996 ; 1.393 ; 1.010 ; 1.454 ; 862 ; 1.279 ; 1.452 ; 1.928 ; 1.558 ; 1.208 ; 1.803 ; 1.466 ; 1.129 ; 942 ; 1.190 ; 1.224 ; 1.409 ; 1.198 ; 1.913 ; 992 ; 1.063 ; 1.134 ; 1.163 ; 938 ; 1.219 ; 731 ; 825 ; 921 ; 843 ; 717 
16-Mar; 992 ; 1.391 ; 1.008 ; 1.447 ; 862 ; 1.277 ; 1.445 ; 1.917 ; 1.552 ; 1.196 ; 1.808 ; 1.476 ; 1.121 ; 949 ; 1.197 ; 1.263 ; 1.398 ; 1.201 ; 1.894 ; 1.012 ; 1.068 ; 1.097 ; 1.160 ; 924 ; 1.215 ; 724 ; 828 ; 902 ; 838 ; 723 
17-Mar; 1.001 ; 1.396 ; 1.009 ; 1.454 ; 862 ; 1.287 ; 1.456 ; 1.938 ; 1.559 ; 1.201 ; 1.816 ; 1.505 ; 1.142 ; 951 ; 1.204 ; 1.286 ; 1.407 ; 1.213 ; 1.905 ; 995 ; 1.074 ; 1.106 ; 1.164 ; 922 ; 1.234 ; 727 ; 856 ; 904 ; 903 ; 746 
18-Mar; 994 ; 1.391 ; 1.001 ; 1.448 ; 858 ; 1.281 ; 1.449 ; 1.932 ; 1.558 ; 1.196 ; 1.804 ; 1.505 ; 1.133 ; 950 ; 1.201 ; 1.284 ; 1.398 ; 1.211 ; 1.900 ; 989 ; 1.071 ; 1.095 ; 1.164 ; 917 ; 1.230 ; 725 ; 854 ; 904 ; 900 ; 741 
19-Mar; 987 ; 1.384 ; 997 ; 1.447 ; 857 ; 1.275 ; 1.443 ; 1.928 ; 1.551 ; 1.188 ; 1.805 ; 1.511 ; 1.128 ; 951 ; 1.196 ; 1.278 ; 1.390 ; 1.210 ; 1.891 ; 982 ; 1.070 ; 1.087 ; 1.164 ; 911 ; 1.227 ; 722 ; 853 ; 899 ; 897 ; 737 
20-Mar; 981 ; 1.380 ; 991 ; 1.443 ; 853 ; 1.266 ; 1.436 ; 1.930 ; 1.549 ; 1.182 ; 1.794 ; 1.503 ; 1.122 ; 954 ; 1.192 ; 1.270 ; 1.382 ; 1.205 ; 1.880 ; 976 ; 1.064 ; 1.077 ; 1.162 ; 904 ; 1.222 ; 718 ; 856 ; 899 ; 892 ; 732 
21-Mar; 978 ; 1.377 ; 987 ; 1.443 ; 853 ; 1.264 ; 1.432 ; 1.931 ; 1.548 ; 1.181 ; 1.789 ; 1.499 ; 1.120 ; 953 ; 1.189 ; 1.266 ; 1.380 ; 1.203 ; 1.877 ; 974 ; 1.063 ; 1.072 ; 1.162 ; 902 ; 1.219 ; 717 ; 855 ; 898 ; 890 ; 730 
22-Mar; 975 ; 1.373 ; 983 ; 1.440 ; 854 ; 1.260 ; 1.428 ; 1.932 ; 1.545 ; 1.179 ; 1.782 ; 1.496 ; 1.116 ; 951 ; 1.185 ; 1.263 ; 1.376 ; 1.201 ; 1.870 ; 970 ; 1.062 ; 1.067 ; 1.161 ; 898 ; 1.216 ; 716 ; 852 ; 896 ; 888 ; 728 
23-Mar; 970 ; 1.360 ; 978 ; 1.434 ; 852 ; 1.256 ; 1.424 ; 1.934 ; 1.540 ; 1.176 ; 1.774 ; 1.491 ; 1.114 ; 948 ; 1.181 ; 1.259 ; 1.369 ; 1.198 ; 1.861 ; 968 ; 1.060 ; 1.064 ; 1.161 ; 893 ; 1.215 ; 715 ; 851 ; 896 ; 886 ; 726 
24-Mar; 964 ; 1.351 ; 971 ; 1.414 ; 850 ; 1.251 ; 1.418 ; 1.923 ; 1.535 ; 1.170 ; 1.765 ; 1.487 ; 1.112 ; 941 ; 1.177 ; 1.252 ; 1.361 ; 1.193 ; 1.852 ; 963 ; 1.055 ; 1.057 ; 1.157 ; 889 ; 1.212 ; 714 ; 848 ; 893 ; 884 ; 725 
25-Mar; 966 ; 1.353 ; 977 ; 1.407 ; 842 ; 1.251 ; 1.421 ; 1.933 ; 1.539 ; 1.171 ; 1.775 ; 1.495 ; 1.110 ; 933 ; 1.188 ; 1.257 ; 1.366 ; 1.191 ; 1.852 ; 964 ; 1.058 ; 1.060 ; 1.166 ; 907 ; 1.213 ; 729 ; 838 ; 890 ; 885 ; 730 
26-Mar; 964 ; 1.360 ; 981 ; 1.404 ; 845 ; 1.250 ; 1.420 ; 1.932 ; 1.547 ; 1.169 ; 1.779 ; 1.490 ; 1.112 ; 931 ; 1.188 ; 1.259 ; 1.362 ; 1.192 ; 1.851 ; 968 ; 1.067 ; 1.054 ; 1.165 ; 919 ; 1.238 ; 733 ; 842 ; 890 ; 883 ; 730 
27-Mar; 968 ; 1.366 ; 982 ; 1.401 ; 843 ; 1.255 ; 1.428 ; 1.933 ; 1.553 ; 1.176 ; 1.792 ; 1.496 ; 1.118 ; 937 ; 1.191 ; 1.259 ; 1.372 ; 1.198 ; 1.858 ; 972 ; 1.066 ; 1.062 ; 1.167 ; 923 ; 1.270 ; 729 ; 844 ; 902 ; 884 ; 741 
28-Mar; 966 ; 1.372 ; 980 ; 1.404 ; 847 ; 1.253 ; 1.429 ; 1.930 ; 1.559 ; 1.175 ; 1.787 ; 1.498 ; 1.116 ; 936 ; 1.190 ; 1.259 ; 1.370 ; 1.198 ; 1.852 ; 971 ; 1.065 ; 1.061 ; 1.167 ; 922 ; 1.269 ; 729 ; 842 ; 900 ; 884 ; 739 
29-Mar; 964 ; 1.368 ; 975 ; 1.410 ; 845 ; 1.248 ; 1.425 ; 1.923 ; 1.552 ; 1.173 ; 1.783 ; 1.496 ; 1.110 ; 937 ; 1.186 ; 1.256 ; 1.366 ; 1.193 ; 1.844 ; 969 ; 1.064 ; 1.056 ; 1.169 ; 917 ; 1.269 ; 727 ; 840 ; 897 ; 881 ; 737 
30-Mar; 969 ; 1.371 ; 984 ; 1.406 ; 843 ; 1.256 ; 1.427 ; 1.922 ; 1.558 ; 1.186 ; 1.782 ; 1.485 ; 1.110 ; 933 ; 1.188 ; 1.244 ; 1.372 ; 1.191 ; 1.842 ; 970 ; 1.061 ; 1.044 ; 1.174 ; 933 ; 1.279 ; 732 ; 830 ; 903 ; 882 ; 762 
31-Mar; 980 ; 1.390 ; 1.016 ; 1.420 ; 863 ; 1.289 ; 1.445 ; 1.942 ; 1.583 ; 1.225 ; 1.833 ; 1.512 ; 1.122 ; 960 ; 1.207 ; 1.276 ; 1.446 ; 1.218 ; 1.922 ; 1.001 ; 1.074 ; 1.092 ; 1.262 ; 959 ; 1.291 ; 757 ; 840 ; 995 ; 913 ; 774 
01-Apr; 988 ; 1.386 ; 1.028 ; 1.426 ; 858 ; 1.303 ; 1.457 ; 1.944 ; 1.583 ; 1.214 ; 1.825 ; 1.512 ; 1.143 ; 955 ; 1.209 ; 1.224 ; 1.414 ; 1.222 ; 1.969 ; 1.002 ; 1.078 ; 1.112 ; 1.211 ; 954 ; 1.309 ; 764 ; 839 ; 958 ; 913 ; 793 
02-Apr; 978 ; 1.378 ; 1.029 ; 1.430 ; 860 ; 1.308 ; 1.462 ; 1.939 ; 1.580 ; 1.211 ; 1.853 ; 1.492 ; 1.136 ; 958 ; 1.200 ; 1.208 ; 1.402 ; 1.214 ; 1.934 ; 1.002 ; 1.076 ; 1.089 ; 1.171 ; 945 ; 1.277 ; 744 ; 838 ; 929 ; 843 ; 773 
03-Apr; 969 ; 1.380 ; 1.020 ; 1.441 ; 856 ; 1.298 ; 1.461 ; 1.935 ; 1.571 ; 1.210 ; 1.838 ; 1.480 ; 1.129 ; 951 ; 1.197 ; 1.199 ; 1.391 ; 1.207 ; 1.919 ; 995 ; 1.071 ; 1.078 ; 1.167 ; 942 ; 1.269 ; 740 ; 834 ; 924 ; 838 ; 766 
04-Apr; 962 ; 1.376 ; 1.012 ; 1.438 ; 854 ; 1.293 ; 1.452 ; 1.941 ; 1.564 ; 1.204 ; 1.824 ; 1.475 ; 1.123 ; 937 ; 1.192 ; 1.188 ; 1.383 ; 1.198 ; 1.908 ; 987 ; 1.065 ; 1.069 ; 1.164 ; 936 ; 1.262 ; 737 ; 832 ; 919 ; 833 ; 759 
05-Apr; 956 ; 1.379 ; 1.006 ; 1.443 ; 856 ; 1.286 ; 1.451 ; 1.932 ; 1.557 ; 1.199 ; 1.813 ; 1.467 ; 1.116 ; 932 ; 1.190 ; 1.179 ; 1.376 ; 1.191 ; 1.896 ; 982 ; 1.061 ; 1.062 ; 1.163 ; 931 ; 1.261 ; 733 ; 829 ; 914 ; 831 ; 753 
06-Apr; 960 ; 1.375 ; 1.003 ; 1.440 ; 855 ; 1.282 ; 1.454 ; 1.939 ; 1.552 ; 1.201 ; 1.811 ; 1.464 ; 1.118 ; 933 ; 1.188 ; 1.183 ; 1.385 ; 1.192 ; 1.890 ; 979 ; 1.058 ; 1.047 ; 1.136 ; 924 ; 1.227 ; 720 ; 835 ; 907 ; 830 ; 744 
07-Apr; 961 ; 1.368 ; 1.010 ; 1.427 ; 858 ; 1.277 ; 1.450 ; 1.929 ; 1.559 ; 1.190 ; 1.796 ; 1.468 ; 1.125 ; 929 ; 1.190 ; 1.173 ; 1.370 ; 1.188 ; 1.889 ; 976 ; 1.052 ; 1.039 ; 1.126 ; 915 ; 1.220 ; 715 ; 826 ; 905 ; 811 ; 726 
08-Apr; 963 ; 1.385 ; 1.011 ; 1.434 ; 854 ; 1.274 ; 1.454 ; 1.924 ; 1.534 ; 1.177 ; 1.796 ; 1.471 ; 1.114 ; 932 ; 1.189 ; 1.166 ; 1.369 ; 1.194 ; 1.877 ; 981 ; 1.051 ; 1.032 ; 1.111 ; 922 ; 1.220 ; 715 ; 826 ; 904 ; 813 ; 725 
