UKER;KC Purwakarta;KC Subang;KC Indramayu;KC Jatibarang;KC Pamanukan;KC Sumedang;KC Majalengka;KC Cirebon Gunung Jati;KC Kuningan;KC Cirebon Kartini;KC Singaparna;KC Tasikmalaya;KC Garut;KC Ciamis;KC Banjar;KC Cibadak;KC Sukabumi;KC Cimahi;KC Cianjur;KC Soreang;KC Majalaya;KC Bandung Sukarno Hatta;KC Bandung A.H. Nasution;KC Bandung Dewi Sartika;KC Bandung Setiabudi;KC Bandung Naripan;KC Bandung Kopo;KC Bandung Dago;KC Bandung Martadinata;KC Bandung AA
01-Dec;GIRO; 151 ; 57 ; 85 ; 32 ; 59 ; 39 ; 89 ; 84 ; 73 ; 172 ; 110 ; 99 ; 135 ; 75 ; 51 ; 54 ; 81 ; 90 ; 46 ; 55 ; 13 ; 94 ; 119 ; 219 ; 67 ; 224 ; 57 ; 98 ; 185 ; 228 
02-Dec;GIRO; 145 ; 54 ; 82 ; 31 ; 57 ; 38 ; 85 ; 81 ; 70 ; 165 ; 106 ; 95 ; 130 ; 71 ; 49 ; 52 ; 78 ; 86 ; 44 ; 53 ; 13 ; 90 ; 114 ; 210 ; 64 ; 215 ; 55 ; 94 ; 178 ; 218 
03-Dec;GIRO; 147 ; 55 ; 83 ; 31 ; 57 ; 38 ; 86 ; 81 ; 71 ; 166 ; 106 ; 96 ; 131 ; 72 ; 49 ; 53 ; 78 ; 87 ; 44 ; 53 ; 13 ; 91 ; 115 ; 212 ; 64 ; 217 ; 55 ; 95 ; 179 ; 220 
04-Dec;GIRO; 146 ; 54 ; 82 ; 31 ; 57 ; 38 ; 85 ; 81 ; 71 ; 165 ; 106 ; 95 ; 130 ; 72 ; 49 ; 52 ; 78 ; 86 ; 44 ; 53 ; 13 ; 90 ; 114 ; 210 ; 64 ; 215 ; 55 ; 94 ; 178 ; 219 
05-Dec;GIRO; 141 ; 53 ; 80 ; 30 ; 55 ; 37 ; 83 ; 78 ; 69 ; 160 ; 103 ; 92 ; 126 ; 70 ; 48 ; 51 ; 75 ; 84 ; 43 ; 51 ; 12 ; 88 ; 111 ; 204 ; 62 ; 209 ; 53 ; 92 ; 173 ; 212 
06-Dec;GIRO; 142 ; 53 ; 80 ; 30 ; 56 ; 37 ; 83 ; 79 ; 69 ; 161 ; 103 ; 93 ; 127 ; 70 ; 48 ; 51 ; 76 ; 84 ; 43 ; 51 ; 12 ; 88 ; 111 ; 205 ; 62 ; 210 ; 54 ; 92 ; 174 ; 213 
07-Dec;GIRO; 143 ; 54 ; 81 ; 30 ; 56 ; 37 ; 84 ; 79 ; 69 ; 162 ; 104 ; 93 ; 128 ; 70 ; 48 ; 51 ; 76 ; 85 ; 43 ; 52 ; 12 ; 89 ; 112 ; 206 ; 63 ; 211 ; 54 ; 93 ; 175 ; 215 
08-Dec;GIRO; 143 ; 54 ; 81 ; 30 ; 56 ; 37 ; 84 ; 79 ; 69 ; 162 ; 104 ; 93 ; 128 ; 70 ; 48 ; 51 ; 76 ; 85 ; 43 ; 52 ; 12 ; 89 ; 112 ; 207 ; 63 ; 211 ; 54 ; 93 ; 175 ; 215 
09-Dec;GIRO; 144 ; 54 ; 81 ; 30 ; 56 ; 37 ; 84 ; 80 ; 70 ; 163 ; 105 ; 94 ; 129 ; 71 ; 49 ; 52 ; 77 ; 85 ; 43 ; 52 ; 13 ; 89 ; 113 ; 208 ; 63 ; 213 ; 54 ; 93 ; 176 ; 216 
10-Dec;GIRO; 141 ; 53 ; 80 ; 30 ; 55 ; 37 ; 83 ; 78 ; 69 ; 160 ; 103 ; 92 ; 126 ; 70 ; 48 ; 51 ; 75 ; 84 ; 42 ; 51 ; 12 ; 88 ; 111 ; 204 ; 62 ; 209 ; 53 ; 92 ; 173 ; 212 
11-Dec;GIRO; 141 ; 53 ; 79 ; 30 ; 55 ; 36 ; 82 ; 78 ; 68 ; 160 ; 102 ; 92 ; 126 ; 69 ; 47 ; 51 ; 75 ; 83 ; 42 ; 51 ; 12 ; 87 ; 111 ; 203 ; 62 ; 208 ; 53 ; 91 ; 172 ; 211 
12-Dec;GIRO; 141 ; 53 ; 80 ; 30 ; 55 ; 37 ; 83 ; 78 ; 69 ; 161 ; 103 ; 92 ; 126 ; 70 ; 48 ; 51 ; 76 ; 84 ; 43 ; 51 ; 12 ; 88 ; 111 ; 204 ; 62 ; 209 ; 53 ; 92 ; 173 ; 213 
13-Dec;GIRO; 142 ; 53 ; 80 ; 30 ; 56 ; 37 ; 83 ; 79 ; 69 ; 162 ; 103 ; 93 ; 127 ; 70 ; 48 ; 51 ; 76 ; 84 ; 43 ; 51 ; 12 ; 88 ; 112 ; 205 ; 63 ; 210 ; 54 ; 92 ; 174 ; 214 
14-Dec;GIRO; 144 ; 54 ; 81 ; 30 ; 56 ; 37 ; 84 ; 80 ; 70 ; 163 ; 104 ; 94 ; 128 ; 71 ; 48 ; 52 ; 77 ; 85 ; 43 ; 52 ; 13 ; 89 ; 113 ; 207 ; 63 ; 212 ; 54 ; 93 ; 176 ; 216 
15-Dec;GIRO; 146 ; 55 ; 82 ; 31 ; 57 ; 38 ; 85 ; 81 ; 71 ; 166 ; 106 ; 95 ; 130 ; 72 ; 49 ; 52 ; 78 ; 86 ; 44 ; 53 ; 13 ; 90 ; 115 ; 211 ; 64 ; 216 ; 55 ; 95 ; 178 ; 219 
16-Dec;GIRO; 143 ; 54 ; 81 ; 30 ; 56 ; 37 ; 84 ; 79 ; 69 ; 162 ; 104 ; 93 ; 128 ; 70 ; 48 ; 51 ; 76 ; 85 ; 43 ; 52 ; 13 ; 89 ; 112 ; 207 ; 63 ; 211 ; 54 ; 93 ; 175 ; 215 
17-Dec;GIRO; 141 ; 53 ; 80 ; 30 ; 55 ; 37 ; 83 ; 78 ; 69 ; 160 ; 103 ; 92 ; 126 ; 69 ; 48 ; 51 ; 75 ; 84 ; 42 ; 51 ; 12 ; 87 ; 111 ; 204 ; 62 ; 209 ; 53 ; 92 ; 173 ; 212 
18-Dec;GIRO; 143 ; 54 ; 81 ; 30 ; 56 ; 37 ; 84 ; 79 ; 69 ; 162 ; 104 ; 93 ; 128 ; 70 ; 48 ; 51 ; 76 ; 85 ; 43 ; 52 ; 12 ; 89 ; 112 ; 206 ; 63 ; 211 ; 54 ; 93 ; 175 ; 215 
19-Dec;GIRO; 143 ; 54 ; 81 ; 30 ; 56 ; 37 ; 84 ; 80 ; 70 ; 163 ; 104 ; 94 ; 128 ; 71 ; 48 ; 52 ; 77 ; 85 ; 43 ; 52 ; 13 ; 89 ; 113 ; 207 ; 63 ; 212 ; 54 ; 93 ; 176 ; 216 
20-Dec;GIRO; 145 ; 54 ; 82 ; 31 ; 57 ; 38 ; 85 ; 80 ; 70 ; 164 ; 105 ; 94 ; 129 ; 71 ; 49 ; 52 ; 77 ; 86 ; 44 ; 52 ; 13 ; 90 ; 114 ; 209 ; 64 ; 214 ; 55 ; 94 ; 177 ; 218 
21-Dec;GIRO; 146 ; 55 ; 82 ; 31 ; 57 ; 38 ; 85 ; 81 ; 71 ; 165 ; 106 ; 95 ; 130 ; 72 ; 49 ; 52 ; 78 ; 86 ; 44 ; 53 ; 13 ; 90 ; 114 ; 210 ; 64 ; 215 ; 55 ; 94 ; 178 ; 219 
22-Dec;GIRO; 145 ; 54 ; 82 ; 31 ; 57 ; 37 ; 85 ; 80 ; 70 ; 164 ; 105 ; 94 ; 129 ; 71 ; 49 ; 52 ; 77 ; 86 ; 43 ; 52 ; 13 ; 90 ; 114 ; 209 ; 64 ; 214 ; 55 ; 94 ; 177 ; 217 
23-Dec;GIRO; 141 ; 53 ; 79 ; 30 ; 55 ; 36 ; 82 ; 78 ; 68 ; 160 ; 102 ; 92 ; 126 ; 69 ; 47 ; 51 ; 75 ; 83 ; 42 ; 51 ; 12 ; 87 ; 111 ; 203 ; 62 ; 208 ; 53 ; 91 ; 172 ; 211 
24-Dec;GIRO; 146 ; 55 ; 82 ; 31 ; 57 ; 38 ; 86 ; 81 ; 71 ; 166 ; 106 ; 95 ; 131 ; 72 ; 49 ; 53 ; 78 ; 87 ; 44 ; 53 ; 13 ; 91 ; 115 ; 211 ; 64 ; 216 ; 55 ; 95 ; 179 ; 220 
25-Dec;GIRO; 147 ; 55 ; 83 ; 31 ; 58 ; 38 ; 86 ; 82 ; 71 ; 167 ; 107 ; 96 ; 131 ; 72 ; 50 ; 53 ; 79 ; 87 ; 44 ; 53 ; 13 ; 91 ; 116 ; 212 ; 65 ; 217 ; 56 ; 95 ; 180 ; 221 
26-Dec;GIRO; 147 ; 55 ; 83 ; 31 ; 58 ; 38 ; 86 ; 82 ; 72 ; 167 ; 107 ; 96 ; 132 ; 73 ; 50 ; 53 ; 79 ; 87 ; 44 ; 53 ; 13 ; 91 ; 116 ; 213 ; 65 ; 218 ; 56 ; 96 ; 180 ; 222 
27-Dec;GIRO; 148 ; 56 ; 84 ; 31 ; 58 ; 38 ; 87 ; 82 ; 72 ; 169 ; 108 ; 97 ; 133 ; 73 ; 50 ; 53 ; 79 ; 88 ; 45 ; 54 ; 13 ; 92 ; 117 ; 214 ; 65 ; 219 ; 56 ; 96 ; 182 ; 223 
28-Dec;GIRO; 149 ; 56 ; 84 ; 31 ; 58 ; 39 ; 87 ; 82 ; 72 ; 169 ; 108 ; 97 ; 133 ; 73 ; 50 ; 53 ; 79 ; 88 ; 45 ; 54 ; 13 ; 92 ; 117 ; 215 ; 65 ; 220 ; 56 ; 96 ; 182 ; 224 
29-Dec;GIRO; 150 ; 56 ; 84 ; 32 ; 59 ; 39 ; 88 ; 83 ; 73 ; 170 ; 109 ; 98 ; 134 ; 74 ; 50 ; 54 ; 80 ; 89 ; 45 ; 54 ; 13 ; 93 ; 118 ; 216 ; 66 ; 221 ; 57 ; 97 ; 183 ; 225 
30-Dec;GIRO; 152 ; 57 ; 86 ; 32 ; 60 ; 39 ; 89 ; 84 ; 74 ; 173 ; 110 ; 99 ; 136 ; 75 ; 51 ; 55 ; 81 ; 90 ; 46 ; 55 ; 13 ; 94 ; 119 ; 220 ; 67 ; 225 ; 57 ; 99 ; 186 ; 228 
31-Dec;GIRO; 169 ; 63 ; 95 ; 36 ; 66 ; 44 ; 99 ; 94 ; 82 ; 192 ; 123 ; 110 ; 151 ; 83 ; 57 ; 61 ; 90 ; 100 ; 51 ; 61 ; 15 ; 105 ; 133 ; 244 ; 74 ; 249 ; 64 ; 109 ; 206 ; 254 
;;;;;;;;;;;;;;;;;;;;;;;;;;;;;;
01-Jan;GIRO; 175 ; 91 ; 79 ; 29 ; 71 ; 40 ; 102 ; 98 ; 63 ; 211 ; 52 ; 103 ; 99 ; 75 ; 59 ; 57 ; 89 ; 81 ; 45 ; 70 ; 17 ; 187 ; 144 ; 205 ; 93 ; 223 ; 68 ; 106 ; 106 ; 257 
02-Jan;GIRO; 190 ; 99 ; 85 ; 32 ; 77 ; 43 ; 110 ; 106 ; 68 ; 228 ; 56 ; 111 ; 107 ; 82 ; 64 ; 62 ; 96 ; 88 ; 49 ; 76 ; 18 ; 202 ; 156 ; 222 ; 100 ; 241 ; 73 ; 114 ; 114 ; 278 
03-Jan;GIRO; 190 ; 99 ; 86 ; 32 ; 77 ; 43 ; 110 ; 106 ; 68 ; 228 ; 56 ; 111 ; 107 ; 82 ; 64 ; 62 ; 96 ; 88 ; 49 ; 76 ; 18 ; 202 ; 156 ; 222 ; 100 ; 242 ; 73 ; 115 ; 115 ; 278 
04-Jan;GIRO; 191 ; 99 ; 86 ; 32 ; 77 ; 43 ; 111 ; 107 ; 69 ; 229 ; 57 ; 112 ; 107 ; 82 ; 64 ; 62 ; 96 ; 88 ; 49 ; 76 ; 18 ; 203 ; 157 ; 224 ; 101 ; 243 ; 74 ; 115 ; 115 ; 279 
05-Jan;GIRO; 162 ; 84 ; 73 ; 27 ; 65 ; 37 ; 94 ; 91 ; 58 ; 194 ; 48 ; 95 ; 91 ; 70 ; 55 ; 53 ; 82 ; 75 ; 42 ; 64 ; 15 ; 172 ; 133 ; 190 ; 85 ; 206 ; 62 ; 98 ; 98 ; 237 
06-Jan;GIRO; 167 ; 87 ; 75 ; 28 ; 68 ; 38 ; 97 ; 94 ; 60 ; 201 ; 50 ; 98 ; 94 ; 72 ; 57 ; 55 ; 84 ; 77 ; 43 ; 67 ; 16 ; 178 ; 138 ; 196 ; 88 ; 213 ; 65 ; 101 ; 101 ; 245 
07-Jan;GIRO; 165 ; 86 ; 74 ; 27 ; 67 ; 37 ; 96 ; 92 ; 59 ; 198 ; 49 ; 96 ; 93 ; 71 ; 56 ; 54 ; 83 ; 76 ; 43 ; 66 ; 16 ; 176 ; 136 ; 193 ; 87 ; 210 ; 64 ; 100 ; 100 ; 242 
08-Jan;GIRO; 167 ; 89 ; 70 ; 28 ; 84 ; 39 ; 97 ; 91 ; 63 ; 200 ; 46 ; 99 ; 94 ; 71 ; 57 ; 54 ; 85 ; 68 ; 36 ; 60 ; 15 ; 164 ; 142 ; 180 ; 88 ; 217 ; 64 ; 90 ; 93 ; 244 
09-Jan;GIRO; 160 ; 82 ; 69 ; 30 ; 70 ; 38 ; 96 ; 91 ; 53 ; 185 ; 46 ; 100 ; 102 ; 71 ; 58 ; 53 ; 83 ; 70 ; 36 ; 60 ; 15 ; 160 ; 141 ; 174 ; 88 ; 216 ; 64 ; 89 ; 91 ; 246 
10-Jan;GIRO; 159 ; 83 ; 70 ; 30 ; 67 ; 40 ; 95 ; 92 ; 53 ; 188 ; 47 ; 102 ; 101 ; 71 ; 58 ; 52 ; 85 ; 70 ; 35 ; 60 ; 16 ; 164 ; 142 ; 178 ; 88 ; 206 ; 65 ; 89 ; 93 ; 248 
11-Jan;GIRO; 160 ; 84 ; 71 ; 30 ; 68 ; 41 ; 96 ; 93 ; 53 ; 190 ; 48 ; 102 ; 101 ; 71 ; 59 ; 53 ; 86 ; 71 ; 36 ; 60 ; 16 ; 169 ; 148 ; 181 ; 89 ; 208 ; 65 ; 91 ; 95 ; 252 
12-Jan;GIRO; 165 ; 123 ; 68 ; 33 ; 71 ; 42 ; 95 ; 87 ; 53 ; 191 ; 48 ; 93 ; 103 ; 72 ; 60 ; 49 ; 84 ; 74 ; 37 ; 58 ; 17 ; 121 ; 154 ; 179 ; 88 ; 213 ; 62 ; 89 ; 107 ; 253 
13-Jan;GIRO; 166 ; 123 ; 69 ; 32 ; 70 ; 47 ; 96 ; 86 ; 56 ; 194 ; 46 ; 93 ; 105 ; 71 ; 56 ; 49 ; 82 ; 70 ; 40 ; 57 ; 15 ; 114 ; 160 ; 192 ; 86 ; 216 ; 61 ; 87 ; 97 ; 251 
14-Jan;GIRO; 165 ; 120 ; 69 ; 30 ; 69 ; 48 ; 94 ; 90 ; 58 ; 188 ; 46 ; 93 ; 106 ; 71 ; 60 ; 50 ; 80 ; 71 ; 39 ; 57 ; 15 ; 102 ; 164 ; 174 ; 84 ; 215 ; 60 ; 84 ; 92 ; 259 
15-Jan;GIRO; 172 ; 118 ; 68 ; 30 ; 68 ; 48 ; 96 ; 86 ; 53 ; 178 ; 46 ; 96 ; 107 ; 67 ; 55 ; 52 ; 80 ; 72 ; 39 ; 75 ; 15 ; 107 ; 169 ; 164 ; 83 ; 228 ; 58 ; 85 ; 94 ; 246 
16-Jan;GIRO; 171 ; 119 ; 69 ; 29 ; 67 ; 48 ; 95 ; 87 ; 53 ; 180 ; 46 ; 97 ; 107 ; 67 ; 56 ; 52 ; 81 ; 73 ; 39 ; 75 ; 16 ; 111 ; 167 ; 165 ; 83 ; 227 ; 61 ; 85 ; 97 ; 249 
17-Jan;GIRO; 173 ; 120 ; 70 ; 29 ; 67 ; 48 ; 96 ; 88 ; 54 ; 184 ; 47 ; 97 ; 108 ; 67 ; 56 ; 51 ; 84 ; 73 ; 38 ; 76 ; 15 ; 115 ; 169 ; 170 ; 83 ; 216 ; 61 ; 87 ; 101 ; 250 
18-Jan;GIRO; 172 ; 121 ; 71 ; 29 ; 68 ; 48 ; 96 ; 87 ; 54 ; 186 ; 47 ; 99 ; 108 ; 68 ; 56 ; 52 ; 85 ; 73 ; 38 ; 76 ; 15 ; 119 ; 171 ; 172 ; 83 ; 212 ; 61 ; 89 ; 104 ; 251 
19-Jan;GIRO; 184 ; 117 ; 70 ; 30 ; 68 ; 50 ; 96 ; 87 ; 54 ; 189 ; 47 ; 93 ; 102 ; 71 ; 58 ; 51 ; 83 ; 75 ; 39 ; 73 ; 14 ; 109 ; 173 ; 171 ; 85 ; 209 ; 68 ; 92 ; 106 ; 244 
20-Jan;GIRO; 173 ; 117 ; 69 ; 24 ; 69 ; 49 ; 96 ; 87 ; 58 ; 188 ; 47 ; 95 ; 103 ; 71 ; 60 ; 51 ; 80 ; 72 ; 36 ; 70 ; 15 ; 114 ; 178 ; 173 ; 82 ; 216 ; 63 ; 93 ; 106 ; 240 
21-Jan;GIRO; 169 ; 123 ; 73 ; 26 ; 60 ; 48 ; 94 ; 86 ; 54 ; 196 ; 45 ; 99 ; 101 ; 70 ; 58 ; 52 ; 87 ; 67 ; 39 ; 69 ; 15 ; 122 ; 173 ; 168 ; 80 ; 222 ; 63 ; 95 ; 101 ; 242 
22-Jan;GIRO; 165 ; 121 ; 70 ; 31 ; 67 ; 49 ; 95 ; 82 ; 52 ; 195 ; 48 ; 103 ; 100 ; 77 ; 54 ; 53 ; 85 ; 68 ; 38 ; 65 ; 15 ; 112 ; 175 ; 181 ; 81 ; 262 ; 59 ; 95 ; 103 ; 245 
23-Jan;GIRO; 159 ; 117 ; 70 ; 29 ; 61 ; 47 ; 94 ; 77 ; 54 ; 205 ; 46 ; 106 ; 104 ; 75 ; 62 ; 49 ; 86 ; 69 ; 41 ; 76 ; 17 ; 109 ; 173 ; 180 ; 79 ; 253 ; 59 ; 112 ; 89 ; 232 
24-Jan;GIRO; 159 ; 117 ; 70 ; 29 ; 62 ; 48 ; 95 ; 76 ; 55 ; 206 ; 47 ; 108 ; 103 ; 71 ; 63 ; 49 ; 87 ; 70 ; 38 ; 76 ; 17 ; 111 ; 175 ; 182 ; 80 ; 255 ; 59 ; 112 ; 87 ; 230 
25-Jan;GIRO; 159 ; 117 ; 70 ; 29 ; 62 ; 48 ; 95 ; 76 ; 55 ; 207 ; 47 ; 109 ; 104 ; 71 ; 63 ; 50 ; 88 ; 70 ; 38 ; 76 ; 17 ; 114 ; 176 ; 183 ; 80 ; 248 ; 60 ; 113 ; 89 ; 229 
26-Jan;GIRO; 162 ; 130 ; 67 ; 30 ; 90 ; 53 ; 95 ; 73 ; 57 ; 210 ; 48 ; 96 ; 103 ; 68 ; 61 ; 41 ; 86 ; 75 ; 41 ; 79 ; 16 ; 101 ; 188 ; 165 ; 79 ; 265 ; 61 ; 113 ; 88 ; 240 
27-Jan;GIRO; 163 ; 129 ; 68 ; 26 ; 88 ; 53 ; 94 ; 71 ; 63 ; 205 ; 48 ; 97 ; 99 ; 68 ; 62 ; 41 ; 84 ; 79 ; 41 ; 75 ; 17 ; 103 ; 182 ; 162 ; 78 ; 212 ; 61 ; 100 ; 90 ; 247 
28-Jan;GIRO; 155 ; 141 ; 71 ; 26 ; 89 ; 50 ; 95 ; 74 ; 63 ; 211 ; 52 ; 93 ; 98 ; 66 ; 64 ; 40 ; 82 ; 72 ; 39 ; 75 ; 16 ; 100 ; 183 ; 225 ; 78 ; 211 ; 59 ; 101 ; 89 ; 245 
29-Jan;GIRO; 171 ; 141 ; 69 ; 25 ; 83 ; 51 ; 97 ; 71 ; 60 ; 211 ; 55 ; 105 ; 98 ; 71 ; 54 ; 38 ; 83 ; 71 ; 39 ; 74 ; 15 ; 100 ; 184 ; 212 ; 77 ; 213 ; 63 ; 111 ; 98 ; 247 
30-Jan;GIRO; 198 ; 142 ; 73 ; 32 ; 99 ; 50 ; 98 ; 71 ; 68 ; 205 ; 56 ; 106 ; 107 ; 72 ; 58 ; 38 ; 89 ; 95 ; 40 ; 71 ; 15 ; 111 ; 196 ; 263 ; 78 ; 207 ; 70 ; 123 ; 100 ; 262 
31-Jan;GIRO; 197 ; 144 ; 73 ; 38 ; 100 ; 50 ; 99 ; 71 ; 74 ; 209 ; 52 ; 107 ; 120 ; 71 ; 61 ; 41 ; 92 ; 92 ; 44 ; 70 ; 16 ; 112 ; 191 ; 266 ; 78 ; 212 ; 72 ; 126 ; 148 ; 261 
;;;;;;;;;;;;;;;;;;;;;;;;;;;;;;
01-Feb;GIRO; 189 ; 144 ; 73 ; 38 ; 100 ; 49 ; 97 ; 71 ; 73 ; 208 ; 52 ; 105 ; 104 ; 70 ; 61 ; 42 ; 92 ; 93 ; 39 ; 70 ; 17 ; 115 ; 187 ; 268 ; 80 ; 210 ; 73 ; 128 ; 105 ; 277 
02-Feb;GIRO; 192 ; 144 ; 71 ; 32 ; 99 ; 48 ; 95 ; 69 ; 58 ; 206 ; 55 ; 99 ; 106 ; 77 ; 61 ; 38 ; 84 ; 78 ; 42 ; 65 ; 14 ; 163 ; 175 ; 189 ; 78 ; 224 ; 75 ; 114 ; 89 ; 278 
03-Feb;GIRO; 197 ; 141 ; 72 ; 31 ; 83 ; 49 ; 96 ; 68 ; 62 ; 208 ; 52 ; 96 ; 98 ; 75 ; 62 ; 36 ; 83 ; 74 ; 41 ; 63 ; 13 ; 154 ; 177 ; 167 ; 76 ; 235 ; 66 ; 100 ; 86 ; 274 
04-Feb;GIRO; 195 ; 145 ; 71 ; 29 ; 80 ; 48 ; 97 ; 68 ; 55 ; 210 ; 55 ; 99 ; 143 ; 76 ; 63 ; 37 ; 88 ; 77 ; 36 ; 61 ; 15 ; 122 ; 173 ; 158 ; 74 ; 229 ; 68 ; 107 ; 85 ; 274 
05-Feb;GIRO; 164 ; 143 ; 67 ; 34 ; 80 ; 49 ; 96 ; 66 ; 54 ; 193 ; 54 ; 88 ; 92 ; 74 ; 56 ; 36 ; 85 ; 77 ; 43 ; 56 ; 13 ; 95 ; 168 ; 178 ; 74 ; 223 ; 65 ; 105 ; 86 ; 273 
06-Feb;GIRO; 174 ; 149 ; 68 ; 34 ; 85 ; 50 ; 94 ; 69 ; 57 ; 208 ; 56 ; 94 ; 91 ; 72 ; 59 ; 36 ; 91 ; 70 ; 47 ; 56 ; 13 ; 94 ; 179 ; 140 ; 75 ; 219 ; 65 ; 109 ; 92 ; 263 
07-Feb;GIRO; 175 ; 152 ; 68 ; 33 ; 85 ; 49 ; 96 ; 69 ; 58 ; 207 ; 56 ; 96 ; 93 ; 72 ; 59 ; 36 ; 92 ; 71 ; 43 ; 56 ; 15 ; 98 ; 179 ; 142 ; 75 ; 210 ; 67 ; 110 ; 94 ; 264 
08-Feb;GIRO; 175 ; 152 ; 70 ; 33 ; 85 ; 49 ; 96 ; 70 ; 58 ; 209 ; 56 ; 98 ; 92 ; 71 ; 60 ; 37 ; 93 ; 71 ; 43 ; 56 ; 16 ; 101 ; 181 ; 145 ; 75 ; 208 ; 68 ; 111 ; 96 ; 267 
09-Feb;GIRO; 168 ; 151 ; 70 ; 36 ; 102 ; 49 ; 96 ; 67 ; 52 ; 202 ; 60 ; 89 ; 104 ; 71 ; 62 ; 37 ; 88 ; 71 ; 39 ; 56 ; 14 ; 88 ; 166 ; 165 ; 78 ; 214 ; 63 ; 99 ; 98 ; 265 
10-Feb;GIRO; 168 ; 151 ; 69 ; 36 ; 85 ; 49 ; 96 ; 67 ; 60 ; 193 ; 57 ; 91 ; 98 ; 69 ; 62 ; 37 ; 88 ; 74 ; 36 ; 55 ; 15 ; 89 ; 164 ; 167 ; 76 ; 220 ; 60 ; 98 ; 99 ; 267 
11-Feb;GIRO; 167 ; 150 ; 67 ; 32 ; 80 ; 48 ; 95 ; 68 ; 59 ; 193 ; 54 ; 95 ; 97 ; 71 ; 63 ; 38 ; 79 ; 69 ; 37 ; 52 ; 15 ; 93 ; 166 ; 174 ; 86 ; 217 ; 61 ; 101 ; 96 ; 287 
12-Feb;GIRO; 172 ; 145 ; 66 ; 31 ; 80 ; 56 ; 95 ; 65 ; 51 ; 195 ; 53 ; 96 ; 96 ; 70 ; 53 ; 38 ; 79 ; 71 ; 38 ; 50 ; 14 ; 92 ; 167 ; 178 ; 86 ; 222 ; 60 ; 103 ; 95 ; 316 
13-Feb;GIRO; 178 ; 145 ; 69 ; 30 ; 77 ; 54 ; 95 ; 67 ; 58 ; 190 ; 52 ; 101 ; 94 ; 69 ; 56 ; 36 ; 79 ; 74 ; 37 ; 53 ; 15 ; 96 ; 174 ; 165 ; 86 ; 227 ; 70 ; 105 ; 96 ; 288 
14-Feb;GIRO; 179 ; 147 ; 69 ; 27 ; 76 ; 54 ; 96 ; 67 ; 60 ; 194 ; 51 ; 104 ; 95 ; 68 ; 56 ; 35 ; 82 ; 75 ; 37 ; 54 ; 14 ; 98 ; 173 ; 169 ; 87 ; 223 ; 72 ; 106 ; 98 ; 289 
15-Feb;GIRO; 179 ; 146 ; 70 ; 27 ; 77 ; 54 ; 96 ; 68 ; 55 ; 196 ; 53 ; 103 ; 95 ; 68 ; 56 ; 35 ; 83 ; 75 ; 38 ; 54 ; 16 ; 102 ; 172 ; 172 ; 87 ; 225 ; 74 ; 107 ; 100 ; 290 
16-Feb;GIRO; 179 ; 146 ; 70 ; 28 ; 77 ; 54 ; 97 ; 69 ; 55 ; 207 ; 53 ; 98 ; 95 ; 68 ; 57 ; 36 ; 85 ; 76 ; 38 ; 55 ; 15 ; 106 ; 174 ; 177 ; 87 ; 220 ; 75 ; 111 ; 105 ; 291 
17-Feb;GIRO; 179 ; 146 ; 72 ; 27 ; 77 ; 54 ; 98 ; 67 ; 56 ; 213 ; 54 ; 99 ; 96 ; 68 ; 58 ; 36 ; 88 ; 76 ; 38 ; 53 ; 16 ; 110 ; 174 ; 180 ; 87 ; 210 ; 76 ; 115 ; 109 ; 293 
18-Feb;GIRO; 180 ; 147 ; 68 ; 28 ; 77 ; 58 ; 96 ; 72 ; 51 ; 205 ; 55 ; 99 ; 92 ; 66 ; 59 ; 37 ; 80 ; 78 ; 38 ; 63 ; 15 ; 93 ; 175 ; 177 ; 88 ; 219 ; 60 ; 102 ; 96 ; 295 
19-Feb;GIRO; 173 ; 147 ; 68 ; 32 ; 80 ; 56 ; 97 ; 70 ; 55 ; 202 ; 55 ; 101 ; 97 ; 68 ; 52 ; 38 ; 78 ; 74 ; 36 ; 62 ; 13 ; 91 ; 177 ; 170 ; 86 ; 224 ; 63 ; 96 ; 98 ; 290 
20-Feb;GIRO; 183 ; 147 ; 68 ; 33 ; 72 ; 60 ; 95 ; 71 ; 62 ; 198 ; 55 ; 101 ; 98 ; 68 ; 54 ; 38 ; 84 ; 71 ; 37 ; 63 ; 14 ; 100 ; 177 ; 170 ; 86 ; 228 ; 74 ; 106 ; 99 ; 290 
21-Feb;GIRO; 183 ; 147 ; 70 ; 33 ; 71 ; 56 ; 94 ; 74 ; 62 ; 202 ; 55 ; 101 ; 99 ; 68 ; 54 ; 39 ; 86 ; 72 ; 35 ; 63 ; 15 ; 108 ; 177 ; 175 ; 87 ; 226 ; 76 ; 105 ; 103 ; 289 
22-Feb;GIRO; 183 ; 147 ; 73 ; 33 ; 72 ; 56 ; 95 ; 73 ; 63 ; 205 ; 55 ; 102 ; 98 ; 68 ; 55 ; 40 ; 86 ; 73 ; 35 ; 62 ; 15 ; 110 ; 178 ; 178 ; 87 ; 217 ; 77 ; 108 ; 107 ; 289 
23-Feb;GIRO; 187 ; 144 ; 71 ; 32 ; 100 ; 58 ; 94 ; 72 ; 60 ; 192 ; 58 ; 103 ; 97 ; 67 ; 58 ; 39 ; 82 ; 75 ; 36 ; 62 ; 14 ; 104 ; 179 ; 166 ; 85 ; 211 ; 66 ; 105 ; 92 ; 289 
24-Feb;GIRO; 196 ; 147 ; 77 ; 32 ; 108 ; 57 ; 95 ; 69 ; 54 ; 197 ; 58 ; 98 ; 97 ; 64 ; 59 ; 36 ; 79 ; 75 ; 36 ; 69 ; 14 ; 88 ; 184 ; 148 ; 77 ; 211 ; 65 ; 106 ; 95 ; 287 
25-Feb;GIRO; 184 ; 149 ; 72 ; 30 ; 105 ; 55 ; 94 ; 71 ; 55 ; 222 ; 63 ; 103 ; 97 ; 66 ; 60 ; 38 ; 82 ; 78 ; 35 ; 69 ; 15 ; 86 ; 182 ; 200 ; 74 ; 215 ; 64 ; 112 ; 91 ; 278 
26-Feb;GIRO; 188 ; 149 ; 73 ; 32 ; 103 ; 57 ; 94 ; 68 ; 54 ; 227 ; 60 ; 103 ; 118 ; 65 ; 56 ; 39 ; 82 ; 83 ; 36 ; 69 ; 14 ; 82 ; 182 ; 189 ; 74 ; 207 ; 66 ; 115 ; 87 ; 278 
27-Feb;GIRO; 196 ; 142 ; 72 ; 35 ; 119 ; 62 ; 95 ; 66 ; 60 ; 202 ; 59 ; 115 ; 111 ; 66 ; 58 ; 43 ; 82 ; 98 ; 37 ; 70 ; 22 ; 95 ; 187 ; 153 ; 78 ; 208 ; 66 ; 155 ; 86 ; 287 
28-Feb;GIRO; 193 ; 144 ; 80 ; 41 ; 119 ; 62 ; 98 ; 68 ; 63 ; 210 ; 61 ; 120 ; 120 ; 65 ; 61 ; 43 ; 94 ; 98 ; 42 ; 70 ; 21 ; 99 ; 183 ; 186 ; 77 ; 206 ; 70 ; 155 ; 138 ; 288 
;;;;;;;;;;;;;;;;;;;;;;;;;;;;;;
01-Mar;GIRO; 101 ; 91 ; 97 ; 55 ; 69 ; 69 ; 70 ; 60 ; 88 ; 218 ; 67 ; 109 ; 116 ; 61 ; 45 ; 48 ; 100 ; 145 ; 69 ; 67 ; 52 ; 93 ; 204 ; 210 ; 76 ; 153 ; 56 ; 157 ; 125 ; 301 
02-Mar;GIRO; 105 ; 104 ; 101 ; 57 ; 73 ; 69 ; 73 ; 62 ; 90 ; 224 ; 69 ; 108 ; 135 ; 63 ; 45 ; 48 ; 89 ; 138 ; 70 ; 69 ; 51 ; 98 ; 213 ; 223 ; 78 ; 161 ; 68 ; 157 ; 110 ; 298 
03-Mar;GIRO; 102 ; 100 ; 95 ; 55 ; 65 ; 62 ; 71 ; 59 ; 83 ; 215 ; 64 ; 105 ; 117 ; 60 ; 43 ; 46 ; 86 ; 133 ; 65 ; 64 ; 49 ; 78 ; 208 ; 209 ; 73 ; 156 ; 66 ; 140 ; 106 ; 284 
04-Mar;GIRO; 102 ; 99 ; 96 ; 57 ; 68 ; 63 ; 71 ; 60 ; 83 ; 218 ; 65 ; 107 ; 121 ; 61 ; 44 ; 46 ; 88 ; 133 ; 66 ; 61 ; 49 ; 73 ; 209 ; 213 ; 72 ; 157 ; 67 ; 145 ; 75 ; 290 
05-Mar;GIRO; 102 ; 97 ; 96 ; 57 ; 67 ; 63 ; 72 ; 62 ; 83 ; 220 ; 64 ; 107 ; 114 ; 61 ; 42 ; 46 ; 86 ; 132 ; 68 ; 60 ; 49 ; 73 ; 207 ; 209 ; 73 ; 158 ; 63 ; 139 ; 76 ; 302 
06-Mar;GIRO; 105 ; 96 ; 99 ; 58 ; 75 ; 65 ; 73 ; 56 ; 84 ; 223 ; 66 ; 109 ; 115 ; 62 ; 42 ; 46 ; 89 ; 133 ; 69 ; 62 ; 51 ; 74 ; 206 ; 208 ; 75 ; 160 ; 69 ; 142 ; 72 ; 310 
07-Mar;GIRO; 104 ; 96 ; 100 ; 59 ; 74 ; 64 ; 73 ; 56 ; 84 ; 225 ; 67 ; 110 ; 113 ; 62 ; 42 ; 46 ; 90 ; 133 ; 69 ; 62 ; 51 ; 73 ; 207 ; 210 ; 74 ; 160 ; 69 ; 143 ; 73 ; 309 
08-Mar;GIRO; 104 ; 97 ; 101 ; 59 ; 75 ; 65 ; 74 ; 57 ; 84 ; 225 ; 67 ; 110 ; 114 ; 62 ; 42 ; 47 ; 90 ; 134 ; 69 ; 62 ; 51 ; 74 ; 208 ; 211 ; 75 ; 161 ; 69 ; 143 ; 73 ; 310 
09-Mar;GIRO; 106 ; 98 ; 102 ; 60 ; 76 ; 66 ; 75 ; 58 ; 86 ; 230 ; 68 ; 112 ; 116 ; 63 ; 43 ; 47 ; 92 ; 136 ; 71 ; 63 ; 52 ; 75 ; 212 ; 215 ; 76 ; 164 ; 71 ; 146 ; 74 ; 316 
10-Mar;GIRO; 102 ; 95 ; 98 ; 58 ; 73 ; 63 ; 72 ; 55 ; 82 ; 221 ; 66 ; 108 ; 111 ; 61 ; 41 ; 46 ; 88 ; 131 ; 68 ; 61 ; 50 ; 72 ; 203 ; 207 ; 73 ; 157 ; 68 ; 140 ; 71 ; 304 
11-Mar;GIRO; 104 ; 96 ; 100 ; 58 ; 74 ; 64 ; 73 ; 56 ; 83 ; 224 ; 67 ; 109 ; 113 ; 62 ; 42 ; 46 ; 89 ; 133 ; 69 ; 62 ; 51 ; 73 ; 206 ; 209 ; 74 ; 159 ; 69 ; 142 ; 72 ; 308 
12-Mar;GIRO; 105 ; 97 ; 101 ; 59 ; 75 ; 65 ; 74 ; 57 ; 85 ; 227 ; 68 ; 111 ; 115 ; 63 ; 43 ; 47 ; 91 ; 135 ; 70 ; 63 ; 52 ; 74 ; 209 ; 212 ; 75 ; 162 ; 70 ; 144 ; 74 ; 312 
13-Mar;GIRO; 0 ; 0 ; 0 ; 0 ; 0 ; 8 ; 0 ; 1 ; 0 ; 1 ; 0 ; 0 ; 1 ; 0 ; 0 ; 0 ; 1 ; 0 ; 0 ; 0 ; 0 ; 0 ; 0 ; 0 ; 0 ; 0 ; 0 ; 0 ; 0 ; 0 
