UKER;;KC Purwakarta;KC Subang;KC Indramayu;KC Jatibarang;KC Pamanukan;KC Sumedang;KC Majalengka;KC Cirebon Gunung Jati;KC Kuningan;KC Cirebon Kartini;KC Singaparna;KC Tasikmalaya;KC Garut;KC Ciamis;KC Banjar;KC Cibadak;KC Sukabumi;KC Cimahi;KC Cianjur;KC Soreang;KC Majalaya;KC Bandung Sukarno Hatta;KC Bandung A.H. Nasution;KC Bandung Dewi Sartika;KC Bandung Setiabudi;KC Bandung Naripan;KC Bandung Kopo;KC Bandung Dago;KC Bandung Martadinata;KC Bandung AA
31-Dec;GIRO; 300 ; 290 ; 456 ; 201 ; 241 ; 378 ; 253 ; 355 ; 336 ; 751 ; 281 ; 435 ; 487 ; 221 ; 220 ; 264 ; 327 ; 748 ; 434 ; 274 ; 261 ; 445 ; 773 ; 773 ; 426 ; 562 ; 375 ; 594 ; 539 ; 1.055 
01-Jan;GIRO; 161 ; 63 ; 92 ; 30 ; 65 ; 51 ; 96 ; 101 ; 63 ; 224 ; 53 ; 109 ; 147 ; 91 ; 61 ; 104 ; 96 ; 506 ; 54 ; 67 ; 17 ; 148 ; 143 ; 322 ; 101 ; 282 ; 88 ; 170 ; 117 ; 265 
02-Jan;GIRO; 161 ; 63 ; 92 ; 30 ; 65 ; 51 ; 96 ; 101 ; 63 ; 224 ; 53 ; 109 ; 147 ; 91 ; 61 ; 104 ; 96 ; 506 ; 54 ; 67 ; 17 ; 148 ; 143 ; 322 ; 101 ; 282 ; 88 ; 170 ; 117 ; 265 
03-Jan;GIRO; 160 ; 63 ; 94 ; 29 ; 63 ; 50 ; 97 ; 102 ; 63 ; 228 ; 51 ; 111 ; 147 ; 91 ; 59 ; 104 ; 90 ; 505 ; 54 ; 68 ; 17 ; 151 ; 143 ; 325 ; 102 ; 282 ; 96 ; 171 ; 115 ; 267 
04-Jan;GIRO; 160 ; 64 ; 95 ; 29 ; 63 ; 50 ; 97 ; 103 ; 64 ; 229 ; 52 ; 112 ; 147 ; 90 ; 60 ; 105 ; 90 ; 504 ; 55 ; 66 ; 18 ; 155 ; 145 ; 327 ; 103 ; 279 ; 101 ; 172 ; 118 ; 271 
05-Jan;GIRO; 168 ; 63 ; 94 ; 29 ; 64 ; 50 ; 97 ; 105 ; 65 ; 219 ; 54 ; 96 ; 100 ; 77 ; 62 ; 102 ; 91 ; 100 ; 53 ; 66 ; 18 ; 153 ; 144 ; 299 ; 103 ; 273 ; 105 ; 168 ; 125 ; 270 
06-Jan;GIRO; 172 ; 86 ; 74 ; 27 ; 65 ; 47 ; 97 ; 104 ; 75 ; 221 ; 50 ; 100 ; 99 ; 73 ; 58 ; 97 ; 89 ; 98 ; 59 ; 64 ; 18 ; 240 ; 146 ; 318 ; 103 ; 276 ; 114 ; 166 ; 118 ; 264 
07-Jan;GIRO; 165 ; 86 ; 79 ; 27 ; 67 ; 46 ; 96 ; 102 ; 59 ; 229 ; 49 ; 102 ; 98 ; 71 ; 60 ; 97 ; 86 ; 107 ; 58 ; 74 ; 19 ; 236 ; 147 ; 311 ; 113 ; 252 ; 111 ; 171 ; 113 ; 253 
08-Jan;GIRO; 167 ; 89 ; 76 ; 28 ; 84 ; 50 ; 97 ; 101 ; 63 ; 232 ; 46 ; 105 ; 100 ; 71 ; 60 ; 97 ; 88 ; 98 ; 51 ; 67 ; 18 ; 215 ; 154 ; 297 ; 114 ; 262 ; 118 ; 161 ; 107 ; 256 
09-Jan;GIRO; 160 ; 82 ; 75 ; 30 ; 70 ; 48 ; 96 ; 101 ; 53 ; 216 ; 46 ; 105 ; 107 ; 71 ; 61 ; 92 ; 86 ; 101 ; 51 ; 67 ; 19 ; 211 ; 153 ; 290 ; 113 ; 259 ; 95 ; 158 ; 105 ; 258 
10-Jan;GIRO; 159 ; 83 ; 76 ; 30 ; 67 ; 49 ; 95 ; 102 ; 53 ; 220 ; 47 ; 107 ; 107 ; 71 ; 62 ; 91 ; 88 ; 102 ; 50 ; 67 ; 19 ; 215 ; 154 ; 293 ; 114 ; 250 ; 105 ; 158 ; 107 ; 260 
11-Jan;GIRO; 160 ; 84 ; 76 ; 30 ; 68 ; 51 ; 96 ; 103 ; 53 ; 221 ; 48 ; 107 ; 107 ; 71 ; 62 ; 92 ; 89 ; 102 ; 51 ; 67 ; 19 ; 220 ; 160 ; 296 ; 115 ; 251 ; 113 ; 160 ; 110 ; 265 
12-Jan;GIRO; 165 ; 123 ; 73 ; 33 ; 71 ; 51 ; 95 ; 98 ; 53 ; 230 ; 48 ; 98 ; 109 ; 72 ; 64 ; 88 ; 87 ; 106 ; 51 ; 66 ; 20 ; 172 ; 165 ; 294 ; 115 ; 258 ; 118 ; 155 ; 123 ; 265 
13-Jan;GIRO; 166 ; 123 ; 74 ; 32 ; 70 ; 56 ; 96 ; 96 ; 56 ; 236 ; 46 ; 98 ; 112 ; 71 ; 59 ; 92 ; 85 ; 102 ; 53 ; 64 ; 18 ; 162 ; 171 ; 307 ; 113 ; 261 ; 91 ; 151 ; 112 ; 262 
14-Jan;GIRO; 165 ; 120 ; 75 ; 30 ; 69 ; 58 ; 94 ; 98 ; 58 ; 226 ; 46 ; 98 ; 112 ; 71 ; 63 ; 96 ; 83 ; 104 ; 53 ; 65 ; 19 ; 150 ; 176 ; 290 ; 111 ; 255 ; 97 ; 142 ; 107 ; 270 
15-Jan;GIRO; 172 ; 118 ; 73 ; 30 ; 68 ; 57 ; 96 ; 94 ; 53 ; 216 ; 46 ; 101 ; 113 ; 67 ; 59 ; 84 ; 82 ; 104 ; 52 ; 82 ; 19 ; 154 ; 180 ; 279 ; 111 ; 270 ; 95 ; 142 ; 109 ; 255 
16-Jan;GIRO; 171 ; 119 ; 73 ; 29 ; 67 ; 58 ; 95 ; 95 ; 53 ; 219 ; 46 ; 102 ; 114 ; 67 ; 59 ; 84 ; 83 ; 105 ; 52 ; 83 ; 19 ; 158 ; 179 ; 280 ; 110 ; 267 ; 104 ; 143 ; 113 ; 258 
17-Jan;GIRO; 173 ; 120 ; 74 ; 29 ; 67 ; 57 ; 96 ; 95 ; 54 ; 222 ; 47 ; 102 ; 115 ; 67 ; 59 ; 84 ; 86 ; 105 ; 52 ; 83 ; 19 ; 162 ; 181 ; 285 ; 111 ; 257 ; 113 ; 145 ; 117 ; 259 
18-Jan;GIRO; 172 ; 121 ; 75 ; 29 ; 68 ; 58 ; 96 ; 95 ; 54 ; 224 ; 47 ; 104 ; 115 ; 68 ; 59 ; 85 ; 88 ; 105 ; 52 ; 84 ; 19 ; 167 ; 182 ; 287 ; 112 ; 253 ; 120 ; 146 ; 121 ; 260
19-Jan;GIRO; 184 ; 117 ; 74 ; 30 ; 68 ; 59 ; 96 ; 95 ; 54 ; 224 ; 47 ; 98 ; 110 ; 71 ; 61 ; 83 ; 86 ; 108 ; 52 ; 81 ; 18 ; 157 ; 184 ; 286 ; 112 ; 252 ; 101 ; 140 ; 121 ; 255 
20-Jan;GIRO; 173 ; 117 ; 74 ; 24 ; 69 ; 58 ; 96 ; 94 ; 58 ; 223 ; 47 ; 100 ; 110 ; 71 ; 62 ; 89 ; 83 ; 104 ; 49 ; 77 ; 18 ; 163 ; 190 ; 289 ; 108 ; 260 ; 89 ; 140 ; 121 ; 251 
21-Jan;GIRO; 169 ; 123 ; 77 ; 26 ; 60 ; 57 ; 94 ; 93 ; 54 ; 230 ; 45 ; 104 ; 109 ; 70 ; 61 ; 91 ; 89 ; 95 ; 51 ; 76 ; 18 ; 182 ; 185 ; 284 ; 106 ; 263 ; 88 ; 143 ; 116 ; 253 
22-Jan;GIRO; 165 ; 121 ; 75 ; 31 ; 67 ; 58 ; 95 ; 89 ; 52 ; 227 ; 48 ; 107 ; 108 ; 77 ; 57 ; 93 ; 87 ; 96 ; 51 ; 72 ; 18 ; 163 ; 191 ; 297 ; 108 ; 300 ; 81 ; 143 ; 117 ; 256 
24-Jan;GIRO; 159 ; 117 ; 75 ; 29 ; 62 ; 57 ; 95 ; 85 ; 55 ; 237 ; 47 ; 114 ; 110 ; 71 ; 66 ; 85 ; 90 ; 98 ; 50 ; 84 ; 29 ; 162 ; 193 ; 297 ; 106 ; 293 ; 79 ; 160 ; 101 ; 242 
25-Jan;GIRO; 159 ; 117 ; 75 ; 29 ; 62 ; 58 ; 95 ; 85 ; 55 ; 239 ; 47 ; 114 ; 111 ; 71 ; 66 ; 85 ; 91 ; 98 ; 49 ; 84 ; 30 ; 165 ; 195 ; 298 ; 107 ; 286 ; 80 ; 160 ; 103 ; 242 
26-Jan;GIRO; 162 ; 130 ; 73 ; 30 ; 90 ; 61 ; 95 ; 81 ; 57 ; 241 ; 48 ; 102 ; 110 ; 68 ; 64 ; 77 ; 89 ; 104 ; 52 ; 87 ; 29 ; 151 ; 205 ; 280 ; 106 ; 304 ; 82 ; 160 ; 106 ; 253 
27-Jan;GIRO; 163 ; 129 ; 74 ; 26 ; 88 ; 62 ; 94 ; 79 ; 63 ; 242 ; 48 ; 102 ; 106 ; 68 ; 65 ; 72 ; 87 ; 107 ; 53 ; 82 ; 30 ; 160 ; 196 ; 277 ; 105 ; 252 ; 79 ; 147 ; 112 ; 259 
28-Jan;GIRO; 155 ; 141 ; 76 ; 26 ; 89 ; 60 ; 95 ; 82 ; 63 ; 250 ; 52 ; 98 ; 105 ; 66 ; 67 ; 72 ; 84 ; 101 ; 51 ; 83 ; 19 ; 157 ; 199 ; 340 ; 104 ; 249 ; 78 ; 148 ; 104 ; 258 
29-Jan;GIRO; 171 ; 141 ; 74 ; 25 ; 83 ; 64 ; 97 ; 79 ; 60 ; 251 ; 55 ; 109 ; 105 ; 71 ; 56 ; 78 ; 86 ; 100 ; 51 ; 80 ; 17 ; 161 ; 200 ; 327 ; 105 ; 253 ; 83 ; 160 ; 114 ; 260 
30-Jan;GIRO; 198 ; 142 ; 79 ; 32 ; 99 ; 61 ; 98 ; 80 ; 68 ; 245 ; 56 ; 111 ; 113 ; 72 ; 61 ; 73 ; 91 ; 127 ; 53 ; 79 ; 17 ; 167 ; 211 ; 378 ; 105 ; 245 ; 88 ; 168 ; 117 ; 274 
31-Jan;GIRO; 197 ; 144 ; 78 ; 38 ; 100 ; 62 ; 99 ; 79 ; 74 ; 250 ; 52 ; 112 ; 127 ; 71 ; 63 ; 78 ; 94 ; 123 ; 58 ; 78 ; 18 ; 171 ; 206 ; 381 ; 111 ; 251 ; 91 ; 170 ; 165 ; 274 
01-Feb;GIRO; 192 ; 144 ; 77 ; 32 ; 99 ; 59 ; 95 ; 79 ; 58 ; 245 ; 55 ; 103 ; 111 ; 77 ; 63 ; 72 ; 86 ; 105 ; 53 ; 73 ; 17 ; 208 ; 190 ; 307 ; 100 ; 265 ; 96 ; 160 ; 103 ; 292 
02-Feb;GIRO; 192 ; 144 ; 77 ; 32 ; 99 ; 59 ; 95 ; 79 ; 58 ; 245 ; 55 ; 103 ; 111 ; 77 ; 63 ; 72 ; 86 ; 105 ; 53 ; 73 ; 17 ; 208 ; 190 ; 307 ; 100 ; 265 ; 96 ; 160 ; 103 ; 292 
03-Feb;GIRO; 197 ; 141 ; 78 ; 31 ; 83 ; 59 ; 96 ; 77 ; 62 ; 247 ; 52 ; 100 ; 103 ; 75 ; 65 ; 75 ; 85 ; 102 ; 51 ; 71 ; 16 ; 199 ; 192 ; 285 ; 100 ; 276 ; 84 ; 148 ; 101 ; 286 
04-Feb;GIRO; 195 ; 145 ; 77 ; 29 ; 80 ; 58 ; 97 ; 77 ; 55 ; 248 ; 55 ; 104 ; 148 ; 76 ; 66 ; 75 ; 90 ; 106 ; 47 ; 71 ; 17 ; 176 ; 188 ; 277 ; 97 ; 267 ; 85 ; 158 ; 100 ; 286 
05-Feb;GIRO; 164 ; 143 ; 74 ; 34 ; 80 ; 57 ; 96 ; 76 ; 54 ; 230 ; 54 ; 93 ; 98 ; 74 ; 59 ; 75 ; 87 ; 106 ; 53 ; 64 ; 15 ; 211 ; 183 ; 296 ; 96 ; 266 ; 82 ; 160 ; 101 ; 285 
06-Feb;GIRO; 174 ; 149 ; 75 ; 34 ; 85 ; 59 ; 94 ; 78 ; 57 ; 240 ; 56 ; 100 ; 97 ; 72 ; 62 ; 75 ; 93 ; 99 ; 57 ; 64 ; 16 ; 143 ; 194 ; 257 ; 98 ; 260 ; 80 ; 167 ; 107 ; 275 
07-Feb;GIRO; 175 ; 152 ; 75 ; 33 ; 85 ; 58 ; 96 ; 78 ; 58 ; 239 ; 56 ; 102 ; 97 ; 72 ; 62 ; 75 ; 94 ; 99 ; 53 ; 65 ; 17 ; 146 ; 193 ; 260 ; 98 ; 251 ; 83 ; 171 ; 108 ; 276 
08-Feb;GIRO; 175 ; 152 ; 76 ; 33 ; 85 ; 59 ; 96 ; 79 ; 58 ; 241 ; 56 ; 103 ; 97 ; 71 ; 62 ; 77 ; 95 ; 99 ; 53 ; 65 ; 18 ; 149 ; 196 ; 263 ; 98 ; 249 ; 84 ; 174 ; 111 ; 280 
09-Feb;GIRO; 168 ; 151 ; 76 ; 36 ; 102 ; 58 ; 96 ; 76 ; 52 ; 232 ; 60 ; 95 ; 109 ; 71 ; 65 ; 76 ; 90 ; 100 ; 49 ; 66 ; 16 ; 138 ; 181 ; 283 ; 103 ; 256 ; 82 ; 163 ; 114 ; 277 
10-Feb;GIRO; 168 ; 151 ; 74 ; 36 ; 85 ; 59 ; 96 ; 76 ; 60 ; 223 ; 57 ; 97 ; 103 ; 69 ; 65 ; 79 ; 91 ; 103 ; 46 ; 64 ; 17 ; 134 ; 178 ; 283 ; 101 ; 264 ; 79 ; 161 ; 115 ; 281 
11-Feb;GIRO; 167 ; 150 ; 72 ; 32 ; 80 ; 58 ; 95 ; 77 ; 59 ; 225 ; 54 ; 101 ; 103 ; 71 ; 66 ; 80 ; 81 ; 99 ; 47 ; 62 ; 17 ; 140 ; 181 ; 290 ; 112 ; 258 ; 81 ; 163 ; 110 ; 299 
12-Feb;GIRO; 172 ; 145 ; 71 ; 31 ; 80 ; 67 ; 95 ; 74 ; 51 ; 228 ; 53 ; 101 ; 103 ; 70 ; 56 ; 77 ; 81 ; 101 ; 48 ; 60 ; 16 ; 142 ; 182 ; 294 ; 112 ; 263 ; 84 ; 165 ; 109 ; 327 
13-Feb;GIRO; 178 ; 145 ; 74 ; 30 ; 77 ; 65 ; 95 ; 76 ; 58 ; 223 ; 52 ; 106 ; 101 ; 69 ; 58 ; 77 ; 81 ; 100 ; 49 ; 62 ; 17 ; 145 ; 189 ; 280 ; 112 ; 267 ; 92 ; 166 ; 108 ; 299 
14-Feb;GIRO; 179 ; 147 ; 74 ; 27 ; 76 ; 63 ; 96 ; 75 ; 60 ; 227 ; 51 ; 109 ; 101 ; 68 ; 59 ; 77 ; 84 ; 100 ; 49 ; 64 ; 17 ; 145 ; 188 ; 285 ; 113 ; 264 ; 96 ; 168 ; 111 ; 300 
15-Feb;GIRO; 179 ; 146 ; 75 ; 27 ; 77 ; 65 ; 96 ; 76 ; 55 ; 229 ; 53 ; 108 ; 101 ; 68 ; 59 ; 78 ; 85 ; 101 ; 50 ; 64 ; 18 ; 148 ; 187 ; 288 ; 113 ; 265 ; 97 ; 168 ; 113 ; 302 
16-Feb;GIRO; 179 ; 146 ; 76 ; 28 ; 77 ; 64 ; 97 ; 77 ; 55 ; 240 ; 53 ; 103 ; 101 ; 68 ; 60 ; 79 ; 87 ; 101 ; 50 ; 64 ; 17 ; 153 ; 190 ; 292 ; 113 ; 262 ; 101 ; 172 ; 119 ; 304 
17-Feb;GIRO; 179 ; 146 ; 79 ; 27 ; 77 ; 67 ; 98 ; 76 ; 56 ; 246 ; 54 ; 104 ; 103 ; 68 ; 61 ; 79 ; 90 ; 102 ; 51 ; 63 ; 19 ; 157 ; 191 ; 296 ; 113 ; 252 ; 101 ; 176 ; 123 ; 306 
19-Feb;GIRO; 173 ; 147 ; 74 ; 32 ; 80 ; 68 ; 97 ; 78 ; 55 ; 232 ; 55 ; 106 ; 105 ; 68 ; 55 ; 85 ; 79 ; 101 ; 49 ; 71 ; 16 ; 138 ; 192 ; 286 ; 111 ; 266 ; 89 ; 157 ; 112 ; 302 
20-Feb;GIRO; 183 ; 147 ; 74 ; 33 ; 72 ; 71 ; 95 ; 79 ; 62 ; 228 ; 55 ; 105 ; 105 ; 68 ; 57 ; 89 ; 85 ; 98 ; 49 ; 73 ; 17 ; 148 ; 192 ; 287 ; 112 ; 270 ; 99 ; 168 ; 112 ; 302 
21-Feb;GIRO; 183 ; 147 ; 77 ; 33 ; 71 ; 65 ; 94 ; 82 ; 62 ; 232 ; 55 ; 105 ; 107 ; 68 ; 57 ; 93 ; 87 ; 99 ; 46 ; 72 ; 17 ; 155 ; 193 ; 292 ; 112 ; 267 ; 102 ; 168 ; 118 ; 301 
22-Feb;GIRO; 183 ; 147 ; 80 ; 33 ; 72 ; 67 ; 95 ; 81 ; 63 ; 235 ; 55 ; 106 ; 106 ; 68 ; 57 ; 94 ; 88 ; 99 ; 47 ; 72 ; 18 ; 158 ; 194 ; 295 ; 113 ; 258 ; 103 ; 170 ; 122 ; 302 
23-Feb;GIRO; 187 ; 144 ; 79 ; 32 ; 100 ; 69 ; 94 ; 80 ; 60 ; 220 ; 58 ; 107 ; 104 ; 67 ; 61 ; 96 ; 83 ; 102 ; 48 ; 72 ; 17 ; 153 ; 195 ; 283 ; 111 ; 253 ; 93 ; 168 ; 105 ; 302 
24-Feb;GIRO; 196 ; 147 ; 85 ; 32 ; 108 ; 68 ; 95 ; 78 ; 54 ; 225 ; 58 ; 103 ; 104 ; 64 ; 61 ; 99 ; 81 ; 102 ; 49 ; 79 ; 17 ; 139 ; 200 ; 266 ; 102 ; 254 ; 92 ; 171 ; 109 ; 298 
25-Feb;GIRO; 184 ; 149 ; 77 ; 30 ; 105 ; 65 ; 94 ; 80 ; 55 ; 251 ; 63 ; 107 ; 104 ; 66 ; 63 ; 101 ; 84 ; 106 ; 48 ; 78 ; 18 ; 125 ; 197 ; 317 ; 98 ; 256 ; 91 ; 177 ; 104 ; 289 
26-Feb;GIRO; 188 ; 149 ; 78 ; 32 ; 103 ; 68 ; 94 ; 77 ; 54 ; 256 ; 60 ; 108 ; 125 ; 65 ; 59 ; 97 ; 84 ; 111 ; 49 ; 79 ; 17 ; 122 ; 198 ; 306 ; 96 ; 248 ; 94 ; 181 ; 102 ; 290 
27-Feb;GIRO; 196 ; 142 ; 77 ; 35 ; 119 ; 73 ; 95 ; 76 ; 60 ; 231 ; 59 ; 120 ; 118 ; 66 ; 61 ; 102 ; 85 ; 126 ; 50 ; 80 ; 24 ; 133 ; 202 ; 266 ; 99 ; 249 ; 91 ; 214 ; 102 ; 299 
28-Feb;GIRO; 193 ; 144 ; 85 ; 41 ; 119 ; 73 ; 98 ; 78 ; 63 ; 241 ; 61 ; 126 ; 127 ; 65 ; 63 ; 103 ; 96 ; 126 ; 57 ; 80 ; 24 ; 138 ; 198 ; 299 ; 101 ; 246 ; 96 ; 214 ; 156 ; 301 
01-Mar;GIRO; 187 ; 192 ; 83 ; 38 ; 118 ; 65 ; 94 ; 80 ; 64 ; 241 ; 61 ; 103 ; 179 ; 64 ; 59 ; 103 ; 85 ; 111 ; 50 ; 79 ; 17 ; 157 ; 190 ; 308 ; 98 ; 244 ; 99 ; 217 ; 98 ; 314 
02-Mar;GIRO; 187 ; 192 ; 83 ; 38 ; 118 ; 65 ; 94 ; 80 ; 64 ; 241 ; 61 ; 103 ; 179 ; 64 ; 59 ; 103 ; 85 ; 111 ; 50 ; 79 ; 17 ; 157 ; 190 ; 308 ; 98 ; 244 ; 99 ; 217 ; 98 ; 314 
03-Mar;GIRO; 190 ; 189 ; 78 ; 31 ; 97 ; 61 ; 94 ; 77 ; 64 ; 232 ; 55 ; 107 ; 110 ; 62 ; 57 ; 106 ; 84 ; 107 ; 46 ; 78 ; 19 ; 145 ; 194 ; 270 ; 93 ; 252 ; 98 ; 204 ; 95 ; 307 
04-Mar;GIRO; 191 ; 176 ; 79 ; 31 ; 100 ; 61 ; 92 ; 77 ; 63 ; 232 ; 52 ; 105 ; 155 ; 63 ; 57 ; 89 ; 86 ; 101 ; 47 ; 74 ; 16 ; 125 ; 193 ; 264 ; 94 ; 251 ; 89 ; 208 ; 99 ; 312 
05-Mar;GIRO; 188 ; 175 ; 81 ; 33 ; 98 ; 61 ; 91 ; 77 ; 58 ; 243 ; 52 ; 106 ; 102 ; 59 ; 48 ; 87 ; 83 ; 102 ; 47 ; 68 ; 17 ; 122 ; 186 ; 262 ; 92 ; 254 ; 92 ; 209 ; 98 ; 367 
06-Mar;GIRO; 181 ; 175 ; 80 ; 34 ; 129 ; 63 ; 89 ; 78 ; 59 ; 240 ; 52 ; 110 ; 103 ; 60 ; 47 ; 86 ; 84 ; 99 ; 52 ; 68 ; 19 ; 119 ; 187 ; 249 ; 94 ; 253 ; 109 ; 217 ; 99 ; 380 
07-Mar;GIRO; 179 ; 176 ; 84 ; 32 ; 126 ; 62 ; 89 ; 80 ; 57 ; 241 ; 51 ; 110 ; 101 ; 59 ; 48 ; 87 ; 85 ; 100 ; 50 ; 69 ; 19 ; 119 ; 188 ; 253 ; 93 ; 252 ; 111 ; 220 ; 102 ; 377 
08-Mar;GIRO; 179 ; 176 ; 83 ; 32 ; 127 ; 64 ; 92 ; 80 ; 58 ; 242 ; 51 ; 112 ; 103 ; 59 ; 48 ; 88 ; 86 ; 101 ; 50 ; 69 ; 20 ; 120 ; 189 ; 256 ; 94 ; 239 ; 113 ; 221 ; 105 ; 379 
09-Mar;GIRO; 181 ; 169 ; 78 ; 33 ; 116 ; 64 ; 90 ; 81 ; 54 ; 248 ; 57 ; 103 ; 140 ; 56 ; 50 ; 90 ; 86 ; 102 ; 49 ; 70 ; 20 ; 132 ; 191 ; 264 ; 97 ; 260 ; 95 ; 225 ; 130 ; 372 
10-Mar;GIRO; 168 ; 170 ; 80 ; 32 ; 97 ; 60 ; 92 ; 76 ; 51 ; 237 ; 56 ; 106 ; 95 ; 56 ; 51 ; 92 ; 81 ; 97 ; 47 ; 65 ; 20 ; 120 ; 189 ; 270 ; 94 ; 250 ; 93 ; 218 ; 138 ; 372 
11-Mar;GIRO; 168 ; 173 ; 79 ; 32 ; 93 ; 62 ; 90 ; 74 ; 50 ; 240 ; 53 ; 108 ; 110 ; 55 ; 53 ; 98 ; 79 ; 95 ; 52 ; 66 ; 19 ; 128 ; 195 ; 274 ; 92 ; 261 ; 89 ; 218 ; 128 ; 392 
12-Mar;GIRO; 167 ; 175 ; 75 ; 31 ; 101 ; 71 ; 91 ; 74 ; 48 ; 229 ; 53 ; 107 ; 114 ; 54 ; 44 ; 94 ; 78 ; 105 ; 47 ; 64 ; 19 ; 131 ; 189 ; 267 ; 91 ; 243 ; 88 ; 210 ; 230 ; 382 
13-Mar;GIRO; 167 ; 167 ; 83 ; 34 ; 88 ; 68 ; 90 ; 69 ; 54 ; 208 ; 55 ; 109 ; 113 ; 55 ; 44 ; 95 ; 81 ; 89 ; 46 ; 62 ; 19 ; 126 ; 169 ; 244 ; 93 ; 247 ; 94 ; 209 ; 222 ; 372 
14-Mar;GIRO; 167 ; 167 ; 83 ; 34 ; 88 ; 68 ; 90 ; 69 ; 54 ; 208 ; 55 ; 109 ; 113 ; 55 ; 44 ; 95 ; 81 ; 89 ; 46 ; 62 ; 19 ; 126 ; 169 ; 244 ; 93 ; 247 ; 94 ; 209 ; 222 ; 372 
15-Mar;GIRO; 167 ; 167 ; 83 ; 34 ; 88 ; 68 ; 90 ; 69 ; 54 ; 208 ; 55 ; 109 ; 113 ; 55 ; 44 ; 95 ; 81 ; 89 ; 46 ; 62 ; 19 ; 126 ; 169 ; 244 ; 93 ; 247 ; 94 ; 209 ; 222 ; 372 
16-Mar;GIRO; 175 ; 166 ; 84 ; 34 ; 89 ; 59 ; 93 ; 73 ; 54 ; 217 ; 62 ; 104 ; 108 ; 53 ; 45 ; 88 ; 87 ; 94 ; 52 ; 74 ; 21 ; 131 ; 191 ; 259 ; 97 ; 236 ; 91 ; 223 ; 231 ; 371 
17-Mar;GIRO; 172 ; 166 ; 80 ; 30 ; 87 ; 59 ; 92 ; 72 ; 57 ; 214 ; 59 ; 109 ; 95 ; 51 ; 45 ; 90 ; 84 ; 95 ; 49 ; 76 ; 22 ; 132 ; 207 ; 256 ; 92 ; 243 ; 96 ; 222 ; 357 ; 382 
18-Mar;GIRO; 172 ; 166 ; 86 ; 31 ; 86 ; 60 ; 90 ; 72 ; 57 ; 217 ; 59 ; 111 ; 95 ; 53 ; 47 ; 92 ; 86 ; 95 ; 49 ; 76 ; 23 ; 141 ; 211 ; 260 ; 93 ; 240 ; 110 ; 225 ; 362 ; 379 
19-Mar;GIRO; 172 ; 167 ; 85 ; 31 ; 87 ; 61 ; 91 ; 72 ; 57 ; 222 ; 59 ; 110 ; 95 ; 53 ; 40 ; 93 ; 88 ; 94 ; 48 ; 75 ; 23 ; 146 ; 213 ; 264 ; 94 ; 236 ; 124 ; 228 ; 372 ; 382 
20-Mar;GIRO; 172 ; 167 ; 86 ; 31 ; 87 ; 61 ; 93 ; 72 ; 58 ; 226 ; 60 ; 114 ; 96 ; 53 ; 40 ; 94 ; 90 ; 97 ; 49 ; 75 ; 23 ; 155 ; 217 ; 265 ; 95 ; 232 ; 135 ; 229 ; 376 ; 385 
21-Mar;GIRO; 172 ; 167 ; 85 ; 32 ; 87 ; 61 ; 94 ; 72 ; 58 ; 225 ; 60 ; 111 ; 96 ; 52 ; 40 ; 106 ; 90 ; 97 ; 48 ; 75 ; 23 ; 156 ; 217 ; 268 ; 95 ; 234 ; 141 ; 231 ; 379 ; 391 
22-Mar;GIRO; 172 ; 167 ; 86 ; 31 ; 87 ; 62 ; 94 ; 72 ; 57 ; 225 ; 60 ; 111 ; 96 ; 52 ; 40 ; 107 ; 91 ; 97 ; 49 ; 75 ; 23 ; 158 ; 216 ; 269 ; 96 ; 237 ; 144 ; 234 ; 381 ; 397 
23-Mar;GIRO; 172 ; 168 ; 86 ; 31 ; 87 ; 62 ; 95 ; 73 ; 58 ; 227 ; 60 ; 107 ; 97 ; 52 ; 40 ; 108 ; 99 ; 98 ; 49 ; 76 ; 23 ; 158 ; 217 ; 270 ; 96 ; 241 ; 146 ; 237 ; 380 ; 411 
24-Mar;GIRO; 172 ; 169 ; 95 ; 32 ; 88 ; 63 ; 96 ; 75 ; 59 ; 229 ; 61 ; 110 ; 97 ; 53 ; 40 ; 108 ; 100 ; 100 ; 51 ; 76 ; 24 ; 162 ; 218 ; 276 ; 98 ; 240 ; 148 ; 239 ; 386 ; 410 
25-Mar;GIRO; 185 ; 166 ; 91 ; 34 ; 101 ; 62 ; 96 ; 72 ; 63 ; 226 ; 60 ; 116 ; 97 ; 54 ; 42 ; 129 ; 94 ; 100 ; 55 ; 77 ; 22 ; 135 ; 223 ; 334 ; 97 ; 257 ; 139 ; 240 ; 368 ; 385 
26-Mar;GIRO; 172 ; 164 ; 86 ; 34 ; 100 ; 61 ; 96 ; 74 ; 65 ; 229 ; 56 ; 114 ; 96 ; 54 ; 45 ; 117 ; 91 ; 98 ; 55 ; 76 ; 22 ; 129 ; 212 ; 321 ; 95 ; 263 ; 124 ; 248 ; 371 ; 391 
27-Mar;GIRO; 179 ; 160 ; 85 ; 33 ; 104 ; 60 ; 94 ; 80 ; 65 ; 219 ; 59 ; 120 ; 93 ; 54 ; 50 ; 113 ; 94 ; 99 ; 53 ; 77 ; 24 ; 127 ; 197 ; 276 ; 95 ; 257 ; 108 ; 246 ; 426 ; 385 
28-Mar;GIRO; 177 ; 160 ; 84 ; 32 ; 105 ; 59 ; 94 ; 83 ; 64 ; 221 ; 60 ; 124 ; 93 ; 54 ; 52 ; 111 ; 97 ; 98 ; 51 ; 77 ; 24 ; 127 ; 198 ; 279 ; 96 ; 254 ; 122 ; 245 ; 428 ; 381 
29-Mar;GIRO; 176 ; 161 ; 83 ; 36 ; 105 ; 61 ; 93 ; 84 ; 64 ; 222 ; 60 ; 122 ; 93 ; 54 ; 53 ; 112 ; 99 ; 98 ; 51 ; 78 ; 25 ; 130 ; 198 ; 281 ; 97 ; 257 ; 132 ; 248 ; 432 ; 381 
30-Mar;GIRO; 180 ; 163 ; 90 ; 36 ; 104 ; 65 ; 93 ; 85 ; 65 ; 248 ; 62 ; 121 ; 98 ; 55 ; 54 ; 107 ; 93 ; 104 ; 54 ; 83 ; 25 ; 128 ; 196 ; 300 ; 99 ; 258 ; 146 ; 258 ; 438 ; 386 
31-Mar;GIRO; 193 ; 165 ; 84 ; 39 ; 116 ; 70 ; 94 ; 85 ; 87 ; 268 ; 63 ; 128 ; 133 ; 56 ; 65 ; 116 ; 105 ; 106 ; 61 ; 86 ; 32 ; 140 ; 201 ; 296 ; 106 ; 256 ; 113 ; 263 ; 444 ; 388 
01-Apr;GIRO; 183 ; 163 ; 90 ; 37 ; 111 ; 66 ; 87 ; 86 ; 61 ; 230 ; 60 ; 127 ; 149 ; 57 ; 64 ; 116 ; 91 ; 117 ; 51 ; 80 ; 30 ; 132 ; 194 ; 291 ; 98 ; 247 ; 100 ; 250 ; 414 ; 402 
02-Apr;GIRO; 187 ; 160 ; 86 ; 31 ; 98 ; 59 ; 86 ; 77 ; 61 ; 236 ; 58 ; 130 ; 90 ; 58 ; 48 ; 109 ; 92 ; 105 ; 49 ; 73 ; 30 ; 140 ; 206 ; 289 ; 95 ; 231 ; 105 ; 211 ; 402 ; 404 
03-Apr;GIRO; 185 ; 160 ; 88 ; 30 ; 99 ; 59 ; 86 ; 75 ; 61 ; 237 ; 59 ; 133 ; 89 ; 58 ; 49 ; 109 ; 90 ; 104 ; 49 ; 73 ; 31 ; 141 ; 205 ; 291 ; 96 ; 222 ; 107 ; 212 ; 404 ; 406 
04-Apr;GIRO; 187 ; 161 ; 93 ; 30 ; 99 ; 59 ; 87 ; 77 ; 61 ; 243 ; 59 ; 130 ; 88 ; 57 ; 49 ; 110 ; 92 ; 105 ; 48 ; 73 ; 31 ; 144 ; 206 ; 294 ; 99 ; 222 ; 113 ; 214 ; 405 ; 408 
05-Apr;GIRO; 187 ; 162 ; 94 ; 31 ; 99 ; 60 ; 87 ; 78 ; 62 ; 244 ; 59 ; 132 ; 88 ; 58 ; 49 ; 111 ; 93 ; 105 ; 49 ; 71 ; 32 ; 146 ; 205 ; 297 ; 99 ; 220 ; 118 ; 217 ; 407 ; 410 
06-Apr;GIRO; 187 ; 162 ; 84 ; 32 ; 100 ; 62 ; 88 ; 79 ; 63 ; 228 ; 64 ; 109 ; 85 ; 56 ; 54 ; 91 ; 88 ; 103 ; 54 ; 66 ; 25 ; 142 ; 203 ; 362 ; 103 ; 230 ; 118 ; 219 ; 407 ; 403 
07-Apr;GIRO; 177 ; 160 ; 89 ; 37 ; 100 ; 61 ; 88 ; 75 ; 60 ; 228 ; 64 ; 110 ; 95 ; 55 ; 55 ; 95 ; 86 ; 106 ; 49 ; 72 ; 24 ; 142 ; 200 ; 332 ; 102 ; 244 ; 123 ; 216 ; 352 ; 386 
08-Apr;GIRO; 175 ; 159 ; 93 ; 41 ; 100 ; 62 ; 88 ; 76 ; 51 ; 231 ; 64 ; 117 ; 97 ; 54 ; 53 ; 98 ; 86 ; 105 ; 53 ; 68 ; 23 ; 140 ; 203 ; 308 ; 101 ; 233 ; 87 ; 208 ; 348 ; 394 
09-Apr;GIRO; 182 ; 161 ; 91 ; 37 ; 117 ; 61 ; 90 ; 75 ; 49 ; 208 ; 61 ; 115 ; 113 ; 52 ; 48 ; 98 ; 87 ; 105 ; 52 ; 64 ; 22 ; 138 ; 199 ; 313 ; 98 ; 227 ; 89 ; 209 ; 363 ; 395 
10-Apr;GIRO; 183 ; 160 ; 80 ; 41 ; 100 ; 58 ; 88 ; 75 ; 49 ; 221 ; 61 ; 123 ; 97 ; 53 ; 47 ; 98 ; 91 ; 101 ; 52 ; 64 ; 24 ; 136 ; 203 ; 302 ; 99 ; 237 ; 93 ; 213 ; 370 ; 394 
11-Apr;GIRO; 184 ; 161 ; 83 ; 35 ; 101 ; 59 ; 89 ; 75 ; 49 ; 221 ; 62 ; 123 ; 97 ; 53 ; 47 ; 97 ; 91 ; 102 ; 51 ; 65 ; 24 ; 142 ; 206 ; 306 ; 99 ; 233 ; 98 ; 213 ; 369 ; 396 
12-Apr;GIRO; 184 ; 161 ; 78 ; 37 ; 102 ; 51 ; 86 ; 64 ; 46 ; 190 ; 62 ; 117 ; 91 ; 53 ; 44 ; 33 ; 90 ; 76 ; 40 ; 55 ; 21 ; 109 ; 186 ; 190 ; 77 ; 196 ; 67 ; 130 ; 357 ; 292 
13-Apr;GIRO; 190 ; 166 ; 79 ; 37 ; 102 ; 67 ; 90 ; 75 ; 54 ; 227 ; 61 ; 117 ; 97 ; 54 ; 49 ; 98 ; 91 ; 104 ; 54 ; 64 ; 25 ; 136 ; 200 ; 308 ; 101 ; 234 ; 109 ; 211 ; 356 ; 396 
14-Apr;GIRO; 185 ; 170 ; 78 ; 35 ; 111 ; 67 ; 88 ; 69 ; 67 ; 216 ; 61 ; 115 ; 97 ; 53 ; 49 ; 90 ; 95 ; 106 ; 54 ; 62 ; 25 ; 122 ; 194 ; 296 ; 105 ; 232 ; 104 ; 207 ; 354 ; 383 
15-Apr;GIRO; 178 ; 175 ; 73 ; 33 ; 96 ; 68 ; 88 ; 71 ; 55 ; 217 ; 64 ; 115 ; 97 ; 53 ; 51 ; 115 ; 98 ; 99 ; 54 ; 58 ; 24 ; 126 ; 188 ; 298 ; 102 ; 229 ; 88 ; 204 ; 352 ; 369 
16-Apr;GIRO; 169 ; 199 ; 80 ; 34 ; 95 ; 69 ; 88 ; 73 ; 53 ; 218 ; 63 ; 112 ; 94 ; 54 ; 45 ; 103 ; 98 ; 99 ; 54 ; 56 ; 23 ; 123 ; 187 ; 281 ; 109 ; 225 ; 94 ; 206 ; 355 ; 389 
17-Apr;GIRO; 166 ; 172 ; 86 ; 39 ; 95 ; 68 ; 87 ; 71 ; 56 ; 225 ; 64 ; 115 ; 92 ; 54 ; 46 ; 88 ; 91 ; 98 ; 54 ; 55 ; 22 ; 129 ; 190 ; 282 ; 111 ; 228 ; 107 ; 213 ; 409 ; 361 
18-Apr;GIRO; 167 ; 172 ; 86 ; 38 ; 96 ; 67 ; 87 ; 72 ; 56 ; 228 ; 61 ; 118 ; 92 ; 55 ; 47 ; 89 ; 92 ; 99 ; 54 ; 55 ; 23 ; 134 ; 192 ; 285 ; 111 ; 226 ; 116 ; 213 ; 409 ; 365 
19-Apr;GIRO; 168 ; 173 ; 87 ; 37 ; 97 ; 69 ; 87 ; 72 ; 55 ; 230 ; 63 ; 120 ; 91 ; 56 ; 47 ; 89 ; 92 ; 98 ; 54 ; 55 ; 24 ; 142 ; 194 ; 288 ; 111 ; 227 ; 120 ; 213 ; 411 ; 367 
20-Apr;GIRO; 185 ; 172 ; 85 ; 39 ; 93 ; 69 ; 89 ; 72 ; 54 ; 222 ; 62 ; 155 ; 105 ; 55 ; 48 ; 93 ; 93 ; 101 ; 52 ; 53 ; 24 ; 140 ; 187 ; 292 ; 111 ; 233 ; 112 ; 209 ; 408 ; 374 
21-Apr;GIRO; 184 ; 171 ; 82 ; 38 ; 97 ; 67 ; 88 ; 73 ; 54 ; 218 ; 59 ; 153 ; 96 ; 56 ; 50 ; 73 ; 89 ; 100 ; 53 ; 59 ; 24 ; 149 ; 183 ; 281 ; 100 ; 226 ; 114 ; 209 ; 378 ; 368 
22-Apr;GIRO; 173 ; 172 ; 83 ; 39 ; 96 ; 67 ; 53 ; 74 ; 51 ; 218 ; 62 ; 156 ; 92 ; 55 ; 53 ; 77 ; 92 ; 97 ; 54 ; 61 ; 24 ; 135 ; 183 ; 279 ; 97 ; 224 ; 113 ; 200 ; 387 ; 367 
23-Apr;GIRO; 174 ; 173 ; 83 ; 37 ; 96 ; 66 ; 53 ; 77 ; 53 ; 235 ; 61 ; 154 ; 92 ; 52 ; 48 ; 74 ; 94 ; 101 ; 53 ; 60 ; 22 ; 145 ; 182 ; 273 ; 94 ; 229 ; 118 ; 202 ; 229 ; 371 
24-Apr;GIRO; 178 ; 172 ; 89 ; 40 ; 93 ; 56 ; 53 ; 75 ; 55 ; 239 ; 60 ; 158 ; 92 ; 54 ; 49 ; 64 ; 89 ; 101 ; 51 ; 61 ; 22 ; 128 ; 189 ; 262 ; 93 ; 230 ; 121 ; 203 ; 375 ; 368 
25-Apr;GIRO; 181 ; 172 ; 89 ; 40 ; 94 ; 57 ; 53 ; 77 ; 54 ; 234 ; 62 ; 158 ; 90 ; 55 ; 49 ; 66 ; 92 ; 101 ; 52 ; 61 ; 22 ; 132 ; 190 ; 264 ; 94 ; 223 ; 125 ; 203 ; 373 ; 369 
26-Apr;GIRO; 181 ; 172 ; 92 ; 41 ; 94 ; 59 ; 54 ; 77 ; 56 ; 238 ; 62 ; 159 ; 89 ; 54 ; 50 ; 67 ; 93 ; 103 ; 52 ; 62 ; 22 ; 135 ; 192 ; 266 ; 95 ; 224 ; 128 ; 204 ; 374 ; 375 
27-Apr;GIRO; 180 ; 173 ; 83 ; 42 ; 108 ; 59 ; 55 ; 75 ; 65 ; 226 ; 64 ; 153 ; 90 ; 55 ; 53 ; 61 ; 87 ; 115 ; 55 ; 62 ; 22 ; 122 ; 197 ; 323 ; 94 ; 230 ; 95 ; 201 ; 379 ; 376 
28-Apr;GIRO; 191 ; 173 ; 89 ; 38 ; 108 ; 55 ; 54 ; 72 ; 65 ; 236 ; 64 ; 148 ; 94 ; 52 ; 54 ; 63 ; 79 ; 108 ; 51 ; 65 ; 21 ; 125 ; 194 ; 311 ; 87 ; 228 ; 97 ; 205 ; 369 ; 373 
29-Apr;GIRO; 194 ; 173 ; 88 ; 38 ; 106 ; 60 ; 54 ; 73 ; 69 ; 233 ; 66 ; 156 ; 110 ; 51 ; 52 ; 63 ; 73 ; 119 ; 49 ; 64 ; 21 ; 132 ; 189 ; 341 ; 88 ; 228 ; 106 ; 216 ; 379 ; 371 
30-Apr;GIRO; 197 ; 176 ; 89 ; 41 ; 93 ; 58 ; 57 ; 77 ; 80 ; 232 ; 63 ; 140 ; 109 ; 57 ; 61 ; 75 ; 86 ; 107 ; 58 ; 49 ; 33 ; 147 ; 183 ; 278 ; 93 ; 221 ; 145 ; 210 ; 400 ; 353 
01-May;GIRO; 184 ; 175 ; 94 ; 43 ; 93 ; 55 ; 52 ; 78 ; 66 ; 234 ; 61 ; 137 ; 95 ; 56 ; 61 ; 75 ; 83 ; 104 ; 52 ; 49 ; 33 ; 150 ; 183 ; 278 ; 89 ; 218 ; 130 ; 209 ; 393 ; 363 
02-May;GIRO; 184 ; 175 ; 95 ; 44 ; 93 ; 56 ; 53 ; 78 ; 67 ; 234 ; 61 ; 137 ; 99 ; 54 ; 62 ; 76 ; 82 ; 104 ; 52 ; 49 ; 34 ; 152 ; 182 ; 282 ; 86 ; 216 ; 134 ; 211 ; 386 ; 368 
03-May;GIRO; 185 ; 175 ; 98 ; 43 ; 92 ; 61 ; 53 ; 79 ; 67 ; 234 ; 61 ; 137 ; 101 ; 55 ; 61 ; 76 ; 83 ; 104 ; 52 ; 49 ; 34 ; 155 ; 184 ; 285 ; 86 ; 213 ; 138 ; 212 ; 388 ; 372 
04-May;GIRO; 191 ; 176 ; 79 ; 31 ; 100 ; 61 ; 92 ; 77 ; 63 ; 232 ; 52 ; 105 ; 155 ; 63 ; 57 ; 89 ; 86 ; 101 ; 47 ; 74 ; 16 ; 125 ; 193 ; 264 ; 94 ; 251 ; 89 ; 208 ; 99 ; 312 
05-May;GIRO; 187 ; 175 ; 88 ; 37 ; 103 ; 57 ; 53 ; 76 ; 63 ; 223 ; 61 ; 130 ; 87 ; 56 ; 65 ; 61 ; 72 ; 103 ; 53 ; 49 ; 19 ; 151 ; 184 ; 293 ; 86 ; 215 ; 136 ; 224 ; 357 ; 358 
06-May;GIRO; 183 ; 174 ; 93 ; 36 ; 103 ; 52 ; 51 ; 78 ; 58 ; 221 ; 61 ; 129 ; 82 ; 55 ; 69 ; 80 ; 63 ; 104 ; 64 ; 47 ; 16 ; 153 ; 182 ; 291 ; 83 ; 209 ; 114 ; 235 ; 349 ; 349 
07-May;GIRO; 181 ; 171 ; 93 ; 37 ; 120 ; 52 ; 53 ; 79 ; 60 ; 242 ; 64 ; 131 ; 84 ; 54 ; 60 ; 74 ; 66 ; 101 ; 62 ; 44 ; 17 ; 151 ; 180 ; 256 ; 81 ; 212 ; 118 ; 240 ; 354 ; 349 
08-May;GIRO; 183 ; 167 ; 95 ; 36 ; 103 ; 49 ; 53 ; 78 ; 62 ; 234 ; 65 ; 137 ; 89 ; 59 ; 62 ; 76 ; 69 ; 102 ; 55 ; 43 ; 19 ; 154 ; 183 ; 250 ; 84 ; 219 ; 101 ; 232 ; 347 ; 353 
09-May;GIRO; 183 ; 168 ; 94 ; 35 ; 104 ; 49 ; 53 ; 78 ; 62 ; 235 ; 65 ; 137 ; 87 ; 58 ; 62 ; 78 ; 69 ; 102 ; 51 ; 42 ; 19 ; 158 ; 183 ; 252 ; 85 ; 220 ; 104 ; 232 ; 346 ; 347 
10-May;GIRO; 184 ; 169 ; 99 ; 35 ; 104 ; 50 ; 53 ; 79 ; 62 ; 238 ; 66 ; 138 ; 82 ; 58 ; 63 ; 78 ; 70 ; 104 ; 52 ; 43 ; 20 ; 161 ; 185 ; 254 ; 85 ; 218 ; 107 ; 232 ; 348 ; 352 
11-May;GIRO; 175 ; 169 ; 89 ; 33 ; 103 ; 49 ; 53 ; 74 ; 60 ; 224 ; 66 ; 131 ; 87 ; 58 ; 64 ; 60 ; 71 ; 107 ; 52 ; 44 ; 18 ; 157 ; 186 ; 261 ; 85 ; 227 ; 127 ; 230 ; 378 ; 361 
12-May;GIRO; 180 ; 164 ; 86 ; 32 ; 103 ; 51 ; 54 ; 75 ; 60 ; 227 ; 65 ; 129 ; 87 ; 56 ; 62 ; 68 ; 74 ; 107 ; 51 ; 43 ; 19 ; 159 ; 184 ; 255 ; 86 ; 214 ; 102 ; 241 ; 359 ; 350 
13-May;GIRO; 191 ; 165 ; 86 ; 31 ; 90 ; 56 ; 53 ; 70 ; 66 ; 232 ; 67 ; 131 ; 97 ; 55 ; 62 ; 73 ; 76 ; 105 ; 53 ; 42 ; 19 ; 151 ; 172 ; 244 ; 83 ; 215 ; 136 ; 240 ; 362 ; 339 
14-May;GIRO; 191 ; 164 ; 89 ; 30 ; 90 ; 55 ; 53 ; 70 ; 66 ; 230 ; 67 ; 134 ; 95 ; 56 ; 57 ; 73 ; 77 ; 105 ; 54 ; 41 ; 20 ; 153 ; 174 ; 246 ; 83 ; 215 ; 141 ; 242 ; 364 ; 339 
15-May;GIRO; 191 ; 165 ; 89 ; 29 ; 85 ; 55 ; 52 ; 70 ; 61 ; 235 ; 66 ; 136 ; 94 ; 55 ; 57 ; 64 ; 77 ; 108 ; 52 ; 41 ; 21 ; 156 ; 177 ; 249 ; 84 ; 211 ; 146 ; 246 ; 366 ; 344 
16-May;GIRO; 191 ; 165 ; 93 ; 30 ; 87 ; 55 ; 53 ; 70 ; 58 ; 238 ; 65 ; 136 ; 95 ; 55 ; 57 ; 64 ; 77 ; 108 ; 53 ; 42 ; 22 ; 160 ; 176 ; 253 ; 85 ; 213 ; 150 ; 247 ; 367 ; 350 
17-May;GIRO; 191 ; 165 ; 94 ; 30 ; 88 ; 57 ; 53 ; 71 ; 58 ; 240 ; 66 ; 139 ; 97 ; 54 ; 58 ; 65 ; 79 ; 109 ; 54 ; 43 ; 22 ; 164 ; 176 ; 256 ; 86 ; 212 ; 155 ; 249 ; 370 ; 350 
18-May;GIRO; 197 ; 165 ; 90 ; 32 ; 89 ; 57 ; 55 ; 71 ; 62 ; 228 ; 66 ; 122 ; 94 ; 54 ; 60 ; 65 ; 78 ; 101 ; 58 ; 44 ; 19 ; 153 ; 171 ; 252 ; 87 ; 219 ; 119 ; 248 ; 410 ; 360 
19-May;GIRO; 181 ; 165 ; 82 ; 40 ; 87 ; 57 ; 53 ; 82 ; 62 ; 216 ; 64 ; 121 ; 88 ; 52 ; 62 ; 53 ; 80 ; 101 ; 57 ; 42 ; 19 ; 145 ; 170 ; 251 ; 85 ; 220 ; 98 ; 248 ; 414 ; 357 
20-May;GIRO; 179 ; 164 ; 78 ; 38 ; 86 ; 57 ; 53 ; 81 ; 59 ; 209 ; 70 ; 126 ; 89 ; 53 ; 63 ; 59 ; 75 ; 97 ; 58 ; 42 ; 18 ; 151 ; 177 ; 267 ; 83 ; 214 ; 98 ; 253 ; 410 ; 346 
21-May;GIRO; 182 ; 166 ; 79 ; 37 ; 95 ; 57 ; 54 ; 79 ; 67 ; 215 ; 71 ; 116 ; 133 ; 52 ; 58 ; 63 ; 73 ; 104 ; 56 ; 39 ; 18 ; 141 ; 182 ; 255 ; 85 ; 202 ; 105 ; 255 ; 464 ; 335 
22-May;GIRO; 179 ; 165 ; 78 ; 39 ; 93 ; 56 ; 52 ; 78 ; 69 ; 227 ; 68 ; 119 ; 89 ; 50 ; 57 ; 61 ; 80 ; 98 ; 55 ; 40 ; 69 ; 140 ; 196 ; 271 ; 86 ; 211 ; 140 ; 251 ; 467 ; 333 
23-May;GIRO; 179 ; 165 ; 78 ; 40 ; 93 ; 56 ; 54 ; 77 ; 60 ; 225 ; 68 ; 121 ; 88 ; 49 ; 58 ; 61 ; 82 ; 99 ; 55 ; 42 ; 69 ; 146 ; 192 ; 272 ; 87 ; 212 ; 145 ; 252 ; 467 ; 334 
24-May;GIRO; 180 ; 166 ; 79 ; 39 ; 193 ; 57 ; 54 ; 253 ; 61 ; 226 ; 67 ; 121 ; 87 ; 49 ; 58 ; 62 ; 83 ; 100 ; 54 ; 87 ; 70 ; 78 ; 210 ; 0 ; 152 ; 273 ; 470 ; 148 ; 93 ; 339 
25-May;GIRO; 180 ; 164 ; 77 ; 39 ; 94 ; 56 ; 53 ; 81 ; 58 ; 208 ; 70 ; 113 ; 87 ; 49 ; 60 ; 61 ; 79 ; 100 ; 62 ; 46 ; 70 ; 127 ; 199 ; 260 ; 90 ; 215 ; 100 ; 247 ; 356 ; 347 
26-May;GIRO; 193 ; 167 ; 80 ; 35 ; 71 ; 60 ; 52 ; 75 ; 58 ; 198 ; 67 ; 117 ; 112 ; 49 ; 57 ; 64 ; 78 ; 104 ; 59 ; 45 ; 23 ; 126 ; 200 ; 267 ; 88 ; 216 ; 105 ; 223 ; 374 ; 343 
27-May;GIRO; 193 ; 167 ; 85 ; 36 ; 71 ; 59 ; 52 ; 76 ; 58 ; 198 ; 67 ; 117 ; 112 ; 48 ; 57 ; 64 ; 77 ; 104 ; 59 ; 46 ; 23 ; 131 ; 199 ; 268 ; 89 ; 215 ; 108 ; 225 ; 376 ; 337 
28-May;GIRO; 195 ; 166 ; 86 ; 37 ; 70 ; 59 ; 52 ; 82 ; 58 ; 199 ; 67 ; 120 ; 112 ; 48 ; 55 ; 65 ; 78 ; 98 ; 58 ; 45 ; 24 ; 138 ; 197 ; 271 ; 90 ; 214 ; 112 ; 225 ; 376 ; 340 
29-May;GIRO; 188 ; 172 ; 78 ; 40 ; 71 ; 61 ; 53 ; 76 ; 63 ; 199 ; 67 ; 130 ; 105 ; 50 ; 56 ; 63 ; 77 ; 120 ; 60 ; 51 ; 38 ; 130 ; 181 ; 290 ; 91 ; 212 ; 112 ; 231 ; 396 ; 340 
30-May;GIRO; 191 ; 172 ; 81 ; 40 ; 72 ; 61 ; 56 ; 75 ; 62 ; 203 ; 69 ; 134 ; 106 ; 52 ; 57 ; 65 ; 85 ; 121 ; 60 ; 53 ; 37 ; 137 ; 178 ; 296 ; 96 ; 213 ; 117 ; 222 ; 396 ; 340 
31-May;GIRO; 191 ; 180 ; 84 ; 43 ; 72 ; 63 ; 58 ; 80 ; 66 ; 213 ; 69 ; 138 ; 127 ; 51 ; 63 ; 65 ; 89 ; 122 ; 69 ; 52 ; 38 ; 142 ; 203 ; 375 ; 95 ; 211 ; 123 ; 228 ; 428 ; 346 
01-Jun;GIRO; 178 ; 179 ; 84 ; 43 ; 72 ; 63 ; 54 ; 76 ; 62 ; 217 ; 68 ; 124 ; 109 ; 51 ; 62 ; 62 ; 90 ; 119 ; 63 ; 51 ; 38 ; 146 ; 182 ; 302 ; 94 ; 211 ; 113 ; 229 ; 389 ; 366 
02-Jun;GIRO; 196 ; 179 ; 79 ; 39 ; 69 ; 63 ; 53 ; 72 ; 65 ; 204 ; 73 ; 114 ; 309 ; 55 ; 60 ; 70 ; 80 ; 103 ; 60 ; 59 ; 20 ; 159 ; 198 ; 286 ; 93 ; 207 ; 133 ; 229 ; 292 ; 361 
03-Jun;GIRO; 183 ; 177 ; 78 ; 33 ; 67 ; 61 ; 52 ; 78 ; 60 ; 211 ; 72 ; 117 ; 143 ; 54 ; 63 ; 72 ; 82 ; 101 ; 60 ; 59 ; 20 ; 156 ; 180 ; 286 ; 90 ; 211 ; 137 ; 223 ; 225 ; 348 
04-Jun;GIRO; 172 ; 175 ; 75 ; 35 ; 64 ; 62 ; 52 ; 77 ; 64 ; 197 ; 70 ; 116 ; 193 ; 54 ; 53 ; 73 ; 79 ; 100 ; 60 ; 53 ; 18 ; 138 ; 174 ; 300 ; 90 ; 216 ; 105 ; 219 ; 218 ; 344 
05-Jun;GIRO; 174 ; 164 ; 75 ; 31 ; 63 ; 63 ; 51 ; 79 ; 73 ; 198 ; 70 ; 121 ; 81 ; 53 ; 54 ; 76 ; 82 ; 98 ; 66 ; 65 ; 19 ; 142 ; 166 ; 297 ; 90 ; 214 ; 120 ; 221 ; 253 ; 377 
06-Jun;GIRO; 174 ; 164 ; 77 ; 31 ; 64 ; 61 ; 52 ; 80 ; 64 ; 201 ; 71 ; 120 ; 80 ; 54 ; 55 ; 77 ; 83 ; 99 ; 66 ; 66 ; 20 ; 147 ; 165 ; 301 ; 91 ; 214 ; 125 ; 222 ; 254 ; 380 
07-Jun;GIRO; 174 ; 164 ; 78 ; 31 ; 64 ; 61 ; 53 ; 80 ; 64 ; 203 ; 71 ; 119 ; 80 ; 54 ; 55 ; 77 ; 85 ; 99 ; 66 ; 66 ; 20 ; 151 ; 166 ; 303 ; 91 ; 213 ; 130 ; 224 ; 257 ; 383 
08-Jun;GIRO; 172 ; 164 ; 79 ; 45 ; 64 ; 61 ; 57 ; 82 ; 62 ; 195 ; 70 ; 111 ; 80 ; 52 ; 58 ; 66 ; 84 ; 100 ; 58 ; 60 ; 21 ; 140 ; 155 ; 302 ; 97 ; 212 ; 138 ; 224 ; 218 ; 382 
09-Jun;GIRO; 173 ; 163 ; 80 ; 46 ; 81 ; 59 ; 56 ; 76 ; 60 ; 208 ; 68 ; 115 ; 97 ; 54 ; 57 ; 74 ; 83 ; 102 ; 60 ; 59 ; 21 ; 141 ; 155 ; 300 ; 98 ; 209 ; 87 ; 227 ; 221 ; 361 
10-Jun;GIRO; 169 ; 153 ; 79 ; 39 ; 68 ; 59 ; 51 ; 77 ; 61 ; 192 ; 68 ; 115 ; 87 ; 53 ; 58 ; 65 ; 81 ; 105 ; 57 ; 58 ; 20 ; 150 ; 162 ; 298 ; 97 ; 198 ; 95 ; 225 ; 218 ; 358 
11-Jun;GIRO; 161 ; 158 ; 79 ; 41 ; 65 ; 68 ; 52 ; 74 ; 60 ; 215 ; 64 ; 119 ; 85 ; 54 ; 53 ; 71 ; 84 ; 99 ; 55 ; 57 ; 18 ; 154 ; 160 ; 300 ; 104 ; 212 ; 106 ; 227 ; 216 ; 354 
12-Jun;GIRO; 161 ; 158 ; 81 ; 45 ; 53 ; 68 ; 52 ; 80 ; 72 ; 225 ; 65 ; 125 ; 135 ; 63 ; 53 ; 71 ; 83 ; 103 ; 60 ; 63 ; 21 ; 150 ; 170 ; 311 ; 104 ; 218 ; 212 ; 312 ; 107 ; 345 
13-Jun;GIRO; 160 ; 158 ; 81 ; 45 ; 53 ; 66 ; 51 ; 81 ; 68 ; 225 ; 65 ; 128 ; 133 ; 63 ; 53 ; 71 ; 83 ; 103 ; 57 ; 64 ; 21 ; 154 ; 167 ; 313 ; 105 ; 217 ; 216 ; 295 ; 108 ; 370 
14-Jun;GIRO; 161 ; 158 ; 84 ; 44 ; 53 ; 67 ; 53 ; 83 ; 69 ; 227 ; 65 ; 130 ; 132 ; 63 ; 54 ; 72 ; 84 ; 104 ; 57 ; 65 ; 23 ; 156 ; 168 ; 314 ; 109 ; 216 ; 219 ; 289 ; 110 ; 372 
15-Jun;GIRO; 164 ; 159 ; 81 ; 40 ; 44 ; 67 ; 52 ; 84 ; 59 ; 205 ; 63 ; 117 ; 96 ; 63 ; 56 ; 67 ; 83 ; 105 ; 59 ; 58 ; 19 ; 156 ; 166 ; 310 ; 107 ; 210 ; 146 ; 264 ; 116 ; 367 
16-Jun;GIRO; 164 ; 159 ; 79 ; 38 ; 45 ; 66 ; 51 ; 83 ; 59 ; 208 ; 63 ; 120 ; 96 ; 62 ; 57 ; 67 ; 85 ; 107 ; 58 ; 57 ; 20 ; 160 ; 165 ; 312 ; 107 ; 214 ; 150 ; 264 ; 119 ; 362 
17-Jun;GIRO; 168 ; 159 ; 80 ; 40 ; 42 ; 68 ; 50 ; 79 ; 61 ; 210 ; 59 ; 123 ; 124 ; 53 ; 58 ; 69 ; 85 ; 103 ; 61 ; 56 ; 19 ; 149 ; 164 ; 322 ; 102 ; 215 ; 96 ; 259 ; 126 ; 350 
18-Jun;GIRO; 163 ; 161 ; 81 ; 44 ; 42 ; 68 ; 50 ; 77 ; 60 ; 236 ; 62 ; 124 ; 359 ; 56 ; 49 ; 71 ; 84 ; 104 ; 61 ; 55 ; 19 ; 141 ; 169 ; 317 ; 100 ; 219 ; 108 ; 264 ; 347 ; 357 
19-Jun;GIRO; 164 ; 160 ; 78 ; 52 ; 42 ; 70 ; 50 ; 78 ; 63 ; 242 ; 61 ; 128 ; 103 ; 56 ; 53 ; 69 ; 105 ; 108 ; 61 ; 56 ; 20 ; 150 ; 178 ; 313 ; 97 ; 230 ; 193 ; 254 ; 380 ; 374 
20-Jun;GIRO; 164 ; 159 ; 78 ; 44 ; 43 ; 68 ; 51 ; 77 ; 60 ; 244 ; 62 ; 124 ; 92 ; 51 ; 52 ; 70 ; 106 ; 107 ; 60 ; 57 ; 20 ; 159 ; 175 ; 317 ; 97 ; 230 ; 202 ; 256 ; 387 ; 391 
21-Jun;GIRO; 165 ; 160 ; 83 ; 44 ; 44 ; 69 ; 51 ; 78 ; 60 ; 246 ; 63 ; 125 ; 91 ; 51 ; 53 ; 71 ; 107 ; 108 ; 60 ; 57 ; 20 ; 164 ; 177 ; 318 ; 98 ; 230 ; 206 ; 258 ; 391 ; 394 
22-Jun;GIRO; 158 ; 149 ; 80 ; 41 ; 44 ; 71 ; 52 ; 80 ; 57 ; 237 ; 60 ; 117 ; 93 ; 53 ; 51 ; 93 ; 90 ; 109 ; 61 ; 57 ; 21 ; 144 ; 169 ; 324 ; 99 ; 234 ; 211 ; 250 ; 386 ; 368 
23-Jun;GIRO; 157 ; 149 ; 81 ; 39 ; 45 ; 71 ; 52 ; 76 ; 79 ; 220 ; 59 ; 115 ; 93 ; 50 ; 52 ; 105 ; 84 ; 103 ; 62 ; 56 ; 19 ; 136 ; 185 ; 319 ; 100 ; 237 ; 164 ; 250 ; 380 ; 362 
24-Jun;GIRO; 154 ; 149 ; 81 ; 39 ; 62 ; 71 ; 51 ; 77 ; 80 ; 214 ; 61 ; 113 ; 91 ; 51 ; 54 ; 92 ; 88 ; 127 ; 63 ; 57 ; 22 ; 135 ; 184 ; 316 ; 99 ; 229 ; 206 ; 252 ; 402 ; 363 
25-Jun;GIRO; 168 ; 144 ; 98 ; 42 ; 58 ; 69 ; 51 ; 77 ; 80 ; 197 ; 64 ; 113 ; 497 ; 53 ; 50 ; 98 ; 83 ; 136 ; 64 ; 59 ; 20 ; 132 ; 186 ; 311 ; 99 ; 227 ; 239 ; 234 ; 346 ; 340 
26-Jun;GIRO; 165 ; 148 ; 86 ; 46 ; 56 ; 68 ; 51 ; 83 ; 83 ; 199 ; 63 ; 121 ; 91 ; 52 ; 52 ; 81 ; 88 ; 135 ; 64 ; 65 ; 22 ; 134 ; 247 ; 319 ; 101 ; 236 ; 239 ; 233 ; 457 ; 339 
27-Jun;GIRO; 166 ; 146 ; 86 ; 42 ; 57 ; 69 ; 49 ; 80 ; 83 ; 201 ; 56 ; 122 ; 89 ; 53 ; 52 ; 81 ; 90 ; 136 ; 65 ; 65 ; 21 ; 140 ; 250 ; 324 ; 100 ; 234 ; 242 ; 237 ; 454 ; 341 
28-Jun;GIRO; 166 ; 147 ; 90 ; 43 ; 57 ; 70 ; 50 ; 85 ; 82 ; 202 ; 55 ; 122 ; 89 ; 53 ; 53 ; 82 ; 89 ; 138 ; 65 ; 66 ; 21 ; 145 ; 249 ; 326 ; 100 ; 233 ; 247 ; 238 ; 456 ; 345 
29-Jun;GIRO; 170 ; 145 ; 94 ; 37 ; 57 ; 69 ; 51 ; 81 ; 84 ; 243 ; 56 ; 123 ; 150 ; 73 ; 56 ; 81 ; 88 ; 133 ; 66 ; 78 ; 22 ; 126 ; 248 ; 348 ; 100 ; 235 ; 220 ; 232 ; 460 ; 347 
30-Jun;GIRO; 191 ; 146 ; 93 ; 40 ; 57 ; 68 ; 51 ; 81 ; 87 ; 257 ; 60 ; 132 ; 170 ; 70 ; 66 ; 86 ; 105 ; 135 ; 67 ; 93 ; 34 ; 120 ; 234 ; 356 ; 107 ; 224 ; 182 ; 232 ; 357 ; 345 
01-Jul;GIRO; 172 ; 154 ; 90 ; 34 ; 55 ; 65 ; 49 ; 71 ; 84 ; 216 ; 59 ; 131 ; 146 ; 69 ; 65 ; 74 ; 87 ; 141 ; 65 ; 65 ; 29 ; 116 ; 227 ; 439 ; 98 ; 222 ; 166 ; 230 ; 329 ; 346 
02-Jul;GIRO; 151 ; 152 ; 84 ; 30 ; 55 ; 64 ; 49 ; 70 ; 82 ; 213 ; 59 ; 121 ; 173 ; 63 ; 52 ; 74 ; 81 ; 122 ; 61 ; 62 ; 29 ; 119 ; 233 ; 329 ; 97 ; 218 ; 173 ; 240 ; 231 ; 338 
03-Jul;GIRO; 145 ; 147 ; 86 ; 40 ; 52 ; 65 ; 50 ; 77 ; 80 ; 209 ; 61 ; 124 ; 172 ; 60 ; 56 ; 72 ; 84 ; 119 ; 64 ; 60 ; 18 ; 118 ; 263 ; 315 ; 96 ; 217 ; 206 ; 239 ; 232 ; 339 
04-Jul;GIRO; 145 ; 147 ; 87 ; 38 ; 52 ; 66 ; 50 ; 77 ; 79 ; 211 ; 61 ; 124 ; 171 ; 58 ; 58 ; 74 ; 84 ; 120 ; 63 ; 60 ; 19 ; 120 ; 265 ; 319 ; 97 ; 221 ; 210 ; 241 ; 235 ; 341 
05-Jul;GIRO; 146 ; 147 ; 88 ; 38 ; 53 ; 67 ; 51 ; 78 ; 79 ; 212 ; 61 ; 126 ; 171 ; 58 ; 58 ; 75 ; 85 ; 121 ; 64 ; 60 ; 19 ; 124 ; 264 ; 322 ; 98 ; 220 ; 213 ; 244 ; 237 ; 341 
06-Jul;GIRO; 138 ; 148 ; 87 ; 35 ; 69 ; 69 ; 51 ; 78 ; 81 ; 217 ; 55 ; 115 ; 166 ; 57 ; 59 ; 72 ; 80 ; 119 ; 67 ; 58 ; 20 ; 118 ; 245 ; 344 ; 101 ; 219 ; 152 ; 249 ; 207 ; 340 
07-Jul;GIRO; 136 ; 146 ; 88 ; 35 ; 66 ; 68 ; 50 ; 78 ; 78 ; 232 ; 55 ; 113 ; 188 ; 57 ; 60 ; 88 ; 77 ; 119 ; 70 ; 57 ; 22 ; 117 ; 243 ; 322 ; 101 ; 224 ; 102 ; 250 ; 153 ; 325 
08-Jul;GIRO; 131 ; 146 ; 90 ; 31 ; 48 ; 71 ; 49 ; 89 ; 80 ; 234 ; 53 ; 111 ; 177 ; 59 ; 62 ; 80 ; 78 ; 97 ; 64 ; 56 ; 24 ; 116 ; 247 ; 320 ; 96 ; 226 ; 115 ; 244 ; 155 ; 317 
