UKER;;KC Purwakarta;KC Subang;KC Indramayu;KC Jatibarang;KC Pamanukan;KC Sumedang;KC Majalengka;KC Cirebon Gunung Jati;KC Kuningan;KC Cirebon Kartini;KC Singaparna;KC Tasikmalaya;KC Garut;KC Ciamis;KC Banjar;KC Cibadak;KC Sukabumi;KC Cimahi;KC Cianjur;KC Soreang;KC Majalaya;KC Bandung Sukarno Hatta;KC Bandung A.H. Nasution;KC Bandung Setiabudi;KC Bandung Naripan;KC Bandung Kopo;KC Bandung Martadinata;KC Bandung AA;KC Bandung Dewi Sartika;KC Bandung Dago;;;;;;;;
31-Dec;CASA;690,61;720,82;988,62;1.156,66;686,87;935,61;1.232,39;856,56;1.236,05;980,36;667,85;977,42;1.353,06;927,91;973,72;730,12;852,88;1.144,86;970,77;759,08;928,86;321,75;896,27;538,04;526,5;382,35;350,2; 0,00 ; 0,00 ; 0,00 ;22.786,21;4.243,58;5.240,98;4.899,96;5.386,56;3.015,12;;
01-Jan;CASA;688;724,53;976,1;1.147,27;678,05;940,68;1.223,06;858,39;1.237,22;975,66;657,19;978,93;1.345,20;931,87;965,61;726,6;855,64;1.157,38;972,88;759,9;931,37;442,8;406,65;332;355,76;385;423,06; 0,00 ; 282,00 ; 375,00 ;281,55;374,6;22.732,94;4.213,95;5.235,02;4.878,79;5.403,78;3.001,40
02-Jan;CASA;688;724,53;976,1;1.147,27;678,05;940,68;1.223,06;858,39;1.237,22;975,66;657,19;978,93;1.345,20;931,87;965,61;726,6;855,64;1.157,38;972,88;759,9;931,37;442,8;406,65;332;355,76;385;423,06; -5,00 ; 282,00 ; 372,00 ;281,55;374,6;22.732,94;4.213,95;5.235,02;4.878,79;5.403,78;3.001,40
03-Jan;CASA;685,79;721,65;971,92;1.144,66;676,17;937,48;1.217,23;855,72;1.234,20;969,12;655,59;974,46;1.341,82;926,46;960,46;723,73;852,56;1.153,03;970,01;760,31;927,69;441,05;405,17;330,03;354,74;383,13;420,48; -2,00 ; 279,00 ; 370,00 ;279,12;372,29;22.646,07;4.200,18;5.213,75;4.858,79;5.387,32;2.986,02
04-Jan;CASA;682,67;717,25;969,29;1.140,43;671,68;935,02;1.211,51;852,4;1.230,62;966,1;652,73;971;1.336,18;922,4;955,25;721,24;848,52;1.149,91;964,83;760,96;923,98;439,68;403,43;327,8;352,94;380,76;418,99; -14,00 ; 206,00 ; 322,00 ;278,59;371;22.557,16;4.181,32;5.195,65;4.837,55;5.369,44;2.973,19
05-Jan;CASA;683,73;713,03;967,97;1.145,08;666,97;934,66;1.213,07;853,77;1.228,75;968,45;650,21;965,11;1.342,89;917,19;952,14;719,45;842,43;1.143,44;961,51;762,1;923,64;437,61;403,13;326,47;348,37;427,83;417,08; -5,00 ; 318,00 ; 369,00 ;277,71;369,01;22.562,76;4.176,77;5.198,70;4.827,53;5.352,57;3.007,19
06-Jan;CASA;681,16;708,97;965,05;1.145,30;664,76;933,23;1.213,56;851,34;1.227,91;968,1;647,89;962,99;1.338,35;915,8;948,77;718,04;843,9;1.142,87;962,46;759,76;920,6;439,86;402,72;324,53;347,15;428,29;416,56; -44,00 ; 277,00 ; 365,00 ;277,04;368,88;22.525,83;4.165,23;5.194,13;4.813,81;5.347,63;3.005,03
07-Jan;CASA;680,35;710,41;963,06;1.142,72;661,71;932,1;1.215,63;852,67;1.227,33;965,04;644,99;961,76;1.334,18;914,2;946,67;716,4;840,98;1.143,31;958,46;758,23;917,67;438,58;402,14;324,68;345,63;426,05;415,79; 16,00 ; 255,00 ; 338,00 ;275,99;368,29;22.485,00;4.158,25;5.192,76;4.801,80;5.335,05;2.997,15
08-Jan;CASA;681,25;708,43;964,53;1.143,12;661,27;932,21;1.212,86;852,66;1.226,00;965,93;646,37;962,71;1.333,51;912,57;946,28;723,12;843,99;1.141,27;959,34;756,64;915,83;438,94;401,61;325,72;343,76;428,23;414,56; -34,00 ; 263,00 ; 361,00 ;274,7;366,93;22.484,32;4.158,60;5.189,66;4.801,44;5.340,19;2.994,44
09-Jan;CASA;682,88;718,19;968,17;1.149,26;665,64;934,08;1.218,81;862,39;1.229,27;970,41;647,8;960,5;1.338,83;915,03;946,04;729,65;844,74;1.143,31;960,28;764,76;917,26;440,18;403,41;326,13;345,11;427,01;416,61; -3,00 ; 273,00 ; 365,00 ;273,85;368,4;22.567,97;4.184,13;5.214,96;4.808,20;5.359,99;3.000,70
10-Jan;CASA;679,25;717,27;965,06;1.143,69;665,28;930,32;1.214,37;859,42;1.226,74;965,23;646,75;956,61;1.335,35;909,69;944,5;725,99;841,79;1.136,39;958,17;763,03;913,37;438,83;401,62;323,79;342,86;424,9;414,47; 2,00 ; 272,00 ; 366,00 ;271,65;366,38;22.482,77;4.170,55;5.196,07;4.792,91;5.338,73;2.984,51
11-Jan;CASA;677,89;710,83;961,86;1.142,50;663,43;927,36;1.210,31;856,28;1.223,75;961,79;643,6;953,37;1.329,21;906,81;940,72;724,03;839,63;1.131,16;956,42;761,15;909,87;437,2;400,19;322,22;342,22;423,15;412,93; -6,00 ; 271,00 ; 366,00 ;270,39;365,78;22.406,03;4.156,50;5.179,49;4.773,71;5.322,25;2.974,08
12-Jan;CASA;676,74;707,58;962,86;1.144,04;662,05;930,4;1.209,16;852,74;1.226,48;962,9;643,56;957,8;1.330,13;907,04;944,83;723,92;836,39;1.130,77;954,38;755,04;909,89;437,28;401,28;321,89;342,01;425,89;412,89; -2,00 ; 275,00 ; 355,00 ;273,52;365,72;22.409,20;4.153,27;5.181,69;4.783,36;5.310,39;2.980,49
13-Jan;CASA;677;705,04;959,07;1.139,01;655,04;931,51;1.211,02;854,44;1.224,09;962,44;641,02;956,14;1.325,30;905,01;943,06;724,02;832,7;1.129,08;950,13;751,02;907,93;436;400;322,25;343,27;424,01;412,01; 0,00 ; 265,00 ; 364,00 ;264,53;364;22.245,47;4.135,25;5.119,99;4.590,04;5.811,03;3.589,17
14-Jan;CASA;679,89;709,25;957,45;1.139,23;655,32;927,21;1.213,94;853,81;1.224,81;963,59;643,19;955,1;1.324,97;904,72;941,96;722;835,24;1.129,73;948,11;751,78;909,53;434,75;401,14;325,02;343,08;424,01;412,02; 0,00 ; 265,00 ; 365,00 ;265,72;365,33;22.280,63;4.141,75;5.104,76;4.603,45;5.828,21;3.602,47
15-Jan;CASA;679,58;713,15;959,01;1.142,60;659,42;932,35;1.212,56;852,58;1.228,15;963,51;640,72;952,00;1.324,33;903,87;941,38;722,29;837,74;1.131,43;949,80;749,20;909,56;434,56;402,44;326,28;342,35;423,23;412,60; 0,00 ; 265,00 ; 364,00 ;;
16-Jan;CASA;674,1;708,07;952,94;1.137,66;655,86;928,01;1.205,92;849,18;1.220,16;960,3;638,43;948,21;1.314,90;897,99;935,53;716,06;833,3;1.125,55;942,87;745,88;902,42;432,96;399,71;325,09;339,34;420,18;410,96; 0,00 ; 266,00 ; 362,00 ;;;;;;;;
17-Jan;CASA;671,68;705,29;948,72;1.133,73;652,71;929,38;1.201,89;851,13;1.217,06;955,29;640,65;947,47;1.316,61;895,28;937,07;714,29;831,27;1.121,69;943,12;744,69;899,74;431,13;396,62;323,05;338,46;420,46;408,67; 0,00 ; 264,00 ; 361,00 ;;;;;;;;
18-Jan;CASA;668,56;704,12;944,70;1.129,78;650,02;926,80;1.196,96;848,75;1.214,15;952,29;637,88;943,57;1.310,93;894,02;931,70;712,05;828,31;1.114,97;938,71;742,94;895,21;429,94;394,93;321,27;336,35;418,86;407,72; 0,00 ; 263,00 ; 361,00 ;;;;;;;;
19-Jan;CASA; 668,53 ; 700,42 ; 946,88 ; 1.129,98 ; 645,47 ; 928,79 ; 1.198,41 ; 846,62 ; 1.215,80 ; 952,23 ; 637,43 ; 948,36 ; 1.314,86 ; 897,05 ; 934,38 ; 710,70 ; 828,93 ; 1.113,13 ; 941,81 ; 744,22 ; 898,78 ; 430,94 ; 394,96 ; 323,12 ; 339,68 ; 419,34 ; 409,65 ; 0,00 ; 264,00 ; 360,00 
20-Jan;CASA; 665,04 ; 695,59 ; 946,36 ; 1.127,26 ; 642,23 ; 926,47 ; 1.194,27 ; 845,29 ; 1.210,73 ; 951,56 ; 633,53 ; 942,37 ; 1.303,89 ; 892,78 ; 933,22 ; 709,44 ; 826,53 ; 1.109,64 ; 934,79 ; 740,99 ; 895,91 ; 429,20 ; 395,76 ; 322,96 ; 339,36 ; 417,15 ; 405,12 ; 0,00 ; 261,00 ; 360,00 
21-Jan;CASA; 661,00 ; 695,09 ; 945,06 ; 1.128,01 ; 641,04 ; 925,26 ; 1.194,02 ; 841,29 ; 1.210,09 ; 948,72 ; 633,02 ; 942,14 ; 1.304,35 ; 891,01 ; 930,06 ; 707,02 ; 829,81 ; 1.108,08 ; 930,12 ; 742,02 ; 892,12 ; 428,00 ; 395,00 ; 323,25 ; 338,08 ; 417,01 ; 405,01; 0,00 ; 261,00 ; 356,00 
22-Jan;CASA; 663,00 ; 694,09 ; 950,07 ; 1.129,01 ; 641,04 ; 924,41 ; 1.196,02 ; 841,14 ; 1.211,09 ; 948,76 ; 632,02 ; 942,14 ; 1.309,44 ; 891,01 ; 934,06 ; 707,02 ; 826,87 ; 1.107,08 ; 929,18 ; 741,02 ; 891,12 ; 430,00 ; 397,00 ; 323,25 ; 337,11 ; 417,01 ; 406,01; 0,00 ; 261,00 ; 356,00 
24-Jan;CASA; 674,00 ; 705,08 ; 953,07 ; 1.133,01 ; 643,04 ; 931,68 ; 1.201,02 ; 847,25 ; 1.221,09 ; 951,13 ; 644,02 ; 950,14 ; 1.323,25 ; 903,01 ; 940,07 ; 713,02 ; 839,13 ; 1.116,08 ; 940,13 ; 747,02 ; 897,12 ; 433,00 ; 398,00 ; 325,27 ; 338,11 ; 419,01 ; 405,01; 0,00 ; 262,00 ; 358,00 
25-Jan;CASA; 666,00 ; 700,08 ; 948,06 ; 1.125,01 ; 638,04 ; 923,87 ; 1.194,02 ; 841,25 ; 1.218,09 ; 944,13 ; 636,02 ; 940,14 ; 1.308,30 ; 894,01 ; 932,06 ; 706,02 ; 830,13 ; 1.103,08 ; 932,13 ; 742,02 ; 889,12 ; 431,00 ; 394,00 ; 322,27 ; 335,11 ; 416,03 ; 402,01 ; 0,00 ; 259,00 ; 354,00 
26-Jan;CASA; 667,00 ; 704,08 ; 943,03 ; 1.125,01 ; 641,04 ; 923,30 ; 1.197,02 ; 841,26 ; 1.217,09 ; 944,21 ; 641,02 ; 945,14 ; 1.308,45 ; 898,01 ; 936,06 ; 705,02 ; 832,72 ; 1.103,07 ; 934,13 ; 741,02 ; 893,12 ; 433,00 ; 393,00 ; 322,25 ; 337,12 ; 418,02 ; 403,01 ; 0,00 ; 260,00 ; 355,00 
27-Jan;CASA; 671,00 ; 704,08 ; 948,03 ; 1.129,01 ; 641,04 ; 923,19 ; 1.197,02 ; 843,25 ; 1.216,09 ; 946,27 ; 643,02 ; 947,14 ; 1.310,36 ; 899,01 ; 937,06 ; 705,02 ; 833,72 ; 1.106,07 ; 940,08 ; 743,02 ; 894,12 ; 434,00 ; 393,00 ; 324,25 ; 337,14 ; 418,02 ; 404,01 ; 0,00 ; 259,00 ; 354,00 
28-Jan;CASA; 674,00 ; 705,08 ; 951,04 ; 1.132,01 ; 644,04 ; 927,24 ; 1.200,02 ; 848,06 ; 1.221,09 ; 950,32 ; 643,02 ; 948,14 ; 1.313,40 ; 901,01 ; 939,06 ; 712,02 ; 837,80 ; 1.107,07 ; 944,07 ; 745,02 ; 900,12 ; 430,00 ; 394,00 ; 326,25 ; 338,14 ; 419,02 ; 404,01 ; 0,00 ; 259,00 ; 357,00 
29-Jan;CASA; 675,00 ; 705,10 ; 951,04 ; 1.135,01 ; 647,04 ; 939,30 ; 1.203,02 ; 845,26 ; 1.223,09 ; 951,14 ; 648,02 ; 949,14 ; 1.315,46 ; 903,05 ; 940,06 ; 711,02 ; 838,77 ; 1.113,07 ; 945,07 ; 745,02 ; 896,12 ; 432,00 ; 394,00 ; 327,25 ; 337,86 ; 420,01 ; 403,01 ; 0,00 ; 259,00 ; 359,00 
30-Jan;CASA; 683,00 ; 711,10 ; 956,08 ; 1.139,01 ; 650,04 ; 939,36 ; 1.211,02 ; 846,36 ; 1.233,09 ; 958,23 ; 656,02 ; 959,14 ; 1.327,60 ; 909,06 ; 950,06 ; 717,02 ; 848,42 ; 1.129,07 ; 957,07 ; 754,02 ; 907,12 ; 434,00 ; 397,00 ; 327,25 ; 340,15 ; 422,01 ; 406,01 ; 0,00 ; 260,00 ; 361,00 
31-Jan;CASA; 685,00 ; 716,10 ; 967,03 ; 1.141,01 ; 655,04 ; 944,38 ; 1.219,02 ; 852,13 ; 1.239,09 ; 960,23 ; 669,02 ; 969,14 ; 1.348,28 ; 913,06 ; 959,06 ; 721,02 ; 856,42 ; 1.135,07 ; 967,07 ; 758,03 ; 911,12 ; 434,00 ; 397,00 ; 328,25 ; 340,16 ; 423,01 ; 405,01 ; 0,00 ; 261,00 ; 361,00 
01-Feb;CASA; 686,00 ; 713,10 ; 956,05 ; 1.145,01 ; 652,04 ; 946,34 ; 1.221,02 ; 852,30 ; 1.245,09 ; 961,24 ; 666,02 ; 972,14 ; 1.343,43 ; 920,06 ; 960,06 ; 722,02 ; 854,94 ; 1.144,07 ; 970,07 ; 756,02 ; 907,12 ; 438,00 ; 400,00 ; 335,25 ; 347,17 ; 424,05 ; 412,01 ; 0,00 ; 267,00 ; 367,00 ; 1.343,43 ; 1.343,43 ; 1.343,43 ; 1.343,43 ; 1.343,43 ; 1.343,43 ; 1.343,43 ; 1.343,43 
02-Feb;CASA; 686,00 ; 713,10 ; 956,05 ; 1.145,01 ; 652,04 ; 946,34 ; 1.221,02 ; 852,30 ; 1.245,09 ; 961,24 ; 666,02 ; 972,14 ; 1.343,43 ; 920,06 ; 960,06 ; 722,02 ; 854,94 ; 1.144,07 ; 970,07 ; 756,02 ; 907,12 ; 438,00 ; 400,00 ; 335,25 ; 347,17 ; 424,05 ; 412,01 ; 0,00 ; 267,00 ; 367,00 ; 1.343,43 ; 1.343,43 ; 1.343,43 ; 1.343,43 ; 1.343,43 ; 1.343,43 ; 1.343,43 ; 1.343,43 
03-Feb;CASA; 685,00 ; 710,09 ; 958,05 ; 1.147,01 ; 649,04 ; 910,76 ; 1.214,02 ; 851,33 ; 1.241,10 ; 959,29 ; 661,02 ; 971,14 ; 1.339,38 ; 918,06 ; 956,06 ; 718,02 ; 850,04 ; 1.142,07 ; 969,03 ; 755,04 ; 905,12 ; 435,00 ; 401,00 ; 331,15 ; 345,17 ; 423,01 ; 410,01 ; 0,00 ; 265,00 ; 363,00 ; 1.339,38 ; 1.339,38 ; 1.339,38 ; 1.339,38 ; 1.339,38 ; 1.339,38 ; 1.339,38 ; 1.339,38 
04-Feb;CASA; 683,00 ; 709,09 ; 954,07 ; 1.144,01 ; 645,04 ; 912,17 ; 1.214,02 ; 851,18 ; 1.239,09 ; 954,58 ; 660,02 ; 974,14 ; 1.336,38 ; 918,06 ; 953,06 ; 715,02 ; 851,98 ; 1.141,07 ; 965,03 ; 756,02 ; 905,12 ; 432,00 ; 402,00 ; 330,15 ; 347,20 ; 422,01 ; 408,01 ; 0,00 ; 264,00 ; 365,00 
05-Feb;CASA; 685,00 ; 707,09 ; 958,07 ; 1.149,01 ; 646,04 ; 913,21 ; 1.210,02 ; 849,32 ; 1.240,09 ; 959,62 ; 661,02 ; 975,14 ; 1.342,46 ; 916,06 ; 953,06 ; 717,02 ; 849,29 ; 1.139,07 ; 960,03 ; 753,02 ; 904,12 ; 434,00 ; 400,00 ; 331,25 ; 347,24 ; 423,01 ; 406,01 ; 0,00 ; 264,00 ; 364,00 
06-Feb;CASA; 685,00 ; 730,09 ; 963,07 ; 1.151,01 ; 666,04 ; 946,24 ; 1.244,02 ; 851,07 ; 1.244,09 ; 961,65 ; 689,02 ; 997,14 ; 1.349,28 ; 913,06 ; 971,06 ; 720,02 ; 860,50 ; 1.146,07 ; 1.023,03 ; 758,02 ; 908,12 ; 434,00 ; 402,00 ; 331,15 ; 345,26 ; 426,01 ; 408,01 ; 0,00 ; 264,00 ; 363,00 
07-Feb;CASA; 684,00 ; 717,09 ; 956,06 ; 1.147,01 ; 654,04 ; 935,28 ; 1.232,02 ; 849,27 ; 1.244,09 ; 955,65 ; 680,02 ; 991,14 ; 1.356,65 ; 911,06 ; 969,06 ; 718,02 ; 859,25 ; 1.141,07 ; 1.001,03 ; 757,02 ; 905,12 ; 433,00 ; 399,00 ; 329,15 ; 343,27 ; 423,01 ; 406,01 ; 0,00 ; 263,00 ; 362,00 
08-Feb;CASA; 681,00 ; 710,09 ; 954,03 ; 1.144,01 ; 648,04 ; 926,28 ; 1.222,02 ; 847,14 ; 1.240,09 ; 952,65 ; 673,02 ; 982,14 ; 1.350,50 ; 907,06 ; 965,06 ; 715,02 ; 856,27 ; 1.137,07 ; 988,03 ; 753,02 ; 901,12 ; 431,00 ; 398,00 ; 328,15 ; 342,27 ; 421,01 ; 404,01 ; 0,00 ; 263,00 ; 361,00 
09-Feb;CASA; 682,00 ; 707,09 ; 962,04 ; 1.150,01 ; 646,04 ; 923,19 ; 1.218,02 ; 844,13 ; 1.240,09 ; 962,68 ; 674,02 ; 982,14 ; 1.344,26 ; 907,06 ; 960,06 ; 720,02 ; 855,54 ; 1.139,06 ; 978,15 ; 758,03 ; 905,12 ; 430,00 ; 397,00 ; 329,15 ; 340,02 ; 423,01 ; 407,01 ; 0,00 ; 264,00 ; 361,00 
10-Feb;CASA; 681,00 ; 711,10 ; 962,04 ; 1.154,01 ; 652,04 ; 918,23 ; 1.213,02 ; 849,34 ; 1.241,09 ; 962,72 ; 668,02 ; 977,14 ; 1.352,40 ; 909,06 ; 960,06 ; 721,02 ; 853,80 ; 1.138,06 ; 972,15 ; 756,02 ; 902,04 ; 430,00 ; 398,00 ; 327,15 ; 340,03 ; 422,01 ; 406,01 ; 0,00 ; 264,00 ; 361,00 
11-Feb;CASA; 679,00 ; 746,10 ; 961,03 ; 1.160,01 ; 680,04 ; 973,34 ; 1.281,02 ; 845,32 ; 1.238,09 ; 958,78 ; 715,02 ; 1.012,14 ; 1.339,32 ; 905,06 ; 987,06 ; 717,02 ; 854,43 ; 1.137,06 ; 1.062,12 ; 760,02 ; 901,04 ; 429,00 ; 398,00 ; 326,15 ; 339,04 ; 422,01 ; 406,01 ; 0,00 ; 261,00 ; 361,00 
12-Feb;CASA; 680,00 ; 723,10 ; 963,04 ; 1.165,01 ; 658,04 ; 932,33 ; 1.244,02 ; 844,34 ; 1.237,09 ; 957,55 ; 691,02 ; 995,14 ; 1.338,31 ; 904,06 ; 981,06 ; 718,02 ; 854,61 ; 1.136,06 ; 1.018,36 ; 760,03 ; 899,04 ; 429,00 ; 396,00 ; 327,15 ; 338,06 ; 420,01 ; 405,01 ; 0,00 ; 263,00 ; 361,00 
13-Feb;CASA; 684,00 ; 716,10 ; 961,02 ; 1.167,01 ; 655,04 ; 916,37 ; 1.223,02 ; 844,28 ; 1.237,09 ; 969,60 ; 680,02 ; 985,14 ; 1.338,23 ; 912,06 ; 979,06 ; 715,02 ; 854,73 ; 1.140,06 ; 1.001,12 ; 758,03 ; 899,04 ; 429,00 ; 396,00 ; 326,15 ; 339,10 ; 421,01 ; 403,01 ; 0,00 ; 263,00 ; 361,00 
14-Feb;CASA; 684,00 ; 713,10 ; 957,10 ; 1.167,01 ; 652,04 ; 913,40 ; 1.217,02 ; 846,24 ; 1.238,09 ; 967,62 ; 681,02 ; 983,14 ; 1.334,29 ; 911,06 ; 979,06 ; 714,02 ; 857,72 ; 1.140,06 ; 995,12 ; 756,03 ; 897,04 ; 428,00 ; 395,00 ; 324,15 ; 337,10 ; 420,01 ; 403,01 ; 0,00 ; 263,00 ; 361,00 
15-Feb;CASA; 679,00 ; 708,10 ; 952,03 ; 1.165,01 ; 648,04 ; 908,39 ; 1.208,02 ; 842,24 ; 1.232,09 ; 960,62 ; 674,02 ; 978,14 ; 1.326,38 ; 907,06 ; 974,06 ; 710,02 ; 852,73 ; 1.132,06 ; 985,13 ; 752,02 ; 891,04 ; 427,00 ; 393,00 ; 322,15 ; 335,10 ; 417,01 ; 401,01 ; 0,00 ; 262,00 ; 359,00 
16-Feb;CASA; 676,00 ; 699,10 ; 949,02 ; 1.157,01 ; 644,04 ; 901,41 ; 1.197,02 ; 838,24 ; 1.228,09 ; 961,67 ; 668,02 ; 974,14 ; 1.310,45 ; 901,06 ; 968,06 ; 705,02 ; 846,87 ; 1.125,06 ; 972,13 ; 750,02 ; 886,04 ; 425,00 ; 391,00 ; 321,15 ; 334,10 ; 416,01 ; 398,01 ; 0,00 ; 262,00 ; 356,00 
17-Feb;CASA; 673,00 ; 693,10 ; 946,04 ; 1.158,01 ; 637,04 ; 895,43 ; 1.190,02 ; 835,44 ; 1.226,09 ; 957,68 ; 663,02 ; 969,14 ; 1.301,51 ; 897,06 ; 960,06 ; 703,02 ; 842,87 ; 1.121,06 ; 963,13 ; 747,04 ; 883,04 ; 425,00 ; 389,00 ; 319,15 ; 332,10 ; 414,01 ; 396,01 ; 0,00 ; 260,00 ; 355,00 
19-Feb;CASA; 673,00 ; 690,09 ; 944,03 ; 1.155,01 ; 641,04 ; 890,48 ; 1.190,02 ; 836,56 ; 1.219,10 ; 953,84 ; 660,02 ; 967,14 ; 1.302,38 ; 900,08 ; 958,06 ; 701,02 ; 837,96 ; 1.118,06 ; 956,12 ; 745,03 ; 881,04 ; 425,00 ; 390,00 ; 320,15 ; 335,10 ; 419,01 ; 398,01 ; 0,00 ; 263,00 ; 354,00 
20-Feb;CASA; 672,00 ; 689,09 ; 943,05 ; 1.155,01 ; 637,04 ; 886,50 ; 1.186,02 ; 835,50 ; 1.217,09 ; 952,91 ; 659,02 ; 963,14 ; 1.302,32 ; 895,08 ; 952,06 ; 699,02 ; 837,15 ; 1.117,06 ; 953,15 ; 743,04 ; 881,04 ; 426,00 ; 389,00 ; 320,15 ; 334,07 ; 414,01 ; 394,01 ; 0,00 ; 263,00 ; 352,00 
21-Feb;CASA; 669,00 ; 686,09 ; 938,03 ; 1.154,01 ; 635,04 ; 888,50 ; 1.180,02 ; 834,32 ; 1.213,09 ; 948,93 ; 661,02 ; 965,14 ; 1.300,36 ; 893,08 ; 957,06 ; 698,02 ; 836,13 ; 1.115,06 ; 950,15 ; 741,03 ; 882,04 ; 425,00 ; 389,00 ; 319,15 ; 333,07 ; 412,01 ; 393,01 ; 0,00 ; 262,00 ; 351,00 
22-Feb;CASA; 667,00 ; 682,09 ; 935,03 ; 1.149,01 ; 631,04 ; 884,53 ; 1.174,02 ; 832,32 ; 1.210,09 ; 946,90 ; 657,02 ; 963,14 ; 1.293,36 ; 889,08 ; 952,06 ; 696,02 ; 832,14 ; 1.109,06 ; 947,15 ; 742,03 ; 880,04 ; 423,00 ; 388,00 ; 318,15 ; 331,07 ; 410,01 ; 392,01 ; 0,00 ; 261,00 ; 348,00 
23-Feb;CASA; 669,00 ; 682,09 ; 937,03 ; 1.157,01 ; 630,04 ; 882,70 ; 1.175,02 ; 833,15 ; 1.214,09 ; 948,63 ; 655,02 ; 963,14 ; 1.291,30 ; 892,08 ; 951,06 ; 696,02 ; 828,35 ; 1.106,06 ; 946,15 ; 742,02 ; 878,04 ; 422,00 ; 386,00 ; 320,15 ; 332,08 ; 415,01 ; 391,01 ; 0,00 ; 262,00 ; 348,00 
24-Feb;CASA; 668,00 ; 682,09 ; 935,03 ; 1.154,01 ; 630,04 ; 883,53 ; 1.175,02 ; 831,09 ; 1.210,09 ; 950,69 ; 656,02 ; 962,14 ; 1.288,32 ; 891,07 ; 945,06 ; 697,02 ; 825,30 ; 1.106,06 ; 948,14 ; 742,03 ; 876,04 ; 422,00 ; 387,00 ; 321,15 ; 328,09 ; 415,01 ; 391,01 ; 0,00 ; 261,00 ; 348,00 
25-Feb;CASA; 669,00 ; 681,09 ; 936,05 ; 1.159,01 ; 628,04 ; 883,63 ; 1.176,02 ; 834,19 ; 1.211,09 ; 951,07 ; 654,02 ; 962,14 ; 1.282,26 ; 889,07 ; 948,06 ; 698,02 ; 827,35 ; 1.105,06 ; 944,14 ; 743,02 ; 875,04 ; 422,00 ; 387,00 ; 321,15 ; 328,11 ; 413,01 ; 394,01 ; 0,00 ; 263,00 ; 348,00 
26-Feb;CASA; 672,00 ; 681,10 ; 940,04 ; 1.164,01 ; 629,04 ; 891,74 ; 1.174,02 ; 836,27 ; 1.210,09 ; 954,12 ; 660,02 ; 964,14 ; 1.285,31 ; 891,07 ; 951,06 ; 702,02 ; 827,44 ; 1.107,06 ; 947,13 ; 747,02 ; 873,04 ; 424,00 ; 388,00 ; 321,15 ; 328,12 ; 412,01 ; 393,01 ; 0,00 ; 263,00 ; 349,00 
27-Feb;CASA; 681,00 ; 688,10 ; 945,03 ; 1.166,01 ; 631,04 ; 906,75 ; 1.185,02 ; 838,32 ; 1.217,09 ; 960,19 ; 666,02 ; 970,14 ; 1.302,44 ; 895,07 ; 954,06 ; 706,02 ; 838,66 ; 1.130,06 ; 960,13 ; 754,02 ; 883,04 ; 428,00 ; 387,00 ; 323,15 ; 332,18 ; 413,02 ; 396,01 ; 0,00 ; 265,00 ; 354,00 
28-Feb;CASA; 686,00 ; 696,11 ; 953,03 ; 1.172,01 ; 639,04 ; 911,74 ; 1.196,02 ; 847,55 ; 1.222,09 ; 966,23 ; 679,02 ; 985,14 ; 1.322,97 ; 899,06 ; 966,06 ; 712,02 ; 847,66 ; 1.138,06 ; 973,13 ; 759,02 ; 889,04 ; 427,00 ; 388,00 ; 324,15 ; 332,18 ; 417,02 ; 396,01 ; 0,00 ; 265,00 ; 355,00 
01-Mar;CASA; 686,00 ; 693,10 ; 956,05 ; 1.188,01 ; 638,04 ; 911,63 ; 1.199,02 ; 850,29 ; 1.223,09 ; 973,40 ; 680,02 ; 991,14 ; 1.321,36 ; 904,06 ; 966,06 ; 720,02 ; 850,56 ; 1.148,06 ; 976,03 ; 764,02 ; 897,04 ; 433,00 ; 392,00 ; 329,15 ; 337,19 ; 424,02 ; 402,01 ; 0,00 ; 268,00 ; 363,00 
02-Mar;CASA; 686,00 ; 693,10 ; 956,05 ; 1.188,01 ; 638,04 ; 911,63 ; 1.199,02 ; 850,29 ; 1.223,09 ; 973,40 ; 680,02 ; 991,14 ; 1.321,36 ; 904,06 ; 966,06 ; 720,02 ; 850,56 ; 1.148,06 ; 976,03 ; 764,02 ; 897,04 ; 433,00 ; 392,00 ; 329,15 ; 337,19 ; 424,02 ; 402,01 ; 0,00 ; 268,00 ; 363,00 
03-Mar;CASA; 686,00 ; 692,10 ; 952,07 ; 1.189,01 ; 633,04 ; 910,82 ; 1.193,02 ; 846,31 ; 1.222,10 ; 971,43 ; 677,02 ; 990,14 ; 1.317,27 ; 901,06 ; 966,06 ; 717,02 ; 845,56 ; 1.148,05 ; 979,03 ; 758,02 ; 896,04 ; 432,00 ; 392,00 ; 328,18 ; 337,20 ; 423,02 ; 401,01 ; 0,00 ; 266,00 ; 363,00 
04-Mar;CASA; 685,00 ; 693,11 ; 947,08 ; 1.184,01 ; 631,04 ; 912,96 ; 1.190,02 ; 848,06 ; 1.219,09 ; 966,46 ; 679,02 ; 991,14 ; 1.313,32 ; 898,06 ; 964,06 ; 713,02 ; 845,64 ; 1.145,06 ; 975,05 ; 759,02 ; 899,04 ; 430,00 ; 394,00 ; 326,18 ; 339,21 ; 427,02 ; 401,01 ; 0,00 ; 266,00 ; 364,00 
05-Mar;CASA; 693,00 ; 699,11 ; 952,08 ; 1.190,01 ; 632,04 ; 929,98 ; 1.199,02 ; 854,18 ; 1.226,09 ; 974,49 ; 684,02 ; 1.001,14 ; 1.331,33 ; 904,06 ; 972,06 ; 716,02 ; 852,57 ; 1.155,06 ; 984,02 ; 763,02 ; 907,04 ; 438,00 ; 401,00 ; 331,10 ; 343,25 ; 428,02 ; 410,01 ; 0,00 ; 270,00 ; 368,00 
06-Mar;CASA; 705,00 ; 709,13 ; 960,07 ; 1.199,01 ; 646,04 ; 937,99 ; 1.206,02 ; 857,09 ; 1.232,09 ; 981,14 ; 691,02 ; 1.009,14 ; 1.334,35 ; 906,06 ; 976,06 ; 730,02 ; 866,67 ; 1.162,06 ; 995,35 ; 773,02 ; 917,04 ; 439,00 ; 403,00 ; 334,10 ; 346,26 ; 426,02 ; 409,01 ; 0,00 ; 271,00 ; 369,00 
07-Mar;CASA; 704,00 ; 709,18 ; 961,05 ; 1.202,01 ; 646,04 ; 937,98 ; 1.205,02 ; 859,13 ; 1.234,09 ; 983,14 ; 692,02 ; 1.011,14 ; 1.333,49 ; 908,06 ; 977,06 ; 729,02 ; 868,67 ; 1.162,06 ; 996,36 ; 771,03 ; 920,04 ; 439,00 ; 401,00 ; 334,10 ; 343,27 ; 425,02 ; 408,01 ; 0,00 ; 271,00 ; 369,00 
08-Mar;CASA; 701,00 ; 704,18 ; 959,06 ; 1.204,01 ; 644,04 ; 934,98 ; 1.198,02 ; 855,23 ; 1.231,09 ; 980,14 ; 689,02 ; 1.005,14 ; 1.329,24 ; 902,06 ; 973,06 ; 724,02 ; 861,67 ; 1.153,06 ; 991,36 ; 766,03 ; 918,04 ; 438,00 ; 400,00 ; 332,10 ; 341,27 ; 423,02 ; 405,01 ; 0,00 ; 270,00 ; 367,00 
09-Mar;CASA; 702,00 ; 706,32 ; 957,02 ; 1.196,01 ; 641,04 ; 932,99 ; 1.196,02 ; 853,51 ; 1.232,09 ; 986,20 ; 689,02 ; 1.006,14 ; 1.327,25 ; 902,06 ; 972,06 ; 724,02 ; 859,69 ; 1.164,06 ; 987,03 ; 767,02 ; 925,02 ; 437,00 ; 399,00 ; 337,10 ; 343,28 ; 426,02 ; 410,01 ; 0,00 ; 273,00 ; 368,00 
10-Mar;CASA; 703,00 ; 718,33 ; 962,06 ; 1.206,01 ; 647,04 ; 919,99 ; 1.202,02 ; 866,21 ; 1.236,09 ; 993,24 ; 687,02 ; 1.008,14 ; 1.330,22 ; 901,06 ; 974,06 ; 729,02 ; 862,61 ; 1.168,06 ; 986,02 ; 767,02 ; 927,02 ; 439,00 ; 400,00 ; 338,10 ; 344,08 ; 428,02 ; 411,01 ; 0,00 ; 271,00 ; 368,00 
11-Mar;CASA; 703,00 ; 714,31 ; 962,06 ; 1.210,01 ; 643,04 ; 920,13 ; 1.203,02 ; 864,37 ; 1.236,09 ; 993,16 ; 689,02 ; 1.006,14 ; 1.325,37 ; 899,05 ; 972,06 ; 728,02 ; 860,80 ; 1.171,06 ; 983,03 ; 773,02 ; 928,02 ; 440,00 ; 401,00 ; 336,10 ; 344,38 ; 428,02 ; 407,01 ; 0,00 ; 272,00 ; 368,00 
12-Mar;CASA; 704,00 ; 718,33 ; 964,09 ; 1.211,01 ; 643,04 ; 926,15 ; 1.203,02 ; 862,23 ; 1.237,09 ; 1.000,18 ; 694,02 ; 1.008,14 ; 1.327,19 ; 900,05 ; 972,06 ; 729,02 ; 859,33 ; 1.168,06 ; 989,03 ; 776,02 ; 932,02 ; 442,00 ; 402,00 ; 337,10 ; 345,10 ; 426,02 ; 408,01 ; 0,00 ; 271,00 ; 370,00 
13-Mar;CASA; 708,00 ; 753,31 ; 966,09 ; 1.211,01 ; 650,04 ; 929,95 ; 1.213,02 ; 867,61 ; 1.239,09 ; 1.002,23 ; 697,02 ; 1.010,14 ; 1.328,95 ; 901,05 ; 981,06 ; 740,02 ; 869,29 ; 1.172,06 ; 997,05 ; 777,02 ; 938,02 ; 443,00 ; 403,00 ; 335,10 ; 346,36 ; 430,02 ; 409,01 ; 0,00 ; 273,00 ; 372,00 
14-Mar;CASA; 708,00 ; 753,31 ; 966,09 ; 1.211,01 ; 650,04 ; 929,95 ; 1.213,02 ; 867,61 ; 1.239,09 ; 1.002,23 ; 697,02 ; 1.010,14 ; 1.328,95 ; 901,05 ; 981,06 ; 740,02 ; 869,29 ; 1.172,06 ; 997,05 ; 777,02 ; 938,02 ; 443,00 ; 403,00 ; 335,10 ; 346,36 ; 430,02 ; 409,01 ; 0,00 ; 273,00 ; 372,00 
15-Mar;CASA; 708,00 ; 753,31 ; 966,09 ; 1.211,01 ; 650,04 ; 929,95 ; 1.213,02 ; 867,61 ; 1.239,09 ; 1.002,23 ; 697,02 ; 1.010,14 ; 1.328,95 ; 901,05 ; 981,06 ; 740,02 ; 869,29 ; 1.172,06 ; 997,05 ; 777,02 ; 938,02 ; 443,00 ; 403,00 ; 335,10 ; 346,36 ; 430,02 ; 409,01 ; 0,00 ; 273,00 ; 372,00 
16-Mar;CASA; 709,00 ; 755,18 ; 962,07 ; 1.202,01 ; 654,04 ; 929,79 ; 1.208,02 ; 864,39 ; 1.235,09 ; 1.001,17 ; 704,02 ; 1.018,14 ; 1.332,28 ; 902,05 ; 984,06 ; 735,02 ; 863,59 ; 1.162,06 ; 992,10 ; 781,02 ; 942,02 ; 443,00 ; 401,00 ; 335,10 ; 341,36 ; 432,03 ; 405,01 ; 0,00 ; 277,03 ; 367,00 
17-Mar;CASA; 714,00 ; 754,18 ; 962,03 ; 1.201,01 ; 654,04 ; 935,13 ; 1.214,02 ; 862,21 ; 1.240,09 ; 1.004,23 ; 704,02 ; 1.026,14 ; 1.341,22 ; 908,05 ; 987,06 ; 739,02 ; 870,59 ; 1.168,06 ; 997,08 ; 787,02 ; 951,02 ; 446,00 ; 404,00 ; 336,10 ; 341,60 ; 434,01 ; 406,01 ; 0,00 ; 278,21 ; 370,00 
18-Mar;CASA; 708,00 ; 748,20 ; 961,04 ; 1.196,01 ; 651,04 ; 932,22 ; 1.207,02 ; 857,08 ; 1.237,09 ; 1.002,24 ; 700,02 ; 1.025,14 ; 1.329,40 ; 907,05 ; 982,06 ; 735,02 ; 868,58 ; 1.167,06 ; 989,06 ; 786,02 ; 951,02 ; 445,00 ; 403,00 ; 334,10 ; 341,60 ; 432,01 ; 404,01 ; 0,00 ; 277,21 ; 368,00 
19-Mar;CASA; 704,00 ; 744,20 ; 956,04 ; 1.191,01 ; 650,04 ; 928,22 ; 1.204,02 ; 851,08 ; 1.230,09 ; 999,25 ; 697,02 ; 1.025,14 ; 1.328,29 ; 904,05 ; 978,06 ; 729,02 ; 864,58 ; 1.161,06 ; 983,05 ; 784,06 ; 949,02 ; 444,00 ; 403,00 ; 332,10 ; 340,60 ; 430,02 ; 402,01 ; 0,00 ; 276,21 ; 367,00 
20-Mar;CASA; 700,00 ; 739,20 ; 953,04 ; 1.187,01 ; 646,04 ; 921,22 ; 1.197,02 ; 845,08 ; 1.224,09 ; 998,25 ; 693,02 ; 1.018,14 ; 1.317,35 ; 897,05 ; 975,06 ; 723,02 ; 858,59 ; 1.152,06 ; 974,05 ; 779,06 ; 946,02 ; 442,00 ; 400,00 ; 329,10 ; 339,60 ; 429,02 ; 399,01 ; 0,00 ; 274,21 ; 364,00 
21-Mar;CASA; 698,00 ; 737,20 ; 952,04 ; 1.186,01 ; 647,04 ; 919,23 ; 1.194,02 ; 844,08 ; 1.222,09 ; 998,25 ; 691,02 ; 1.016,14 ; 1.313,35 ; 896,05 ; 973,06 ; 721,02 ; 855,57 ; 1.150,06 ; 972,05 ; 779,06 ; 944,02 ; 441,00 ; 399,00 ; 329,10 ; 338,60 ; 428,02 ; 398,01 ; 0,00 ; 274,21 ; 363,00 
22-Mar;CASA; 695,00 ; 734,20 ; 949,04 ; 1.185,01 ; 647,04 ; 916,24 ; 1.191,02 ; 842,08 ; 1.219,09 ; 997,25 ; 690,02 ; 1.014,14 ; 1.308,35 ; 893,05 ; 970,06 ; 717,02 ; 852,57 ; 1.146,06 ; 970,05 ; 779,06 ; 942,02 ; 441,00 ; 398,00 ; 327,10 ; 337,61 ; 427,02 ; 397,01 ; 0,00 ; 274,21 ; 362,00 
23-Mar;CASA; 692,00 ; 730,20 ; 943,05 ; 1.184,01 ; 646,04 ; 913,25 ; 1.187,02 ; 839,08 ; 1.215,09 ; 996,25 ; 687,02 ; 1.011,14 ; 1.302,93 ; 893,06 ; 966,06 ; 716,02 ; 848,57 ; 1.140,06 ; 965,05 ; 778,06 ; 940,02 ; 440,00 ; 397,00 ; 326,10 ; 336,61 ; 425,02 ; 396,01 ; 0,00 ; 273,21 ; 361,00 
24-Mar;CASA; 687,00 ; 725,20 ; 937,04 ; 1.175,01 ; 644,04 ; 909,26 ; 1.182,02 ; 835,08 ; 1.209,09 ; 989,25 ; 682,02 ; 1.006,14 ; 1.296,67 ; 890,06 ; 962,06 ; 711,02 ; 841,57 ; 1.136,06 ; 958,05 ; 775,06 ; 936,02 ; 438,00 ; 396,00 ; 325,10 ; 335,61 ; 423,02 ; 394,01 ; 0,00 ; 273,21 ; 359,00 
25-Mar;CASA; 685,00 ; 727,20 ; 936,05 ; 1.173,01 ; 637,04 ; 908,47 ; 1.183,02 ; 833,14 ; 1.211,09 ; 991,27 ; 678,02 ; 1.005,14 ; 1.302,17 ; 888,06 ; 970,06 ; 709,02 ; 844,57 ; 1.134,05 ; 960,05 ; 777,02 ; 933,02 ; 438,00 ; 394,00 ; 326,10 ; 335,61 ; 426,02 ; 394,01 ; 0,00 ; 273,21 ; 357,00 
26-Mar;CASA; 683,00 ; 730,20 ; 936,07 ; 1.170,01 ; 641,04 ; 908,59 ; 1.182,02 ; 834,14 ; 1.210,09 ; 990,89 ; 677,02 ; 1.004,14 ; 1.305,45 ; 890,06 ; 972,06 ; 706,02 ; 845,57 ; 1.136,05 ; 960,02 ; 778,05 ; 934,02 ; 437,00 ; 394,00 ; 325,10 ; 336,61 ; 427,02 ; 396,01 ; 0,00 ; 270,21 ; 355,00 
27-Mar;CASA; 688,00 ; 731,20 ; 939,26 ; 1.168,01 ; 638,04 ; 915,74 ; 1.188,02 ; 837,19 ; 1.215,09 ; 994,95 ; 682,02 ; 1.008,14 ; 1.311,40 ; 893,06 ; 974,06 ; 712,02 ; 850,05 ; 1.140,05 ; 964,02 ; 777,02 ; 937,02 ; 437,00 ; 396,00 ; 327,10 ; 336,61 ; 430,02 ; 396,01 ; 0,00 ; 269,21 ; 356,00 
28-Mar;CASA; 689,00 ; 732,00 ; 942,00 ; 1.174,00 ; 643,00 ; 910,00 ; 1.189,00 ; 836,00 ; 1.215,00 ; 993,00 ; 683,00 ; 1.009,00 ; 1.311,00 ; 893,00 ; 974,00 ; 712,00 ; 849,00 ; 1.141,00 ; 965,00 ; 780,00 ; 936,00 ; 438,00 ; 397,00 ; 335,00 ; 336,00 ; 429,00 ; 395,00 ; 0,00 ; 268,00 ; 355,00 
29-Mar;CASA; 687,00 ; 729,10 ; 940,03 ; 1.177,01 ; 644,04 ; 911,74 ; 1.186,02 ; 834,13 ; 1.209,09 ; 987,98 ; 679,02 ; 1.005,14 ; 1.305,41 ; 889,06 ; 970,06 ; 710,02 ; 847,05 ; 1.135,05 ; 964,02 ; 779,02 ; 932,02 ; 437,00 ; 397,00 ; 327,10 ; 336,61 ; 428,02 ; 394,01 ; 0,00 ; 268,20 ; 353,00 
30-Mar;CASA; 688,00 ; 732,09 ; 940,04 ; 1.178,01 ; 643,04 ; 919,87 ; 1.187,02 ; 832,07 ; 1.213,09 ; 988,06 ; 677,02 ; 1.003,14 ; 1.305,30 ; 890,06 ; 972,06 ; 713,02 ; 847,05 ; 1.133,05 ; 968,02 ; 775,02 ; 931,02 ; 436,00 ; 397,00 ; 326,10 ; 336,83 ; 428,02 ; 393,01 ; 0,00 ; 269,20 ; 352,00 
31-Mar;CASA; 694,00 ; 743,09 ; 954,03 ; 1.191,01 ; 658,04 ; 937,24 ; 1.200,02 ; 838,76 ; 1.225,09 ; 997,15 ; 692,02 ; 1.016,14 ; 1.334,00 ; 896,06 ; 988,06 ; 721,02 ; 860,06 ; 1.156,05 ; 982,02 ; 786,02 ; 941,02 ; 439,00 ; 403,00 ; 329,10 ; 340,61 ; 432,02 ; 396,01 ; 0,00 ; 270,27 ; 359,00 
01-Apr;CASA; 693,00 ; 749,08 ; 951,05 ; 1.194,01 ; 655,04 ; 939,33 ; 1.204,02 ; 842,76 ; 1.229,09 ; 998,16 ; 688,02 ; 1.017,14 ; 1.334,06 ; 903,07 ; 988,06 ; 723,02 ; 861,18 ; 1.174,05 ; 988,05 ; 789,03 ; 947,02 ; 446,00 ; 407,00 ; 338,10 ; 346,62 ; 438,02 ; 408,01 ; 0,00 ; 272,27 ; 368,00 
02-Apr;CASA; 693,00 ; 750,28 ; 952,03 ; 1.192,01 ; 658,04 ; 941,30 ; 1.208,02 ; 843,79 ; 1.231,09 ; 998,20 ; 688,02 ; 1.019,14 ; 1.338,35 ; 906,07 ; 985,06 ; 723,02 ; 863,08 ; 1.174,05 ; 991,05 ; 789,02 ; 948,02 ; 445,00 ; 407,00 ; 335,17 ; 345,62 ; 436,02 ; 407,01 ; 0,00 ; 271,27 ; 364,00 
03-Apr;CASA; 687,00 ; 745,28 ; 951,03 ; 1.201,01 ; 656,04 ; 935,32 ; 1.207,02 ; 843,79 ; 1.225,09 ; 997,21 ; 683,02 ; 1.009,14 ; 1.334,50 ; 901,07 ; 981,06 ; 718,02 ; 857,10 ; 1.170,05 ; 985,05 ; 787,02 ; 943,02 ; 444,00 ; 404,00 ; 333,17 ; 344,63 ; 433,02 ; 405,01 ; 0,00 ; 269,11 ; 362,00 
04-Apr;CASA; 683,00 ; 741,28 ; 952,08 ; 1.202,01 ; 654,04 ; 932,37 ; 1.202,02 ; 840,76 ; 1.221,06 ; 991,21 ; 679,02 ; 1.004,14 ; 1.330,36 ; 898,07 ; 978,06 ; 714,02 ; 850,10 ; 1.167,05 ; 982,10 ; 783,03 ; 937,02 ; 441,00 ; 402,00 ; 331,17 ; 343,63 ; 431,03 ; 403,01 ; 0,00 ; 268,11 ; 360,00 
05-Apr;CASA; 679,00 ; 735,29 ; 951,03 ; 1.206,01 ; 656,04 ; 928,38 ; 1.197,02 ; 835,76 ; 1.214,06 ; 986,21 ; 674,02 ; 997,14 ; 1.322,19 ; 892,07 ; 974,06 ; 709,02 ; 844,10 ; 1.159,05 ; 976,16 ; 779,03 ; 931,02 ; 440,00 ; 399,00 ; 329,17 ; 342,63 ; 429,03 ; 401,01 ; 0,00 ; 267,11 ; 358,00 
06-Apr;CASA; 682,00 ; 735,29 ; 952,20 ; 1.199,01 ; 653,04 ; 928,73 ; 1.198,02 ; 837,64 ; 1.215,06 ; 990,11 ; 674,02 ; 999,14 ; 1.322,44 ; 894,08 ; 973,06 ; 714,02 ; 846,79 ; 1.158,05 ; 977,06 ; 780,02 ; 932,02 ; 440,00 ; 403,00 ; 328,17 ; 344,64 ; 429,03 ; 400,01 ; 0,00 ; 267,86 ; 360,00 
07-Apr;CASA; 684,00 ; 737,28 ; 948,03 ; 1.202,01 ; 654,04 ; 928,95 ; 1.197,02 ; 840,66 ; 1.214,06 ; 988,16 ; 676,02 ; 997,14 ; 1.318,43 ; 895,07 ; 974,06 ; 713,02 ; 842,65 ; 1.157,05 ; 974,06 ; 782,03 ; 931,02 ; 438,00 ; 406,00 ; 330,17 ; 343,65 ; 430,03 ; 400,01 ; 0,00 ; 267,49 ; 359,00 
08-Apr;CASA; 682,00 ; 736,28 ; 954,03 ; 1.206,01 ; 652,04 ; 928,98 ; 1.200,02 ; 839,95 ; 1.213,06 ; 988,21 ; 677,02 ; 997,14 ; 1.317,32 ; 891,07 ; 973,06 ; 719,02 ; 848,84 ; 1.149,05 ; 978,06 ; 781,02 ; 932,02 ; 440,00 ; 407,00 ; 332,17 ; 343,65 ; 430,03 ; 400,01 ; 0,00 ; 267,25 ; 359,00 
09-Apr;CASA; 686,00 ; 734,28 ; 956,09 ; 1.216,01 ; 655,04 ; 930,71 ; 1.198,02 ; 839,74 ; 1.215,06 ; 986,24 ; 681,02 ; 999,14 ; 1.323,30 ; 892,07 ; 973,06 ; 718,02 ; 850,24 ; 1.156,05 ; 983,06 ; 781,02 ; 932,02 ; 441,00 ; 407,00 ; 332,10 ; 340,68 ; 431,03 ; 404,01 ; 0,00 ; 267,53 ; 361,00 
10-Apr;CASA; 688,00 ; 746,28 ; 965,03 ; 1.233,01 ; 667,04 ; 935,60 ; 1.206,02 ; 845,67 ; 1.222,06 ; 995,29 ; 682,02 ; 992,14 ; 1.320,47 ; 894,08 ; 975,06 ; 722,02 ; 855,76 ; 1.157,05 ; 985,02 ; 784,02 ; 935,02 ; 440,00 ; 407,00 ; 333,10 ; 340,70 ; 430,03 ; 405,01 ; 0,00 ; 267,36 ; 360,00 
11-Apr;CASA; 688,00 ; 746,28 ; 965,03 ; 1.233,01 ; 667,04 ; 935,60 ; 1.206,02 ; 845,67 ; 1.222,06 ; 995,29 ; 682,02 ; 992,14 ; 1.320,47 ; 894,08 ; 975,06 ; 722,02 ; 855,76 ; 1.157,05 ; 985,02 ; 784,02 ; 935,02 ; 440,00 ; 407,00 ; 333,10 ; 340,70 ; 430,03 ; 405,01 ; 0,00 ; 267,36 ; 360,00 
12-Apr;CASA; 688,00 ; 746,28 ; 965,03 ; 1.233,01 ; 667,04 ; 935,60 ; 1.206,02 ; 845,67 ; 1.222,06 ; 995,29 ; 682,02 ; 992,14 ; 1.320,47 ; 894,08 ; 975,06 ; 722,02 ; 855,76 ; 1.157,05 ; 985,02 ; 784,02 ; 935,02 ; 440,00 ; 407,00 ; 333,10 ; 340,70 ; 430,03 ; 405,01 ; 0,00 ; 267,36 ; 360,00 
13-Apr;CASA; 679,00 ; 740,28 ; 967,03 ; 1.243,01 ; 667,04 ; 928,98 ; 1.204,02 ; 839,69 ; 1.218,06 ; 990,93 ; 677,02 ; 988,14 ; 1.318,48 ; 889,08 ; 970,06 ; 716,02 ; 847,75 ; 1.147,05 ; 978,37 ; 783,02 ; 930,02 ; 438,00 ; 401,00 ; 328,10 ; 336,71 ; 427,04 ; 404,01 ; 0,00 ; 267,04 ; 358,00 
14-Apr;CASA; 680,00 ; 738,28 ; 962,03 ; 1.238,01 ; 668,04 ; 927,01 ; 1.207,02 ; 840,88 ; 1.217,06 ; 989,01 ; 678,02 ; 987,14 ; 1.319,34 ; 890,07 ; 973,06 ; 717,02 ; 847,75 ; 1.146,05 ; 976,36 ; 783,02 ; 934,02 ; 438,00 ; 402,00 ; 328,10 ; 338,72 ; 427,04 ; 403,01 ; 0,00 ; 265,76 ; 359,00 
15-Apr;CASA; 678,00 ; 739,27 ; 966,02 ; 1.244,01 ; 680,04 ; 928,02 ; 1.211,02 ; 839,59 ; 1.215,06 ; 989,06 ; 675,02 ; 988,14 ; 1.314,27 ; 891,07 ; 972,06 ; 714,02 ; 846,88 ; 1.144,05 ; 973,02 ; 780,02 ; 935,02 ; 438,00 ; 401,00 ; 328,10 ; 340,72 ; 427,04 ; 402,01 ; 0,00 ; 266,44 ; 359,00 
16-Apr;CASA; 677,00 ; 739,26 ; 972,03 ; 1.249,01 ; 685,04 ; 929,07 ; 1.215,02 ; 840,52 ; 1.216,06 ; 988,91 ; 676,02 ; 991,14 ; 1.319,23 ; 892,07 ; 972,07 ; 720,02 ; 848,86 ; 1.144,05 ; 977,02 ; 782,02 ; 938,02 ; 437,00 ; 402,00 ; 329,10 ; 340,73 ; 427,04 ; 402,01 ; 0,00 ; 265,26 ; 358,00 
17-Apr;CASA; 679,00 ; 742,36 ; 971,02 ; 1.243,11 ; 689,24 ; 929,17 ; 1.214,02 ; 841,52 ; 1.216,36 ; 992,17 ; 677,12 ; 989,14 ; 1.322,58 ; 893,07 ; 977,07 ; 718,02 ; 851,55 ; 1.149,15 ; 977,22 ; 785,03 ; 937,02 ; 438,00 ; 403,00 ; 328,11 ; 340,73 ; 428,04 ; 400,01 ; 0,00 ; 266,40 ; 357,00 
18-Apr;CASA; 677,00 ; 740,36 ; 975,06 ; 1.252,11 ; 689,24 ; 928,18 ; 1.214,02 ; 839,52 ; 1.214,36 ; 987,17 ; 679,12 ; 988,14 ; 1.330,91 ; 895,07 ; 976,07 ; 717,02 ; 848,41 ; 1.148,15 ; 975,22 ; 783,02 ; 934,02 ; 436,00 ; 402,00 ; 329,11 ; 338,73 ; 426,04 ; 399,01 ; 0,00 ; 265,39 ; 356,00 
19-Apr;CASA; 673,00 ; 737,36 ; 975,05 ; 1.258,11 ; 692,24 ; 925,18 ; 1.212,02 ; 838,52 ; 1.211,36 ; 985,17 ; 679,12 ; 985,14 ; 1.327,63 ; 893,07 ; 973,07 ; 713,02 ; 845,34 ; 1.141,15 ; 971,22 ; 780,02 ; 932,02 ; 436,00 ; 398,00 ; 327,11 ; 336,73 ; 426,04 ; 397,01 ; 0,00 ; 263,39 ; 355,00 
20-Apr;CASA; 675,00 ; 735,35 ; 974,02 ; 1.240,11 ; 695,24 ; 919,64 ; 1.210,02 ; 836,50 ; 1.210,36 ; 988,22 ; 673,12 ; 982,14 ; 1.319,42 ; 892,07 ; 971,07 ; 709,02 ; 840,08 ; 1.137,15 ; 966,22 ; 780,02 ; 929,02 ; 434,00 ; 397,00 ; 326,11 ; 335,73 ; 424,04 ; 396,01 ; 0,00 ; 265,71 ; 353,00 
21-Apr;CASA; 673,00 ; 731,35 ; 975,02 ; 1.240,11 ; 696,24 ; 919,98 ; 1.211,02 ; 833,50 ; 1.214,33 ; 982,29 ; 674,12 ; 984,14 ; 1.320,50 ; 893,07 ; 971,07 ; 707,02 ; 837,08 ; 1.134,15 ; 964,22 ; 781,02 ; 928,02 ; 434,00 ; 395,00 ; 326,11 ; 336,73 ; 426,02 ; 395,01 ; 0,00 ; 262,36 ; 353,00 
22-Apr;CASA; 677,00 ; 732,35 ; 975,02 ; 1.231,09 ; 701,24 ; 915,34 ; 1.206,02 ; 832,56 ; 1.212,33 ; 988,09 ; 672,12 ; 986,14 ; 1.318,39 ; 892,07 ; 967,07 ; 706,02 ; 838,19 ; 1.131,15 ; 961,22 ; 781,02 ; 928,02 ; 434,00 ; 397,00 ; 326,11 ; 339,73 ; 425,02 ; 398,01 ; 0,00 ; 262,36 ; 353,00 
23-Apr;CASA; 678,00 ; 731,35 ; 975,03 ; 1.238,09 ; 702,24 ; 915,53 ; 1.205,02 ; 833,60 ; 1.211,28 ; 987,12 ; 671,12 ; 986,14 ; 1.318,62 ; 895,07 ; 967,07 ; 707,02 ; 840,32 ; 1.132,15 ; 964,22 ; 781,02 ; 925,02 ; 434,00 ; 397,00 ; 326,11 ; 340,73 ; 426,02 ; 398,01 ; 0,00 ; 263,48 ; 352,00 
24-Apr;CASA; 693,00 ; 739,35 ; 980,02 ; 1.243,09 ; 711,24 ; 921,69 ; 1.211,02 ; 838,66 ; 1.219,28 ; 990,17 ; 677,12 ; 994,14 ; 1.331,54 ; 902,07 ; 969,07 ; 715,02 ; 847,43 ; 1.139,15 ; 973,13 ; 786,02 ; 931,02 ; 436,00 ; 401,00 ; 327,11 ; 343,73 ; 429,02 ; 397,01 ; 0,00 ; 265,69 ; 356,00 
25-Apr;CASA; 686,00 ; 735,35 ; 980,02 ; 1.244,09 ; 709,24 ; 919,75 ; 1.205,02 ; 838,76 ; 1.216,28 ; 985,17 ; 675,12 ; 983,14 ; 1.323,71 ; 893,07 ; 971,07 ; 709,02 ; 843,24 ; 1.131,15 ; 968,13 ; 780,02 ; 923,02 ; 434,00 ; 398,00 ; 323,11 ; 340,73 ; 426,02 ; 394,01 ; 0,00 ; 263,34 ; 353,00 
26-Apr;CASA; 683,00 ; 733,35 ; 981,04 ; 1.251,09 ; 710,24 ; 916,76 ; 1.201,02 ; 834,76 ; 1.215,28 ; 984,18 ; 675,12 ; 981,14 ; 1.328,22 ; 893,07 ; 969,07 ; 706,02 ; 841,24 ; 1.126,15 ; 967,13 ; 781,02 ; 920,02 ; 434,00 ; 396,00 ; 323,11 ; 339,73 ; 423,02 ; 393,01 ; 0,00 ; 262,59 ; 352,00 
27-Apr;CASA; 684,00 ; 732,30 ; 974,02 ; 1.245,09 ; 711,22 ; 916,02 ; 1.203,02 ; 833,80 ; 1.216,23 ; 974,13 ; 675,07 ; 981,14 ; 1.324,77 ; 895,07 ; 967,07 ; 708,02 ; 843,12 ; 1.126,15 ; 970,14 ; 781,02 ; 922,02 ; 432,00 ; 397,00 ; 323,11 ; 337,74 ; 424,03 ; 394,01 ; 0,00 ; 262,64 ; 353,00 
28-Apr;CASA; 688,00 ; 733,30 ; 976,02 ; 1.250,09 ; 711,22 ; 919,09 ; 1.202,02 ; 835,46 ; 1.219,23 ; 977,14 ; 674,07 ; 981,14 ; 1.326,74 ; 898,07 ; 969,07 ; 713,02 ; 848,03 ; 1.132,15 ; 972,13 ; 785,02 ; 920,02 ; 432,00 ; 395,00 ; 323,11 ; 337,74 ; 425,03 ; 395,01 ; 0,00 ; 261,27 ; 357,00 
29-Apr;CASA; 689,00 ; 735,30 ; 979,08 ; 1.250,09 ; 713,22 ; 918,19 ; 1.201,02 ; 834,48 ; 1.220,23 ; 982,10 ; 673,07 ; 977,14 ; 1.325,80 ; 898,07 ; 971,07 ; 713,02 ; 850,13 ; 1.135,13 ; 974,10 ; 783,02 ; 920,02 ; 433,00 ; 395,00 ; 324,11 ; 340,44 ; 425,03 ; 394,01 ; 0,00 ; 261,29 ; 356,00 
30-Apr;CASA; 697,00 ; 743,30 ; 990,02 ; 1.259,09 ; 728,22 ; 927,87 ; 1.211,02 ; 841,64 ; 1.224,23 ; 990,34 ; 686,07 ; 994,14 ; 1.350,13 ; 899,07 ; 987,07 ; 717,02 ; 863,62 ; 1.158,13 ; 988,10 ; 785,02 ; 930,02 ; 436,00 ; 398,00 ; 326,11 ; 342,76 ; 430,03 ; 397,01 ; 0,00 ; 264,29 ; 359,00 
01-May;CASA; 700,00 ; 749,30 ; 997,02 ; 1.270,09 ; 732,22 ; 937,83 ; 1.219,02 ; 847,64 ; 1.232,23 ; 993,34 ; 688,07 ; 996,14 ; 1.360,46 ; 908,07 ; 992,07 ; 721,02 ; 869,62 ; 1.177,13 ; 1.002,09 ; 792,03 ; 942,02 ; 443,00 ; 402,00 ; 332,11 ; 349,76 ; 433,03 ; 407,01 ; 0,00 ; 266,29 ; 368,00 
02-May;CASA; 698,00 ; 744,30 ; 998,04 ; 1.271,09 ; 729,22 ; 935,83 ; 1.217,02 ; 846,33 ; 1.233,23 ; 988,34 ; 689,07 ; 996,14 ; 1.360,78 ; 908,07 ; 992,07 ; 721,02 ; 868,62 ; 1.174,13 ; 1.004,09 ; 790,02 ; 940,02 ; 441,00 ; 401,00 ; 331,11 ; 346,78 ; 430,03 ; 405,01 ; 0,00 ; 264,43 ; 366,00 
03-May;CASA; 696,00 ; 738,30 ; 997,04 ; 1.272,09 ; 729,22 ; 930,84 ; 1.214,02 ; 844,33 ; 1.231,23 ; 987,34 ; 685,07 ; 990,14 ; 1.359,65 ; 906,07 ; 990,07 ; 718,02 ; 867,62 ; 1.168,13 ; 1.001,09 ; 788,02 ; 933,02 ; 441,00 ; 400,00 ; 329,11 ; 344,78 ; 428,03 ; 404,01 ; 0,00 ; 263,18 ; 364,00 
04-May;CASA; 685,00 ; 693,11 ; 947,08 ; 1.184,01 ; 631,04 ; 912,96 ; 1.190,02 ; 848,06 ; 1.219,09 ; 966,46 ; 679,02 ; 991,14 ; 1.313,32 ; 898,06 ; 964,06 ; 713,02 ; 845,64 ; 1.145,06 ; 975,05 ; 759,02 ; 899,04 ; 430,00 ; 394,00 ; 326,18 ; 339,21 ; 427,02 ; 401,01 ; 0,00 ; 266,03 ; 364,00 
05-May;CASA; 696,00 ; 741,30 ; 995,08 ; 1.250,06 ; 723,18 ; 922,76 ; 1.211,02 ; 843,46 ; 1.225,24 ; 987,28 ; 674,07 ; 980,14 ; 1.347,58 ; 903,07 ; 980,07 ; 718,02 ; 858,66 ; 1.163,13 ; 992,06 ; 783,03 ; 937,02 ; 438,00 ; 401,00 ; 329,18 ; 344,00 ; 431,02 ; 404,01 ; 0,00 ; 263,25 ; 365,00 
06-May;CASA; 696,00 ; 738,28 ; 999,08 ; 1.252,06 ; 727,19 ; 924,27 ; 1.213,02 ; 845,53 ; 1.226,64 ; 987,31 ; 675,07 ; 983,14 ; 1.347,46 ; 904,07 ; 981,17 ; 720,72 ; 859,23 ; 1.162,39 ; 995,74 ; 785,03 ; 938,02 ; 439,00 ; 401,00 ; 330,13 ; 344,01 ; 432,02 ; 403,01 ; 0,00 ; 263,29 ; 365,00 
07-May;CASA; 700,00 ; 741,28 ; 1.002,08 ; 1.255,06 ; 732,19 ; 928,30 ; 1.218,02 ; 846,44 ; 1.225,64 ; 989,32 ; 677,07 ; 988,14 ; 1.347,12 ; 906,07 ; 984,17 ; 722,72 ; 859,00 ; 1.157,39 ; 998,80 ; 786,05 ; 939,02 ; 439,00 ; 403,00 ; 330,11 ; 344,03 ; 433,02 ; 405,01 ; 0,00 ; 265,25 ; 364,00 
08-May;CASA; 702,00 ; 754,28 ; 1.011,06 ; 1.266,06 ; 737,19 ; 934,37 ; 1.225,02 ; 851,45 ; 1.232,64 ; 998,34 ; 680,07 ; 991,14 ; 1.352,16 ; 910,07 ; 985,17 ; 727,72 ; 868,14 ; 1.161,36 ; 1.007,20 ; 795,05 ; 941,02 ; 440,00 ; 404,00 ; 331,11 ; 344,04 ; 435,02 ; 406,01 ; 0,00 ; 266,21 ; 362,00 
09-May;CASA; 702,00 ; 752,28 ; 1.010,01 ; 1.269,06 ; 740,19 ; 936,39 ; 1.223,02 ; 853,44 ; 1.232,64 ; 991,34 ; 685,07 ; 993,14 ; 1.359,51 ; 910,07 ; 989,17 ; 732,72 ; 871,14 ; 1.165,36 ; 1.008,20 ; 794,07 ; 941,02 ; 441,00 ; 402,00 ; 329,11 ; 344,04 ; 434,02 ; 404,01 ; 0,00 ; 265,29 ; 361,00 
10-May;CASA; 699,00 ; 746,28 ; 1.014,08 ; 1.278,06 ; 739,19 ; 931,40 ; 1.219,02 ; 850,44 ; 1.229,64 ; 987,35 ; 682,07 ; 986,14 ; 1.359,12 ; 903,07 ; 985,17 ; 726,72 ; 867,14 ; 1.157,36 ; 1.002,15 ; 793,07 ; 938,02 ; 439,00 ; 400,00 ; 326,11 ; 342,04 ; 431,03 ; 402,01 ; 0,00 ; 264,29 ; 360,00 
11-May;CASA; 695,00 ; 740,28 ; 1.010,06 ; 1.267,06 ; 731,19 ; 931,58 ; 1.220,02 ; 849,39 ; 1.228,59 ; 989,38 ; 681,07 ; 990,14 ; 1.344,21 ; 901,07 ; 989,17 ; 726,72 ; 863,11 ; 1.157,14 ; 995,11 ; 790,05 ; 938,02 ; 439,00 ; 403,00 ; 325,11 ; 341,05 ; 435,03 ; 404,01 ; 0,00 ; 265,21 ; 358,00 
12-May;CASA; 698,00 ; 742,28 ; 1.011,02 ; 1.266,06 ; 730,19 ; 928,58 ; 1.221,02 ; 848,49 ; 1.224,52 ; 990,47 ; 682,07 ; 985,14 ; 1.343,98 ; 902,08 ; 985,17 ; 726,67 ; 860,97 ; 1.159,14 ; 997,66 ; 788,03 ; 938,02 ; 440,00 ; 402,00 ; 326,07 ; 344,05 ; 437,03 ; 405,01 ; 0,00 ; 264,21 ; 357,00 
13-May;CASA; 697,75 ; 741,80 ; 1.008,88 ; 1.261,88 ; 726,30 ; 926,37 ; 1.220,46 ; 846,57 ; 1.223,57 ; 984,97 ; 679,02 ; 982,36 ; 1.341,11 ; 903,32 ; 983,79 ; 726,02 ; 860,90 ; 1.153,24 ; 991,48 ; 785,23 ; 937,83 ; 441,33 ; 402,07 ; 324,78 ; 342,86 ; 436,38 ; 403,84 ; 0,00 ; 264,38 ; 357,32 
14-May;CASA; 696,00 ; 738,26 ; 1.019,03 ; 1.266,06 ; 738,14 ; 921,49 ; 1.216,02 ; 843,47 ; 1.220,52 ; 984,56 ; 677,07 ; 980,14 ; 1.356,51 ; 903,07 ; 982,17 ; 724,67 ; 859,08 ; 1.151,14 ; 991,51 ; 783,02 ; 937,02 ; 440,00 ; 400,00 ; 324,07 ; 343,08 ; 435,03 ; 402,01 ; 0,00 ; 263,25 ; 355,00 
15-May;CASA; 693,00 ; 755,26 ; 1.023,02 ; 1.272,06 ; 751,14 ; 945,51 ; 1.248,02 ; 845,47 ; 1.220,52 ; 985,58 ; 701,07 ; 1.000,14 ; 1.353,35 ; 904,07 ; 994,17 ; 722,67 ; 865,09 ; 1.147,14 ; 1.036,46 ; 789,02 ; 936,02 ; 439,00 ; 400,00 ; 325,07 ; 342,08 ; 433,03 ; 402,01 ; 0,00 ; 264,18 ; 354,00 
16-May;CASA; 691,00 ; 742,26 ; 1.019,02 ; 1.270,06 ; 737,14 ; 931,54 ; 1.236,02 ; 845,45 ; 1.218,52 ; 981,59 ; 691,07 ; 992,14 ; 1.353,25 ; 905,07 ; 994,17 ; 720,67 ; 862,10 ; 1.146,14 ; 1.010,46 ; 787,03 ; 936,02 ; 439,00 ; 398,00 ; 325,07 ; 340,08 ; 431,03 ; 401,01 ; 0,00 ; 263,33 ; 353,00 
17-May;CASA; 690,00 ; 736,27 ; 1.016,03 ; 1.266,06 ; 736,14 ; 927,55 ; 1.226,02 ; 842,46 ; 1.216,52 ; 979,59 ; 689,07 ; 988,14 ; 1.353,22 ; 902,06 ; 994,17 ; 718,67 ; 858,11 ; 1.142,14 ; 1.001,46 ; 786,03 ; 932,02 ; 437,00 ; 396,00 ; 323,07 ; 339,08 ; 429,03 ; 399,01 ; 0,00 ; 262,17 ; 352,00 
18-May;CASA; 690,00 ; 736,26 ; 1.015,05 ; 1.254,06 ; 732,14 ; 928,38 ; 1.223,02 ; 844,41 ; 1.215,52 ; 977,69 ; 681,07 ; 983,14 ; 1.346,34 ; 899,07 ; 993,17 ; 717,67 ; 854,12 ; 1.142,06 ; 988,46 ; 785,04 ; 940,02 ; 437,00 ; 399,00 ; 324,07 ; 339,08 ; 430,03 ; 399,01 ; 0,00 ; 262,17 ; 352,00 
19-May;CASA; 688,00 ; 735,26 ; 1.019,02 ; 1.249,06 ; 726,14 ; 927,46 ; 1.215,02 ; 844,34 ; 1.217,52 ; 981,75 ; 679,07 ; 983,14 ; 1.345,11 ; 903,06 ; 991,11 ; 717,57 ; 859,43 ; 1.140,86 ; 985,46 ; 785,04 ; 940,02 ; 436,00 ; 400,00 ; 324,07 ; 338,10 ; 429,03 ; 397,01 ; 0,00 ; 263,38 ; 352,00 
