UKER;;KC Purwakarta;KC Subang;KC Indramayu;KC Jatibarang;KC Pamanukan;KC Sumedang;KC Majalengka;KC Cirebon Gunung Jati;KC Kuningan;KC Cirebon Kartini;KC Singaparna;KC Tasikmalaya;KC Garut;KC Ciamis;KC Banjar;KC Cibadak;KC Sukabumi;KC Cimahi;KC Cianjur;KC Soreang;KC Majalaya;KC Bandung Sukarno Hatta;KC Bandung A.H. Nasution;KC Bandung Setiabudi;KC Bandung Naripan;KC Bandung Kopo;KC Bandung Martadinata;KC Bandung AA;KC Bandung Dewi Sartika;KC Bandung Dago
31-Dec;GIRO; 0,0045043 ; 0,1633955 ; 0,0321846 ; 0,0086913 ; 0,0403682 ; 9,4010328 ; 0,0160250 ; 0,0842721 ; 0,0909076 ; 0,4069110 ; 0,0229721 ; 0,1397134 ; 2,2334802 ; 0,0085335 ; 0,0621699 ; 0,0240928 ; 1,3897812 ; 0,0816211 ; 2,1887546 ; 0,0185587 ; 1,9308078 ; 0,0037543 ; 0,0096799 ; 0,2531182 ; 0,7030327 ; 0,0046633 ; 0,0016765 ; -787,00 ; -412,00 ; -410,00 ; 19,3247025 ; 0,2491438 ; 9,9991485 ; 2,4668691 ; 5,6336162 ; 0,9759249 ;;
01-Jan;GIRO; 0,0045043 ; 0,1578722 ; 0,0611609 ; 0,0086913 ; 0,0403682 ; 9,4799752 ; 0,0160250 ; 0,2842721 ; 0,0909076 ; 0,4121465 ; 0,0229721 ; 0,1397134 ; 0,7051351 ; 0,0085335 ; 0,0621699 ; 0,0240928 ; 2,5534027 ; 0,0816211 ; 2,1887546 ; 0,0200587 ; 1,9308078 ; 0,0011399 ; 0,0027950 ; 0,2489425 ; 0,1693254 ; 0,0046633 ; 0,0074711 ; 0,00 ; 0,00 ; 0,00 ; 0,5335575 ; 0,0047148 ; 19,2657943 ; 0,2725969 ; 10,2833264 ; 0,9385240 ; 6,7987377 ; 0,9726094 
02-Jan;GIRO; 0,0045043 ; 0,1578722 ; 0,0611609 ; 0,0086913 ; 0,0403682 ; 9,4799752 ; 0,0160250 ; 0,2842721 ; 0,0909076 ; 0,4121465 ; 0,0229721 ; 0,1397134 ; 0,7051351 ; 0,0085335 ; 0,0621699 ; 0,0240928 ; 2,5534027 ; 0,0816211 ; 2,1887546 ; 0,0200587 ; 1,9308078 ; 0,0011399 ; 0,0027950 ; 0,2489425 ; 0,1693254 ; 0,0046633 ; 0,0074711 ; 0,00 ; 0,00 ; 0,00 ; 0,5335575 ; 0,0047148 ; 19,2657943 ; 0,2725969 ; 10,2833264 ; 0,9385240 ; 6,7987377 ; 0,9726094 
03-Jan;GIRO; 0,0045043 ; 0,0440472 ; 0,0556629 ; 0,0086913 ; 0,0403682 ; 9,4899484 ; 0,0160250 ; 0,1099130 ; 0,0909076 ; 0,4132105 ; 0,0229721 ; 0,1397134 ; 0,5546354 ; 0,0085335 ; 0,0621699 ; 0,0240928 ; 1,8573754 ; 0,0816211 ; 2,1887546 ; 0,0200587 ; 1,9308078 ; 0,0011399 ; 0,0027950 ; 0,2489425 ; 0,1728254 ; 0,0046633 ; 0,0074711 ; 0,00 ; 1,00 ; 0,00 ; 0,5335575 ; 0,0047148 ; 18,1401224 ; 0,1532739 ; 10,1200045 ; 0,7880242 ; 6,1027104 ; 0,9761094 
04-Jan;GIRO; 0,0045043 ; 0,0440472 ; 0,0556629 ; 0,0086913 ; 0,0403682 ; 9,5921613 ; 0,0160250 ; 0,1099130 ; 0,0909076 ; 0,3382080 ; 0,0229721 ; 0,1397134 ; 0,3417454 ; 0,0085335 ; 0,0621699 ; 0,0240928 ; 1,9516354 ; 0,0816211 ; 2,1887546 ; 0,0199487 ; 1,9308078 ; 0,0011399 ; 0,0027950 ; 0,2489425 ; 0,1728254 ; 0,0046633 ; 0,0074711 ; 0,00 ; 1,00 ; 0,00 ; 0,5335575 ; 0,0047148 ; 18,0485928 ; 0,1532739 ; 10,1472149 ; 0,5751343 ; 6,1968604 ; 0,9761094 
05-Jan;GIRO; 0,0045043 ; 0,0443865 ; 0,0603769 ; 0,0086913 ; 0,0403682 ; 10,0906864 ; 0,0160250 ; 0,3102370 ; 0,0909076 ; 0,3931120 ; 0,0229721 ; 0,1397134 ; 0,3970163 ; 0,0085335 ; 0,0621699 ; 0,0240928 ; 1,0457742 ; 0,0816211 ; 2,1887546 ; 0,0199487 ; 1,9308078 ; 0,0011399 ; 0,0027950 ; 0,2489425 ; 0,1859254 ; 0,0080773 ; 0,0074711 ; 0,00 ; 0,00 ; 0,00 ; 0,5335575 ; 0,0047148 ; 17,9733229 ; 0,1583271 ; 10,9009680 ; 0,6304052 ; 5,2909992 ; 0,9926234 
06-Jan;GIRO; 0,0045043 ; 0,0443865 ; 0,0750969 ; 0,0086913 ; 0,0403682 ; 11,1648096 ; 0,0160250 ; 0,2113054 ; 0,0909076 ; 0,4023025 ; 0,0229721 ; 0,1397134 ; 0,4095779 ; 0,0085335 ; 0,0621699 ; 0,0240928 ; 1,0678698 ; 0,0816211 ; 2,1837546 ; 0,0290862 ; 1,9308078 ; 0,0011399 ; 0,0027950 ; 0,3300952 ; 0,1894254 ; 0,0080773 ; 0,0074711 ; 0,00 ; 0,00 ; 0,00 ; 0,5335575 ; 0,0047148 ; 19,0958724 ; 0,1730471 ; 11,8853501 ; 0,6429667 ; 5,3172323 ; 1,0772761 
07-Jan;GIRO; 0,0045043 ; 0,0363771 ; 0,0828389 ; 0,0086913 ; 0,0403682 ; 12,1168426 ; 0,0160250 ; 0,4151181 ; 0,0909076 ; 0,2454751 ; 0,0229721 ; 0,1397134 ; 0,4147893 ; 0,0085335 ; 0,0621699 ; 0,0240928 ; 1,1289209 ; 0,0816211 ; 2,1772416 ; 0,0185862 ; 1,9308078 ; 0,0011399 ; 0,0027950 ; 0,2486952 ; 0,1989254 ; 0,0080773 ; 0,0074711 ; 0,00 ; 0,00 ; 0,00 ; 0,5335575 ; 0,0047148 ; 20,0719728 ; 0,1727797 ; 12,8843684 ; 0,6481782 ; 5,3612704 ; 1,0053761 
08-Jan;GIRO; 0,0045043 ; 0,0380271 ; 0,0654717 ; 0,0086913 ; 0,0403682 ; 12,9419198 ; 0,0160250 ; 0,2278567 ; 0,0909076 ; 0,2838846 ; 0,0229721 ; 0,1397134 ; 0,4475259 ; 0,0085335 ; 0,0621699 ; 0,0240928 ; 1,0452526 ; 0,0776211 ; 2,1772416 ; 0,0185862 ; 1,9308078 ; 0,0011399 ; 0,0027950 ; 0,2486952 ; 0,2062754 ; 0,0080773 ; 0,0074711 ; 0,00 ; 1,00 ; 0,00 ; 0,5335575 ; 0,0047148 ; 20,6848992 ; 0,1570625 ; 13,5605937 ; 0,6809148 ; 5,2736021 ; 1,0127261 
09-Jan;GIRO; 0,0045043 ; 0,0380271 ; 0,0909107 ; 0,0086913 ; 0,0403682 ; 13,8354232 ; 0,0160250 ; 0,3780156 ; 0,0909076 ; 0,3188126 ; 0,0229721 ; 0,1397134 ; 0,4845711 ; 0,0085335 ; 0,0621699 ; 0,0240928 ; 0,8684498 ; 0,0776211 ; 2,1241803 ; 0,0325862 ; 1,9308078 ; 0,0011399 ; 0,0027950 ; 0,2486952 ; 0,2132754 ; 0,0080773 ; 0,0074711 ; 0,00 ; 1,00 ; 0,00 ; 0,5335575 ; 0,0047148 ; 21,6171095 ; 0,1825015 ; 14,6391839 ; 0,7179600 ; 5,0577380 ; 1,0197261 
10-Jan;GIRO; 0,0045043 ; 0,0380271 ; 0,0976745 ; 0,0086913 ; 0,0403682 ; 14,3970812 ; 0,0160250 ; 0,3780156 ; 0,0909076 ; 0,3187991 ; 0,0229721 ; 0,1397134 ; 0,4528707 ; 0,0085335 ; 0,0621699 ; 0,0240928 ; 0,8690598 ; 0,0776211 ; 1,4439393 ; 0,0325862 ; 1,9308078 ; 0,0011399 ; 0,0027950 ; 0,2486952 ; 0,2182754 ; 0,0080773 ; 0,0074711 ; 0,00 ; 1,00 ; 0,00 ; 0,5335575 ; 0,0047148 ; 21,4791865 ; 0,1892653 ; 15,2008285 ; 0,6862596 ; 4,3781070 ; 1,0247261 
11-Jan;GIRO; 0,0045043 ; 0,0425414 ; 0,0290623 ; 0,0086913 ; 0,0403682 ; 14,7653025 ; 0,0160250 ; 0,3780156 ; 0,0909076 ; 0,3187991 ; 0,0229721 ; 0,1397134 ; 0,4555008 ; 0,0085335 ; 0,0621699 ; 0,0240928 ; 0,8681898 ; 0,0776211 ; 1,4439393 ; 0,0188262 ; 1,9308078 ; 0,0011399 ; 0,0027950 ; 0,2498152 ; 0,2182754 ; 0,0080773 ; 0,0074711 ; 0,00 ; 0,00 ; 0,00 ; 0,5335575 ; 0,0047148 ; 21,7724300 ; 0,1251675 ; 15,5690497 ; 0,6888896 ; 4,3634770 ; 1,0258461 
12-Jan;GIRO; 0,0045043 ; 0,0385349 ; 0,0787873 ; 0,0086913 ; 0,0403682 ; 16,1519324 ; 0,0160250 ; 0,3989936 ; 0,0909076 ; 0,3786861 ; 0,0229721 ; 0,1397134 ; 0,3560355 ; 0,0085335 ; 0,0621699 ; 0,0240928 ; 0,6849974 ; 0,0776211 ; 1,4039263 ; 0,0238262 ; 1,9308078 ; 0,0011399 ; 0,0027950 ; 0,2498152 ; 0,2374254 ; 0,0080773 ; 0,0074711 ; 0,00 ; 1,00 ; 0,00 ; 0,5335575 ; 0,0047148 ; 22,9871228 ; 0,1708860 ; 17,0365448 ; 0,5894244 ; 4,1452716 ; 1,0449961 
13-Jan;GIRO; 0,0045043 ; 0,0386999 ; 0,0744248 ; 0,0086913 ; 0,0403682 ; 17,5137676 ; 0,0160250 ; 0,4413464 ; 0,0909076 ; 0,4417031 ; 0,0229721 ; 0,1397134 ; 0,3048304 ; 0,0085335 ; 0,0621699 ; 0,0240928 ; 0,6998225 ; 0,0776211 ; 1,1253411 ; 0,0185262 ; 1,9308078 ; 0,0011399 ; 0,0027950 ; 0,2498152 ; 0,2676754 ; 0,0080773 ; 0,0074711 ; 0,00 ; 1,00 ; 0,00 ; 0,5335575 ; 0,0047148 ; 23,4800988 ; 0,1666886 ; 18,4557572 ; 0,5924781 ; 3,0867688 ; 1,1784061 
14-Jan;GIRO; 0,0045043 ; 0,0830599 ; 0,0935118 ; 0,0086913 ; 0,0403682 ; 13,5107820 ; 0,0160250 ; 0,5182792 ; 0,0909076 ; 0,4776651 ; 0,0229721 ; 0,1397134 ; 0,3660172 ; 0,0085335 ; 0,0621699 ; 0,0240928 ; 0,7034662 ; 0,0776211 ; 0,1253411 ; 0,0220262 ; 1,9308078 ; 0,0011399 ; 0,0027950 ; 0,2498152 ; 0,2950754 ; 0,0080773 ; 0,0074711 ; 0,00 ; 0,00 ; 0,00 ; 0,5335575 ; 0,0047148 ; 18,2958841 ; 0,2295857 ; 14,0905674 ; 0,5969482 ; 3,1817887 ; 0,1969941
15-Jan;GIRO; 0,0045043 ; 0,0965469 ; 0,1210318 ; 0,0086913 ; 0,0403682 ; 15,4654670 ; 0,0160250 ; 0,8277938 ; 0,0909076 ; 0,5429392 ; 0,0229721 ; 0,1397134 ; 0,5755368 ; 0,0085335 ; 0,0621699 ; 0,0240928 ; 1,2689187 ; 0,0776211 ; 0,1253411 ; 0,0329762 ; 1,9348078 ; 0,0011399 ; 0,0027950 ; 0,2498152 ; 0,3062254 ; 0,0080773 ; 0,0074711 ; 0,00 ; 0,00 ; 0,00 
16-Jan;GIRO; 0,0045043 ; 0,0965219 ; 0,1498728 ; 0,0086913 ; 0,0403682 ; 16,9258849 ; 0,0160250 ; 0,8277938 ; 0,0909076 ; 0,5429392 ; 0,0229721 ; 0,1397134 ; 0,3410519 ; 0,0085335 ; 0,0621699 ; 0,0240928 ; 1,0066235 ; 0,0776211 ; 0,1253411 ; 0,0265882 ; 1,9348078 ; 0,0011399 ; 0,0027950 ; 0,2498152 ; 0,3062254 ; 0,0080773 ; 0,0074711 ; 0,00 ; 1,00 ; 0,00 
17-Jan;GIRO; 0,0045043 ; 0,0960154 ; 0,0242729 ; 0,0086913 ; 0,0403682 ; 18,5103704 ; 0,0160250 ; 0,7009295 ; 0,0909076 ; 0,5439492 ; 0,0229721 ; 0,1397134 ; 0,4074862 ; 0,0085335 ; 0,0621699 ; 0,0240928 ; 1,0115255 ; 0,0776211 ; 0,1253411 ; 0,0320882 ; 1,9348078 ; 0,0011399 ; 0,0027950 ; 0,2498153 ; 0,3062254 ; 0,0080773 ; 0,0074711 ; 0,00 ; 1,00 ; 0,00 
18-Jan;GIRO; 0,0045043 ; 0,0959794 ; 0,0213228 ; 0,0086913 ; 0,0403682 ; 18,6057526 ; 0,0160250 ; 0,7161845 ; 0,0909076 ; 0,5439492 ; 0,0229721 ; 0,1397134 ; 0,2947488 ; 0,0085335 ; 0,0621699 ; 0,0240928 ; 1,0073405 ; 0,0776211 ; 0,1253411 ; 0,0320882 ; 1,9348078 ; 0,0011399 ; 0,0027950 ; 0,2498153 ; 0,3166254 ; 0,0080773 ; 0,0074711; 0,00 ; 0,00 ; 0,00 
19-Jan;GIRO; 0,0045043 ; 0,0959794 ; 0,0336802 ; 0,0086913 ; 0,0403682 ; 18,7878481 ; 0,0160250 ; 0,5318042 ; 0,0909076 ; 0,6004632 ; 0,0229721 ; 0,1397134 ; 0,3391441 ; 0,0085335 ; 0,0621699 ; 0,0240928 ; 0,7940049 ; 0,0776211 ; 0,1193346 ; 0,0188682 ; 1,9348078 ; 0,0011399 ; 0,0027950 ; 0,2487153 ; 0,3221254 ; 0,0080773 ; 0,0074711 ; 0,00 ; 0,00 ; 0,00 
20-Jan;GIRO; 0,0045043 ; 0,0938729 ; 0,0589622 ; 0,0086913 ; 0,0403682 ; 18,9236124 ; 0,0160250 ; 0,2877423 ; 0,0909076 ; 0,6750822 ; 0,0229721 ; 0,1397134 ; 0,3889370 ; 0,0085535 ; 0,0621699 ; 0,0240928 ; 0,7698718 ; 0,0776211 ; 0,1193346 ; 0,0233682 ; 1,9348078 ; 0,0011399 ; 0,0027950 ; 0,2487152 ; 0,0320754 ; 0,0080773 ; 0,0074711 ; 0,00 ; 0,00 ; 0,00 
21-Jan;GIRO; 0,0045043 ; 0,0925339 ; 0,0630022 ; 0,0086913 ; 0,0403682 ; 19,2606262 ; 0,0160250 ; 0,2909506 ; 0,0909076 ; 0,7240166 ; 0,0229721 ; 0,1397134 ; 0,3468537 ; 0,0085535 ; 0,0621699 ; 0,0240928 ; 0,8108398 ; 0,0776211 ; 0,1193346 ; 0,0224682 ; 0,1210406 ; 0,0011399 ; 0,0027950 ; 0,2487152 ; 0,0769454 ; 0,0080773 ; 0,0074711 ; 0,00 ; 14,00 ; 0,00 
22-Jan;GIRO; 0,0045043 ; 0,0875274 ; 0,0702272 ; 0,0086913 ; 0,0403682 ; 19,4050874 ; 0,0160250 ; 0,1355567 ; 0,0909076 ; 0,7585471 ; 0,0229721 ; 0,1397134 ; 0,4428361 ; 0,0085535 ; 0,0621699 ; 0,0240928 ; 0,8724803 ; 0,0776211 ; 0,1817437 ; 0,0224682 ; 0,1210406 ; 0,0011399 ; 0,0027950 ; 0,2487152 ; 0,1107954 ; 0,0080773 ; 0,0074711 ; 0,00 ; 0,00 ; 0,00 
24-Jan;GIRO; 0,0045043 ; 0,0795144 ; 0,0694232 ; 0,0086913 ; 0,0403682 ; 19,6830477 ; 0,0160250 ; 0,2496137 ; 0,0909076 ; 0,1315982 ; 0,0229721 ; 0,1397134 ; 0,2538929 ; 0,0085535 ; 0,0621699 ; 0,0240928 ; 1,1271511 ; 0,0776211 ; 0,1317412 ; 0,0185682 ; 0,1209631 ; 0,0011399 ; 0,0027950 ; 0,2726535 ; 0,1107954 ; 0,0080773 ; 0,0074711 ; 0,00 ; 0,00 ; 0,00 
25-Jan;GIRO; 0,0045043 ; 0,0775268 ; 0,0564145 ; 0,0086913 ; 0,0403385 ; 19,8669633 ; 0,0160250 ; 0,2497412 ; 0,0909131 ; 0,1327228 ; 0,0229721 ; 0,1397173 ; 0,2988145 ; 0,0084985 ; 0,0621771 ; 0,0240956 ; 1,1269435 ; 0,0774891 ; 0,1325826 ; 0,0185339 ; 0,1208931 ; 0,0011399 ; 0,0027950 ; 0,2726195 ; 0,1108007 ; 0,0338075 ; 0,0074361 ; 0,00 ; 0,00 ; 0,00 
26-Jan;GIRO; 0,0045043 ; 0,0768268 ; 0,0284840 ; 0,0086913 ; 0,0403385 ; 20,2992075 ; 0,0160250 ; 0,2648578 ; 0,0909131 ; 0,2116448 ; 0,0229721 ; 0,1397173 ; 0,4511332 ; 0,0084985 ; 0,0621771 ; 0,0240956 ; 0,7163638 ; 0,0674891 ; 0,1325826 ; 0,0230337 ; 0,1198931 ; 0,0011399 ; 0,0027950 ; 0,2487193 ; 0,1198007 ; 0,0178074 ; 0,0074361 ; 0,00 ; 0,00 ; 0,00 
27-Jan;GIRO; 0,0045043 ; 0,0768268 ; 0,0269815 ; 0,0086913 ; 0,0403385 ; 20,1942234 ; 0,0160250 ; 0,2456791 ; 0,0909631 ; 0,2703198 ; 0,0229721 ; 0,1397173 ; 0,3582030 ; 0,0084985 ; 0,0621771 ; 0,0240956 ; 0,7161435 ; 0,0674891 ; 0,0839052 ; 0,0230337 ; 0,1190916 ; 0,0011399 ; 0,0027950 ; 0,2487193 ; 0,1417507 ; 0,0178074 ; 0,0074361 ; 0,00 ; 0,00 ; 0,00 
28-Jan;GIRO; 0,0045043 ; 0,0766268 ; 0,0416085 ; 0,0086913 ; 0,0403385 ; 20,2442464 ; 0,0160250 ; 0,0622450 ; 0,0909631 ; 0,3209378 ; 0,0229721 ; 0,1397173 ; 0,3980636 ; 0,0085085 ; 0,0621771 ; 0,0240956 ; 0,7999835 ; 0,0674891 ; 0,0699248 ; 0,0230337 ; 0,1190916 ; 0,0011399 ; 0,0027950 ; 0,2487193 ; 0,1437507 ; 0,0178074 ; 0,0074361 ; 0,00 ; 0,00 ; 0,00 
29-Jan;GIRO; 0,0045043 ; 0,1018203 ; 0,0423560 ; 0,0086913 ; 0,0403385 ; 30,2955365 ; 0,0160250 ; 0,2643202 ; 0,0909631 ; 0,1418371 ; 0,0229721 ; 0,1397173 ; 0,4613780 ; 0,0512570 ; 0,0621771 ; 0,0240956 ; 1,7749942 ; 0,0674891 ; 0,0738988 ; 0,0216312 ; 0,1190916 ; 0,0011399 ; 0,0027950 ; 0,2487193 ; 1,8611192 ; 0,0131074 ; 0,0074361 ; 0,00 ; 0,00 ; 0,00 
30-Jan;GIRO; 0,0045043 ; 0,1013203 ; 0,0759030 ; 0,0086913 ; 0,0403385 ; 20,3562352 ; 0,0160250 ; 0,3579742 ; 0,0909631 ; 0,2283906 ; 0,0229721 ; 0,1397173 ; 0,6047606 ; 0,0569785 ; 0,0621771 ; 0,0240956 ; 1,4222395 ; 0,0674891 ; 0,0738988 ; 0,0233912 ; 0,1173351 ; 0,0011399 ; 0,0027950 ; 0,2487193 ; 0,1527507 ; 0,0131274 ; 0,0074361 ; 0,00 ; 0,00 ; 0,00 
31-Jan;GIRO; 0,0045043 ; 0,1013203 ; 0,0277641 ; 0,0086913 ; 0,0403385 ; 20,3831771 ; 0,0160250 ; 0,1305309 ; 0,0909631 ; 0,2301156 ; 0,0229721 ; 0,1397173 ; 1,2771381 ; 0,0559925 ; 0,0621771 ; 0,0240956 ; 1,4176795 ; 0,0684891 ; 0,0738988 ; 0,0288912 ; 0,1173351 ; 0,0011399 ; 0,0027950 ; 0,2487193 ; 0,1580507 ; 0,0131274 ; 0,0074361 ; 0,00 ; 0,00 ; 0,00 
01-Feb;GIRO; 0,00 ; 0,10 ; 0,05 ; 0,01 ; 0,04 ; 21,34 ; 0,02 ; 0,30 ; 0,09 ; 0,24 ; 0,02 ; 0,14 ; 0,43 ; 0,06 ; 0,06 ; 0,02 ; 0,94 ; 0,07 ; 0,07 ; 0,02 ; 0,12 ; 0,00 ; 0,00 ; 0,25 ; 0,17 ; 0,05 ; 0,01 ; 0,00 ; 1,00 ; 0,00 
02-Feb;GIRO; 0,00 ; 0,10 ; 0,05 ; 0,01 ; 0,04 ; 21,34 ; 0,02 ; 0,30 ; 0,09 ; 0,24 ; 0,02 ; 0,14 ; 0,43 ; 0,06 ; 0,06 ; 0,02 ; 0,94 ; 0,07 ; 0,07 ; 0,02 ; 0,12 ; 0,00 ; 0,00 ; 0,25 ; 0,17 ; 0,05 ; 0,01 ; 0,00 ; 1,00 ; 0,00 
03-Feb;GIRO; 0,00 ; 0,09 ; 0,05 ; 0,01 ; 0,04 ; 11,76 ; 0,02 ; 0,33 ; 0,10 ; 0,29 ; 0,02 ; 0,14 ; 0,38 ; 0,06 ; 0,06 ; 0,02 ; 1,04 ; 0,07 ; 0,03 ; 0,04 ; 0,12 ; 0,00 ; 0,00 ; 0,15 ; 0,17 ; 0,01 ; 0,01 ; 0,00 ; 0,00 ; 0,00 
04-Feb;GIRO; 0,00 ; 0,09 ; 0,07 ; 0,01 ; 0,04 ; 12,17 ; 0,02 ; 0,18 ; 0,09 ; 0,58 ; 0,02 ; 0,14 ; 0,38 ; 0,06 ; 0,06 ; 0,02 ; 0,98 ; 0,07 ; 0,03 ; 0,02 ; 0,12 ; 0,00 ; 0,00 ; 0,15 ; 0,20 ; 0,01 ; 0,01 ; 0,00 ; 0,00 ; 0,00 
05-Feb;GIRO; 0,00 ; 0,09 ; 0,07 ; 0,01 ; 0,04 ; 12,21 ; 0,02 ; 0,32 ; 0,09 ; 0,62 ; 0,02 ; 0,14 ; 0,46 ; 0,06 ; 0,06 ; 0,02 ; 1,29 ; 0,07 ; 0,03 ; 0,02 ; 0,12 ; 0,00 ; 0,00 ; 0,25 ; 0,24 ; 0,01 ; 0,01 ; 0,00 ; 0,00 ; 0,00 
06-Feb;GIRO; 0,00 ; 0,09 ; 0,07 ; 0,01 ; 0,04 ; 12,24 ; 0,02 ; 0,07 ; 0,09 ; 0,65 ; 0,02 ; 0,14 ; 0,28 ; 0,06 ; 0,06 ; 0,02 ; 1,50 ; 0,07 ; 0,03 ; 0,02 ; 0,12 ; 0,00 ; 0,00 ; 0,15 ; 0,26 ; 0,01 ; 0,01 ; 0,00 ; 0,00 ; 0,00 
07-Feb;GIRO; 0,00 ; 0,09 ; 0,06 ; 0,01 ; 0,04 ; 12,28 ; 0,02 ; 0,27 ; 0,09 ; 0,65 ; 0,02 ; 0,14 ; 0,65 ; 0,06 ; 0,06 ; 0,02 ; 1,25 ; 0,07 ; 0,03 ; 0,02 ; 0,12 ; 0,00 ; 0,00 ; 0,15 ; 0,27 ; 0,01 ; 0,01 ; 0,00 ; 0,00 ; 0,00 
08-Feb;GIRO; 0,00 ; 0,09 ; 0,03 ; 0,01 ; 0,04 ; 12,28 ; 0,02 ; 0,14 ; 0,09 ; 0,65 ; 0,02 ; 0,14 ; 0,50 ; 0,06 ; 0,06 ; 0,02 ; 1,27 ; 0,07 ; 0,03 ; 0,02 ; 0,12 ; 0,00 ; 0,00 ; 0,15 ; 0,27 ; 0,01 ; 0,01 ; 0,00 ; 0,00 ; 0,00 
09-Feb;GIRO; 0,00 ; 0,09 ; 0,04 ; 0,01 ; 0,04 ; 12,19 ; 0,02 ; 0,13 ; 0,09 ; 0,68 ; 0,02 ; 0,14 ; 0,26 ; 0,06 ; 0,06 ; 0,02 ; 1,54 ; 0,06 ; 0,15 ; 0,03 ; 0,12 ; 0,00 ; 0,00 ; 0,15 ; 0,02 ; 0,01 ; 0,01 ; 0,00 ; 0,00 ; 0,00 
10-Feb;GIRO; 0,00 ; 0,10 ; 0,04 ; 0,01 ; 0,04 ; 12,23 ; 0,02 ; 0,34 ; 0,09 ; 0,72 ; 0,02 ; 0,14 ; 0,40 ; 0,06 ; 0,06 ; 0,02 ; 0,80 ; 0,06 ; 0,15 ; 0,02 ; 0,04 ; 0,00 ; 0,00 ; 0,15 ; 0,03 ; 0,01 ; 0,01 ; 0,00 ; 0,00 ; 0,00 
11-Feb;GIRO; 0,00 ; 0,10 ; 0,03 ; 0,01 ; 0,04 ; 12,34 ; 0,02 ; 0,32 ; 0,09 ; 0,78 ; 0,02 ; 0,14 ; 0,32 ; 0,06 ; 0,06 ; 0,02 ; 0,43 ; 0,06 ; 0,12 ; 0,02 ; 0,04 ; 0,00 ; 0,00 ; 0,15 ; 0,04 ; 0,01 ; 0,01 ; 0,00 ; 0,00 ; 0,00 
12-Feb;GIRO; 0,00 ; 0,10 ; 0,04 ; 0,01 ; 0,04 ; 2,33 ; 0,02 ; 0,34 ; 0,09 ; 0,55 ; 0,02 ; 0,14 ; 0,31 ; 0,06 ; 0,06 ; 0,02 ; 0,61 ; 0,06 ; 0,36 ; 0,03 ; 0,04 ; 0,00 ; 0,00 ; 0,15 ; 0,06 ; 0,01 ; 0,01 ; 0,00 ; 0,00 ; 0,00 
13-Feb;GIRO; 0,00 ; 0,10 ; 0,02 ; 0,01 ; 0,04 ; 2,37 ; 0,02 ; 0,28 ; 0,09 ; 0,60 ; 0,02 ; 0,14 ; 0,23 ; 0,06 ; 0,06 ; 0,02 ; 0,73 ; 0,06 ; 0,12 ; 0,03 ; 0,04 ; 0,00 ; 0,00 ; 0,15 ; 0,10 ; 0,01 ; 0,01 ; 0,00 ; 0,00 ; 0,00 
14-Feb;GIRO; 0,00 ; 0,10 ; 0,10 ; 0,01 ; 0,04 ; 2,40 ; 0,02 ; 0,24 ; 0,09 ; 0,62 ; 0,02 ; 0,14 ; 0,29 ; 0,06 ; 0,06 ; 0,02 ; 0,72 ; 0,06 ; 0,12 ; 0,03 ; 0,04 ; 0,00 ; 0,00 ; 0,15 ; 0,10 ; 0,01 ; 0,01 ; 0,00 ; 0,00 ; 0,00 
15-Feb;GIRO; 0,00 ; 0,10 ; 0,03 ; 0,01 ; 0,04 ; 2,39 ; 0,02 ; 0,24 ; 0,09 ; 0,62 ; 0,02 ; 0,14 ; 0,38 ; 0,06 ; 0,06 ; 0,02 ; 0,73 ; 0,06 ; 0,13 ; 0,02 ; 0,04 ; 0,00 ; 0,00 ; 0,15 ; 0,10 ; 0,01 ; 0,01 ; 0,00 ; 0,00 ; 0,00 
16-Feb;GIRO; 0,00 ; 0,10 ; 0,02 ; 0,01 ; 0,04 ; 2,41 ; 0,02 ; 0,24 ; 0,09 ; 0,67 ; 0,02 ; 0,14 ; 0,45 ; 0,06 ; 0,06 ; 0,02 ; 0,87 ; 0,06 ; 0,13 ; 0,02 ; 0,04 ; 0,00 ; 0,00 ; 0,15 ; 0,10 ; 0,01 ; 0,01 ; 0,00 ; 0,00 ; 0,00 
17-Feb;GIRO; 0,00 ; 0,10 ; 0,04 ; 0,01 ; 0,04 ; 2,43 ; 0,02 ; 0,44 ; 0,09 ; 0,68 ; 0,02 ; 0,14 ; 0,51 ; 0,06 ; 0,06 ; 0,02 ; 0,87 ; 0,06 ; 0,13 ; 0,04 ; 0,04 ; 0,00 ; 0,00 ; 0,15 ; 0,10 ; 0,01 ; 0,01 ; 0,00 ; 0,00 ; 0,00 
19-Feb;GIRO; 0,00 ; 0,09 ; 0,03 ; 0,01 ; 0,04 ; 2,48 ; 0,02 ; 0,56 ; 0,10 ; 0,84 ; 0,02 ; 0,14 ; 0,38 ; 0,08 ; 0,06 ; 0,02 ; 0,96 ; 0,06 ; 0,12 ; 0,03 ; 0,04 ; 0,00 ; 0,00 ; 0,15 ; 0,10 ; 0,01 ; 0,01 ; 0,00 ; 0,00 ; 0,00 
20-Feb;GIRO; 0,00 ; 0,09 ; 0,05 ; 0,01 ; 0,04 ; 2,50 ; 0,02 ; 0,50 ; 0,09 ; 0,91 ; 0,02 ; 0,14 ; 0,32 ; 0,08 ; 0,06 ; 0,02 ; 1,15 ; 0,06 ; 0,15 ; 0,04 ; 0,04 ; 0,00 ; 0,00 ; 0,15 ; 0,07 ; 0,01 ; 0,01 ; 0,00 ; 0,00 ; 0,00 
21-Feb;GIRO; 0,00 ; 0,09 ; 0,03 ; 0,01 ; 0,04 ; 2,50 ; 0,02 ; 0,32 ; 0,09 ; 0,93 ; 0,02 ; 0,14 ; 0,36 ; 0,08 ; 0,06 ; 0,02 ; 1,13 ; 0,06 ; 0,15 ; 0,03 ; 0,04 ; 0,00 ; 0,00 ; 0,15 ; 0,07 ; 0,01 ; 0,01 ; 0,00 ; 0,00 ; 0,00 
22-Feb;GIRO; 0,00 ; 0,09 ; 0,03 ; 0,01 ; 0,04 ; 2,53 ; 0,02 ; 0,32 ; 0,09 ; 0,90 ; 0,02 ; 0,14 ; 0,36 ; 0,08 ; 0,06 ; 0,02 ; 1,14 ; 0,06 ; 0,15 ; 0,03 ; 0,04 ; 0,00 ; 0,00 ; 0,15 ; 0,07 ; 0,01 ; 0,01 ; 0,00 ; 0,00 ; 0,00 
23-Feb;GIRO; 0,00 ; 0,09 ; 0,03 ; 0,01 ; 0,04 ; 2,70 ; 0,02 ; 0,15 ; 0,09 ; 0,63 ; 0,02 ; 0,14 ; 0,30 ; 0,08 ; 0,06 ; 0,02 ; 0,35 ; 0,06 ; 0,15 ; 0,02 ; 0,04 ; 0,00 ; 0,00 ; 0,15 ; 0,08 ; 0,01 ; 0,01 ; 0,00 ; 0,00 ; 0,00 
24-Feb;GIRO; 0,00 ; 0,09 ; 0,03 ; 0,01 ; 0,04 ; 2,53 ; 0,02 ; 0,09 ; 0,09 ; 0,69 ; 0,02 ; 0,14 ; 0,32 ; 0,07 ; 0,06 ; 0,02 ; 0,30 ; 0,06 ; 0,14 ; 0,03 ; 0,04 ; 0,00 ; 0,00 ; 0,15 ; 0,09 ; 0,01 ; 0,01 ; 0,00 ; 0,00 ; 0,00 
25-Feb;GIRO; 0,00 ; 0,09 ; 0,05 ; 0,01 ; 0,04 ; 2,63 ; 0,02 ; 0,19 ; 0,09 ; 1,07 ; 0,02 ; 0,14 ; 0,26 ; 0,07 ; 0,06 ; 0,02 ; 0,35 ; 0,06 ; 0,14 ; 0,02 ; 0,04 ; 0,00 ; 0,00 ; 0,15 ; 0,11 ; 0,01 ; 0,01 ; 0,00 ; 0,00 ; 0,00 
26-Feb;GIRO; 0,00 ; 0,10 ; 0,04 ; 0,01 ; 0,04 ; 12,74 ; 0,02 ; 0,27 ; 0,09 ; 1,12 ; 0,02 ; 0,14 ; 0,31 ; 0,07 ; 0,06 ; 0,02 ; 0,44 ; 0,06 ; 0,13 ; 0,02 ; 0,04 ; 0,00 ; 0,00 ; 0,15 ; 0,12 ; 0,01 ; 0,01 ; 0,00 ; 0,00 ; 0,00 
27-Feb;GIRO; 0,00 ; 0,10 ; 0,03 ; 0,01 ; 0,04 ; 12,75 ; 0,02 ; 0,32 ; 0,09 ; 1,19 ; 0,02 ; 0,14 ; 0,44 ; 0,07 ; 0,06 ; 0,02 ; 0,66 ; 0,06 ; 0,13 ; 0,02 ; 0,04 ; 0,00 ; 0,00 ; 0,15 ; 0,18 ; 0,02 ; 0,01 ; 0,00 ; 0,00 ; 1,00 
28-Feb;GIRO; 0,00 ; 0,11 ; 0,03 ; 0,01 ; 0,04 ; 12,74 ; 0,02 ; 0,55 ; 0,09 ; 1,23 ; 0,02 ; 0,14 ; 0,97 ; 0,06 ; 0,06 ; 0,02 ; 0,66 ; 0,06 ; 0,13 ; 0,02 ; 0,04 ; 0,00 ; 0,00 ; 0,15 ; 0,18 ; 0,02 ; 0,01 ; 0,00 ; 0,00 ; 0,00 
01-Mar;GIRO; 0,00 ; 0,10 ; 0,05 ; 0,01 ; 0,04 ; 12,63 ; 0,02 ; 0,29 ; 0,09 ; 1,40 ; 0,02 ; 0,14 ; 0,36 ; 0,06 ; 0,06 ; 0,02 ; 0,56 ; 0,06 ; 0,03 ; 0,02 ; 0,04 ; 0,00 ; 0,00 ; 0,15 ; 0,19 ; 0,02 ; 0,01 ; 0,00 ; 0,00 ; 0,00 
02-Mar;GIRO; 0,00 ; 0,10 ; 0,05 ; 0,01 ; 0,04 ; 12,63 ; 0,02 ; 0,29 ; 0,09 ; 1,40 ; 0,02 ; 0,14 ; 0,36 ; 0,06 ; 0,06 ; 0,02 ; 0,56 ; 0,06 ; 0,03 ; 0,02 ; 0,04 ; 0,00 ; 0,00 ; 0,15 ; 0,19 ; 0,02 ; 0,01 ; 0,00 ; 0,00 ; 0,00 
03-Mar;GIRO; 0,00 ; 0,10 ; 0,07 ; 0,01 ; 0,04 ; 12,82 ; 0,02 ; 0,31 ; 0,10 ; 1,43 ; 0,02 ; 0,14 ; 0,27 ; 0,06 ; 0,06 ; 0,02 ; 0,56 ; 0,05 ; 0,03 ; 0,02 ; 0,04 ; 0,00 ; 0,00 ; 0,18 ; 0,20 ; 0,02 ; 0,01 ; 0,00 ; 0,00 ; 0,00 
04-Mar;GIRO; 0,00 ; 0,11 ; 0,08 ; 0,01 ; 0,04 ; 12,96 ; 0,02 ; 0,06 ; 0,09 ; 1,46 ; 0,02 ; 0,14 ; 0,32 ; 0,06 ; 0,06 ; 0,02 ; 0,64 ; 0,06 ; 0,05 ; 0,02 ; 0,04 ; 0,00 ; 0,00 ; 0,18 ; 0,21 ; 0,02 ; 0,01 ; 0,00 ; 0,00 ; 0,00 
05-Mar;GIRO; 0,00 ; 0,11 ; 0,08 ; 0,01 ; 0,04 ; 22,98 ; 0,02 ; 0,18 ; 0,09 ; 1,49 ; 0,02 ; 0,14 ; 0,33 ; 0,06 ; 0,06 ; 0,02 ; 0,57 ; 0,06 ; 0,02 ; 0,02 ; 0,04 ; 0,00 ; 0,00 ; 0,10 ; 0,25 ; 0,02 ; 0,01 ; 0,00 ; 0,00 ; 0,00 
06-Mar;GIRO; 0,00 ; 0,13 ; 0,07 ; 0,01 ; 0,04 ; 22,99 ; 0,02 ; 0,09 ; 0,09 ; 1,14 ; 0,02 ; 0,14 ; 0,35 ; 0,06 ; 0,06 ; 0,02 ; 0,67 ; 0,06 ; 0,35 ; 0,02 ; 0,04 ; 0,00 ; 0,00 ; 0,10 ; 0,26 ; 0,02 ; 0,01 ; 0,00 ; 0,00 ; 0,00 
07-Mar;GIRO; 0,00 ; 0,18 ; 0,05 ; 0,01 ; 0,04 ; 22,98 ; 0,02 ; 0,13 ; 0,09 ; 1,14 ; 0,02 ; 0,14 ; 0,49 ; 0,06 ; 0,06 ; 0,02 ; 0,67 ; 0,06 ; 0,36 ; 0,03 ; 0,04 ; 0,00 ; 0,00 ; 0,10 ; 0,27 ; 0,02 ; 0,01 ; 0,00 ; 0,00 ; 0,00 
08-Mar;GIRO; 0,00 ; 0,18 ; 0,06 ; 0,01 ; 0,04 ; 22,98 ; 0,02 ; 0,23 ; 0,09 ; 1,14 ; 0,02 ; 0,14 ; 0,24 ; 0,06 ; 0,06 ; 0,02 ; 0,67 ; 0,06 ; 0,36 ; 0,03 ; 0,04 ; 0,00 ; 0,00 ; 0,10 ; 0,27 ; 0,02 ; 0,01 ; 0,00 ; 0,00 ; 0,00 
09-Mar;GIRO; 0,00 ; 0,32 ; 0,02 ; 0,01 ; 0,04 ; 22,99 ; 0,02 ; 0,51 ; 0,09 ; 1,20 ; 0,02 ; 0,14 ; 0,25 ; 0,06 ; 0,06 ; 0,02 ; 0,69 ; 0,06 ; 0,03 ; 0,02 ; 0,02 ; 0,00 ; 0,00 ; 0,10 ; 0,28 ; 0,02 ; 0,01 ; 0,00 ; 0,00 ; 0,00 
10-Mar;GIRO; 0,00 ; 0,33 ; 0,06 ; 0,01 ; 0,04 ; 7,99 ; 0,02 ; 0,21 ; 0,09 ; 1,24 ; 0,02 ; 0,14 ; 0,22 ; 0,06 ; 0,06 ; 0,02 ; 0,61 ; 0,06 ; 0,02 ; 0,02 ; 0,02 ; 0,00 ; 0,00 ; 0,10 ; 1,08 ; 0,02 ; 0,01 ; 0,00 ; 0,00 ; 0,00 
11-Mar;GIRO; 0,00 ; 0,31 ; 0,06 ; 0,01 ; 0,04 ; 8,13 ; 0,02 ; 0,37 ; 0,09 ; 1,16 ; 0,02 ; 0,14 ; 0,37 ; 0,05 ; 0,06 ; 0,02 ; 0,80 ; 0,06 ; 0,03 ; 0,02 ; 0,02 ; 0,00 ; 0,00 ; 0,10 ; 1,38 ; 0,02 ; 0,01 ; 0,00 ; 1,00 ; 0,00 
12-Mar;GIRO; 0,00 ; 0,33 ; 0,09 ; 0,01 ; 0,04 ; 8,15 ; 0,02 ; 0,23 ; 0,09 ; 1,18 ; 0,02 ; 0,14 ; 0,19 ; 0,05 ; 0,06 ; 0,02 ; 1,33 ; 0,06 ; 0,03 ; 0,02 ; 0,02 ; 0,00 ; 0,00 ; 0,10 ; 0,10 ; 0,02 ; 0,01 ; 0,00 ; 0,00 ; 0,00 
13-Mar;GIRO; 0,00 ; 0,31 ; 0,09 ; 0,01 ; 0,04 ; 7,95 ; 0,02 ; 0,61 ; 0,09 ; 1,23 ; 0,02 ; 0,14 ; 0,95 ; 0,05 ; 0,06 ; 0,02 ; 1,29 ; 0,06 ; 0,05 ; 0,02 ; 0,02 ; 0,00 ; 0,00 ; 0,10 ; 0,36 ; 0,02 ; 0,01 ; 0,00 ; 0,00 ; 0,00 
14-Mar;GIRO; 0,00 ; 0,31 ; 0,09 ; 0,01 ; 0,04 ; 7,95 ; 0,02 ; 0,61 ; 0,09 ; 1,23 ; 0,02 ; 0,14 ; 0,95 ; 0,05 ; 0,06 ; 0,02 ; 1,29 ; 0,06 ; 0,05 ; 0,02 ; 0,02 ; 0,00 ; 0,00 ; 0,10 ; 0,36 ; 0,02 ; 0,01 ; 0,00 ; 0,00 ; 0,00 
15-Mar;GIRO; 0,00 ; 0,31 ; 0,09 ; 0,01 ; 0,04 ; 7,95 ; 0,02 ; 0,61 ; 0,09 ; 1,23 ; 0,02 ; 0,14 ; 0,95 ; 0,05 ; 0,06 ; 0,02 ; 1,29 ; 0,06 ; 0,05 ; 0,02 ; 0,02 ; 0,00 ; 0,00 ; 0,10 ; 0,36 ; 0,02 ; 0,01 ; 0,00 ; 0,00 ; 0,00 
16-Mar;GIRO; 0,00 ; 0,18 ; 0,07 ; 0,01 ; 0,04 ; 5,79 ; 0,02 ; 0,39 ; 0,09 ; 1,17 ; 0,02 ; 0,14 ; 0,28 ; 0,05 ; 0,06 ; 0,02 ; 0,59 ; 0,06 ; 0,10 ; 0,02 ; 0,02 ; 0,00 ; 0,00 ; 0,10 ; 0,36 ; 0,03 ; 0,01 ; 0,00 ; 0,03 ; 0,00 
17-Mar;GIRO; 0,00 ; 0,18 ; 0,03 ; 0,01 ; 0,04 ; 6,13 ; 0,02 ; 0,21 ; 0,09 ; 1,23 ; 0,02 ; 0,14 ; 0,22 ; 0,05 ; 0,06 ; 0,02 ; 0,59 ; 0,06 ; 0,08 ; 0,02 ; 0,02 ; 0,00 ; 0,00 ; 0,10 ; 0,60 ; 0,01 ; 0,01 ; 0,00 ; 0,21 ; 0,00 
18-Mar;GIRO; 0,00 ; 0,20 ; 0,04 ; 0,01 ; 0,04 ; 6,22 ; 0,02 ; 0,08 ; 0,09 ; 1,24 ; 0,02 ; 0,14 ; 0,40 ; 0,05 ; 0,06 ; 0,02 ; 0,58 ; 0,06 ; 0,06 ; 0,02 ; 0,02 ; 0,00 ; 0,00 ; 0,10 ; 0,60 ; 0,01 ; 0,01 ; 0,00 ; 0,21 ; 0,00 
19-Mar;GIRO; 0,00 ; 0,20 ; 0,04 ; 0,01 ; 0,04 ; 6,22 ; 0,02 ; 0,08 ; 0,09 ; 1,25 ; 0,02 ; 0,14 ; 0,29 ; 0,05 ; 0,06 ; 0,02 ; 0,58 ; 0,06 ; 0,05 ; 0,06 ; 0,02 ; 0,00 ; 0,00 ; 0,10 ; 0,60 ; 0,02 ; 0,01 ; 0,00 ; 0,21 ; 0,00 
20-Mar;GIRO; 0,00 ; 0,20 ; 0,04 ; 0,01 ; 0,04 ; 6,22 ; 0,02 ; 0,08 ; 0,09 ; 1,25 ; 0,02 ; 0,14 ; 0,35 ; 0,05 ; 0,06 ; 0,02 ; 0,59 ; 0,06 ; 0,05 ; 0,06 ; 0,02 ; 0,00 ; 0,00 ; 0,10 ; 0,60 ; 0,02 ; 0,01 ; 0,00 ; 0,21 ; 0,00 
21-Mar;GIRO; 0,00 ; 0,20 ; 0,04 ; 0,01 ; 0,04 ; 6,23 ; 0,02 ; 0,08 ; 0,09 ; 1,25 ; 0,02 ; 0,14 ; 0,35 ; 0,05 ; 0,06 ; 0,02 ; 0,57 ; 0,06 ; 0,05 ; 0,06 ; 0,02 ; 0,00 ; 0,00 ; 0,10 ; 0,60 ; 0,02 ; 0,01 ; 0,00 ; 0,21 ; 0,00 
22-Mar;GIRO; 0,00 ; 0,20 ; 0,04 ; 0,01 ; 0,04 ; 6,24 ; 0,02 ; 0,08 ; 0,09 ; 1,25 ; 0,02 ; 0,14 ; 0,35 ; 0,05 ; 0,06 ; 0,02 ; 0,57 ; 0,06 ; 0,05 ; 0,06 ; 0,02 ; 0,00 ; 0,00 ; 0,10 ; 0,61 ; 0,02 ; 0,01 ; 0,00 ; 0,21 ; 0,00 
23-Mar;GIRO; 0,00 ; 0,20 ; 0,05 ; 0,01 ; 0,04 ; 6,25 ; 0,02 ; 0,08 ; 0,09 ; 1,25 ; 0,02 ; 0,14 ; 0,93 ; 0,06 ; 0,06 ; 0,02 ; 0,57 ; 0,06 ; 0,05 ; 0,06 ; 0,02 ; 0,00 ; 0,00 ; 0,10 ; 0,61 ; 0,02 ; 0,01 ; 0,00 ; 0,21 ; 0,00 
24-Mar;GIRO; 0,00 ; 0,20 ; 0,04 ; 0,01 ; 0,04 ; 6,26 ; 0,02 ; 0,08 ; 0,09 ; 1,25 ; 0,02 ; 0,14 ; 0,67 ; 0,06 ; 0,06 ; 0,02 ; 0,57 ; 0,06 ; 0,05 ; 0,06 ; 0,02 ; 0,00 ; 0,00 ; 0,10 ; 0,61 ; 0,02 ; 0,01 ; 0,00 ; 0,21 ; 0,00 
25-Mar;GIRO; 0,00 ; 0,20 ; 0,05 ; 0,01 ; 0,04 ; 6,47 ; 0,02 ; 0,14 ; 0,09 ; 1,27 ; 0,02 ; 0,14 ; 1,17 ; 0,06 ; 0,06 ; 0,02 ; 0,57 ; 0,05 ; 0,05 ; 0,02 ; 0,02 ; 0,00 ; 0,00 ; 0,10 ; 0,61 ; 0,02 ; 0,01 ; 0,00 ; 0,21 ; 0,00 
26-Mar;GIRO; 0,00 ; 0,20 ; 0,07 ; 0,01 ; 0,04 ; 6,59 ; 0,02 ; 0,14 ; 0,09 ; 0,89 ; 0,02 ; 0,14 ; 0,45 ; 0,06 ; 0,06 ; 0,02 ; 0,57 ; 0,05 ; 0,02 ; 0,05 ; 0,02 ; 0,00 ; 0,00 ; 0,10 ; 0,61 ; 0,02 ; 0,01 ; 0,00 ; 0,21 ; 0,00 
27-Mar;GIRO; 0,00 ; 0,20 ; 0,26 ; 0,01 ; 0,04 ; 6,74 ; 0,02 ; 0,19 ; 0,09 ; 0,95 ; 0,02 ; 0,14 ; 0,40 ; 0,06 ; 0,06 ; 0,02 ; 1,05 ; 0,05 ; 0,02 ; 0,02 ; 0,02 ; 0,00 ; 0,00 ; 0,10 ; 0,61 ; 0,02 ; 0,01 ; 0,00 ; 0,21 ; 0,00 
28-Mar;GIRO; 0,00 ; 0,00 ; 0,00 ; 0,00 ; 0,00 ; 1,00 ; 0,00 ; 0,00 ; 0,00 ; 0,00 ; 1,00 ; 0,00 ; 0,00 ; 0,00 ; 1,00 ; 0,00 ; 0,00 ; 0,00 ; 0,00 ; 0,00 ; 0,00 ; 1,00 ; 0,00 ; 7,00 ; 0,00 ; 0,00 ; 0,00 ; 0,00 ; 0,00 ; 0,00 
29-Mar;GIRO; 0,00 ; 0,10 ; 0,03 ; 0,01 ; 0,04 ; 6,74 ; 0,02 ; 0,13 ; 0,09 ; 0,98 ; 0,02 ; 0,14 ; 0,41 ; 0,06 ; 0,06 ; 0,02 ; 1,05 ; 0,05 ; 0,02 ; 0,02 ; 0,02 ; 0,00 ; 0,00 ; 0,10 ; 0,61 ; 0,02 ; 0,01 ; 0,00 ; 0,20 ; 0,00 
30-Mar;GIRO; 0,00 ; 0,09 ; 0,04 ; 0,01 ; 0,04 ; 8,87 ; 0,02 ; 0,07 ; 0,09 ; 1,06 ; 0,02 ; 0,14 ; 0,30 ; 0,06 ; 0,06 ; 0,02 ; 1,05 ; 0,05 ; 0,02 ; 0,02 ; 0,02 ; 0,00 ; 0,00 ; 0,10 ; 1,83 ; 0,02 ; 0,01 ; 0,00 ; 0,20 ; 0,00 
31-Mar;GIRO; 0,00 ; 0,09 ; 0,03 ; 0,01 ; 0,04 ; 9,24 ; 0,02 ; 0,76 ; 0,09 ; 1,15 ; 0,02 ; 0,14 ; 1,00 ; 0,06 ; 0,06 ; 0,02 ; 1,06 ; 0,05 ; 0,02 ; 0,02 ; 0,02 ; 0,00 ; 0,00 ; 0,10 ; 0,61 ; 0,02 ; 0,01 ; 0,00 ; 0,27 ; 0,00 
01-Apr;GIRO; 0,00 ; 0,08 ; 0,05 ; 0,01 ; 0,04 ; 9,33 ; 0,02 ; 0,76 ; 0,09 ; 1,16 ; 0,02 ; 0,14 ; 1,06 ; 0,07 ; 0,06 ; 0,02 ; 1,18 ; 0,05 ; 0,05 ; 0,03 ; 0,02 ; 0,00 ; 0,00 ; 0,10 ; 0,62 ; 0,02 ; 0,01 ; 0,00 ; 0,27 ; 0,00 
02-Apr;GIRO; 0,00 ; 0,28 ; 0,03 ; 0,01 ; 0,04 ; 9,30 ; 0,02 ; 0,79 ; 0,09 ; 1,20 ; 0,02 ; 0,14 ; 0,35 ; 0,07 ; 0,06 ; 0,02 ; 1,08 ; 0,05 ; 0,05 ; 0,02 ; 0,02 ; 0,00 ; 0,00 ; 0,17 ; 0,62 ; 0,02 ; 0,01 ; 0,00 ; 0,27 ; 0,00 
03-Apr;GIRO; 0,00 ; 0,28 ; 0,03 ; 0,01 ; 0,04 ; 9,32 ; 0,02 ; 0,79 ; 0,09 ; 1,21 ; 0,02 ; 0,14 ; 0,50 ; 0,07 ; 0,06 ; 0,02 ; 1,10 ; 0,05 ; 0,05 ; 0,02 ; 0,02 ; 0,00 ; 0,00 ; 0,17 ; 0,63 ; 0,02 ; 0,01 ; 0,00 ; 0,11 ; 0,00 
04-Apr;GIRO; 0,00 ; 0,28 ; 0,08 ; 0,01 ; 0,04 ; 9,37 ; 0,02 ; 0,76 ; 0,06 ; 1,21 ; 0,02 ; 0,14 ; 0,36 ; 0,07 ; 0,06 ; 0,02 ; 1,10 ; 0,05 ; 0,10 ; 0,03 ; 0,02 ; 0,00 ; 0,00 ; 0,17 ; 0,63 ; 0,03 ; 0,01 ; 0,00 ; 0,11 ; 0,00 
05-Apr;GIRO; 0,00 ; 0,29 ; 0,03 ; 0,01 ; 0,04 ; 9,38 ; 0,02 ; 0,76 ; 0,06 ; 1,21 ; 0,02 ; 0,14 ; 0,19 ; 0,07 ; 0,06 ; 0,02 ; 1,10 ; 0,05 ; 0,16 ; 0,03 ; 0,02 ; 0,00 ; 0,00 ; 0,17 ; 0,63 ; 0,03 ; 0,01 ; 0,00 ; 0,11 ; 0,00 
06-Apr;GIRO; 0,00 ; 0,29 ; 0,20 ; 0,01 ; 0,04 ; 9,73 ; 0,02 ; 0,64 ; 0,06 ; 1,11 ; 0,02 ; 0,14 ; 0,44 ; 0,08 ; 0,06 ; 0,02 ; 0,79 ; 0,05 ; 0,06 ; 0,02 ; 0,02 ; 0,00 ; 0,00 ; 0,17 ; 0,64 ; 0,03 ; 0,01 ; 0,00 ; 0,86 ; 0,00 
07-Apr;GIRO; 0,00 ; 0,28 ; 0,03 ; 0,01 ; 0,04 ; 9,95 ; 0,02 ; 0,66 ; 0,06 ; 1,16 ; 0,02 ; 0,14 ; 0,43 ; 0,07 ; 0,06 ; 0,02 ; 0,65 ; 0,05 ; 0,06 ; 0,03 ; 0,02 ; 0,00 ; 0,00 ; 0,17 ; 0,65 ; 0,03 ; 0,01 ; 0,00 ; 0,49 ; 0,00 
08-Apr;GIRO; 0,00 ; 0,28 ; 0,03 ; 0,01 ; 0,04 ; 9,98 ; 0,02 ; 0,95 ; 0,06 ; 1,21 ; 0,02 ; 0,14 ; 0,32 ; 0,07 ; 0,06 ; 0,02 ; 0,84 ; 0,05 ; 0,06 ; 0,02 ; 0,02 ; 0,00 ; 0,00 ; 0,17 ; 0,65 ; 0,03 ; 0,01 ; 0,00 ; 0,25 ; 0,00 
09-Apr;GIRO; 0,00 ; 0,28 ; 0,09 ; 0,01 ; 0,04 ; 9,71 ; 0,02 ; 0,74 ; 0,06 ; 1,24 ; 0,02 ; 0,14 ; 0,30 ; 0,07 ; 0,06 ; 0,02 ; 1,24 ; 0,05 ; 0,06 ; 0,02 ; 0,02 ; 0,00 ; 0,00 ; 0,10 ; 0,68 ; 0,03 ; 0,01 ; 0,00 ; 0,53 ; 0,00 
10-Apr;GIRO; 0,00 ; 0,28 ; 0,03 ; 0,01 ; 0,04 ; 9,60 ; 0,02 ; 0,67 ; 0,06 ; 1,29 ; 0,02 ; 0,14 ; 0,47 ; 0,08 ; 0,06 ; 0,02 ; 1,76 ; 0,05 ; 0,02 ; 0,02 ; 0,02 ; 0,00 ; 0,00 ; 0,10 ; 0,70 ; 0,03 ; 0,01 ; 0,00 ; 0,36 ; 0,00 
11-Apr;GIRO; 0,00 ; 0,28 ; 0,03 ; 0,01 ; 0,04 ; 9,60 ; 0,02 ; 0,67 ; 0,06 ; 1,29 ; 0,02 ; 0,14 ; 0,47 ; 0,08 ; 0,06 ; 0,02 ; 1,76 ; 0,05 ; 0,02 ; 0,02 ; 0,02 ; 0,00 ; 0,00 ; 0,10 ; 0,70 ; 0,03 ; 0,01 ; 0,00 ; 0,36 ; 0,00 
12-Apr;GIRO; 0,00 ; 0,28 ; 0,03 ; 0,01 ; 0,04 ; 9,60 ; 0,02 ; 0,67 ; 0,06 ; 1,29 ; 0,02 ; 0,14 ; 0,47 ; 0,08 ; 0,06 ; 0,02 ; 1,76 ; 0,05 ; 0,02 ; 0,02 ; 0,02 ; 0,00 ; 0,00 ; 0,10 ; 0,70 ; 0,03 ; 0,01 ; 0,00 ; 0,36 ; 0,00 
13-Apr;GIRO; 0,00 ; 0,28 ; 0,03 ; 0,01 ; 0,04 ; 5,98 ; 0,02 ; 0,69 ; 0,06 ; 0,93 ; 0,02 ; 0,14 ; 0,48 ; 0,08 ; 0,06 ; 0,02 ; 0,75 ; 0,05 ; 0,37 ; 0,02 ; 0,02 ; 0,00 ; 0,00 ; 0,10 ; 0,71 ; 0,04 ; 0,01 ; 0,00 ; 1,04 ; 0,00 
14-Apr;GIRO; 0,00 ; 0,28 ; 0,03 ; 0,01 ; 0,04 ; 6,01 ; 0,02 ; 0,88 ; 0,06 ; 1,01 ; 0,02 ; 0,14 ; 0,34 ; 0,07 ; 0,06 ; 0,02 ; 0,75 ; 0,05 ; 0,36 ; 0,02 ; 0,02 ; 0,00 ; 0,00 ; 0,10 ; 0,72 ; 0,04 ; 0,01 ; 0,00 ; 0,76 ; 0,00 
15-Apr;GIRO; 0,00 ; 0,27 ; 0,02 ; 0,01 ; 0,04 ; 6,02 ; 0,02 ; 0,59 ; 0,06 ; 1,06 ; 0,02 ; 0,14 ; 0,27 ; 0,07 ; 0,06 ; 0,02 ; 0,88 ; 0,05 ; 0,02 ; 0,02 ; 0,02 ; 0,00 ; 0,00 ; 0,10 ; 0,72 ; 0,04 ; 0,01 ; 0,00 ; 0,44 ; 0,00 
16-Apr;GIRO; 0,00 ; 0,26 ; 0,03 ; 0,01 ; 0,04 ; 6,07 ; 0,02 ; 0,52 ; 0,06 ; 0,91 ; 0,02 ; 0,14 ; 0,23 ; 0,07 ; 0,07 ; 0,02 ; 0,86 ; 0,05 ; 0,02 ; 0,02 ; 0,02 ; 0,00 ; 0,00 ; 0,10 ; 0,73 ; 0,04 ; 0,01 ; 0,00 ; 0,26 ; 0,00 
17-Apr;GIRO; 0,00 ; 0,36 ; 0,02 ; 0,11 ; 0,24 ; 6,17 ; 0,02 ; 0,52 ; 0,36 ; 1,17 ; 0,12 ; 0,14 ; 0,58 ; 0,07 ; 0,07 ; 0,02 ; 1,55 ; 0,15 ; 0,22 ; 0,03 ; 0,02 ; 0,00 ; 0,00 ; 0,11 ; 0,73 ; 0,04 ; 0,01 ; 0,00 ; 0,40 ; 0,00 
18-Apr;GIRO; 0,00 ; 0,36 ; 0,06 ; 0,11 ; 0,24 ; 6,18 ; 0,02 ; 0,52 ; 0,36 ; 1,17 ; 0,12 ; 0,14 ; 0,91 ; 0,07 ; 0,07 ; 0,02 ; 1,41 ; 0,15 ; 0,22 ; 0,02 ; 0,02 ; 0,00 ; 0,00 ; 0,11 ; 0,73 ; 0,04 ; 0,01 ; 0,00 ; 0,39 ; 0,00 
19-Apr;GIRO; 0,00 ; 0,36 ; 0,05 ; 0,11 ; 0,24 ; 6,18 ; 0,02 ; 0,52 ; 0,36 ; 1,17 ; 0,12 ; 0,14 ; 0,63 ; 0,07 ; 0,07 ; 0,02 ; 1,34 ; 0,15 ; 0,22 ; 0,02 ; 0,02 ; 0,00 ; 0,00 ; 0,11 ; 0,73 ; 0,04 ; 0,01 ; 0,00 ; 0,39 ; 0,00 
20-Apr;GIRO; 0,00 ; 0,35 ; 0,02 ; 0,11 ; 0,24 ; 6,64 ; 0,02 ; 0,50 ; 0,36 ; 1,22 ; 0,12 ; 0,14 ; 0,42 ; 0,07 ; 0,07 ; 0,02 ; 1,08 ; 0,15 ; 0,22 ; 0,02 ; 0,02 ; 0,00 ; 0,00 ; 0,11 ; 0,73 ; 0,04 ; 0,01 ; 0,00 ; 0,71 ; 0,00 
21-Apr;GIRO; 0,00 ; 0,35 ; 0,02 ; 0,11 ; 0,24 ; 6,98 ; 0,02 ; 0,50 ; 0,33 ; 1,29 ; 0,12 ; 0,14 ; 0,50 ; 0,07 ; 0,07 ; 0,02 ; 1,08 ; 0,15 ; 0,22 ; 0,02 ; 0,02 ; 0,00 ; 0,00 ; 0,11 ; 0,73 ; 0,02 ; 0,01 ; 0,00 ; 0,36 ; 0,00 
22-Apr;GIRO; 0,00 ; 0,35 ; 0,02 ; 0,09 ; 0,24 ; 7,34 ; 0,02 ; 0,56 ; 0,33 ; 1,09 ; 0,12 ; 0,14 ; 0,39 ; 0,07 ; 0,07 ; 0,02 ; 1,19 ; 0,15 ; 0,22 ; 0,02 ; 0,02 ; 0,00 ; 0,00 ; 0,11 ; 0,73 ; 0,02 ; 0,01 ; 0,00 ; 0,36 ; 0,00 
23-Apr;GIRO; 0,00 ; 0,35 ; 0,03 ; 0,09 ; 0,24 ; 7,53 ; 0,02 ; 0,60 ; 0,28 ; 1,12 ; 0,12 ; 0,14 ; 0,62 ; 0,07 ; 0,07 ; 0,02 ; 1,32 ; 0,15 ; 0,22 ; 0,02 ; 0,02 ; 0,00 ; 0,00 ; 0,11 ; 0,73 ; 0,02 ; 0,01 ; 0,00 ; 0,48 ; 0,00 
24-Apr;GIRO; 0,00 ; 0,35 ; 0,02 ; 0,09 ; 0,24 ; 7,69 ; 0,02 ; 0,66 ; 0,28 ; 1,17 ; 0,12 ; 0,14 ; 0,54 ; 0,07 ; 0,07 ; 0,02 ; 1,43 ; 0,15 ; 0,13 ; 0,02 ; 0,02 ; 0,00 ; 0,00 ; 0,11 ; 0,73 ; 0,02 ; 0,01 ; 0,00 ; 0,69 ; 0,00 
25-Apr;GIRO; 0,00 ; 0,35 ; 0,02 ; 0,09 ; 0,24 ; 7,75 ; 0,02 ; 0,76 ; 0,28 ; 1,17 ; 0,12 ; 0,14 ; 0,71 ; 0,07 ; 0,07 ; 0,02 ; 1,24 ; 0,15 ; 0,13 ; 0,02 ; 0,02 ; 0,00 ; 0,00 ; 0,11 ; 0,73 ; 0,02 ; 0,01 ; 0,00 ; 0,34 ; 0,00 
26-Apr;GIRO; 0,00 ; 0,35 ; 0,04 ; 0,09 ; 0,24 ; 7,76 ; 0,02 ; 0,76 ; 0,28 ; 1,18 ; 0,12 ; 0,14 ; 1,22 ; 0,07 ; 0,07 ; 0,02 ; 1,24 ; 0,15 ; 0,13 ; 0,02 ; 0,02 ; 0,00 ; 0,00 ; 0,11 ; 0,73 ; 0,02 ; 0,01 ; 0,00 ; 0,59 ; 0,00 
27-Apr;GIRO; 0,00 ; 0,30 ; 0,02 ; 0,09 ; 0,22 ; 8,02 ; 0,02 ; 0,80 ; 0,23 ; 1,13 ; 0,07 ; 0,14 ; 0,77 ; 0,07 ; 0,07 ; 0,02 ; 1,12 ; 0,15 ; 0,14 ; 0,02 ; 0,02 ; 0,00 ; 0,00 ; 0,11 ; 0,74 ; 0,03 ; 0,01 ; 0,00 ; 0,64 ; 0,00 
28-Apr;GIRO; 0,00 ; 0,30 ; 0,02 ; 0,09 ; 0,22 ; 8,09 ; 0,02 ; 0,46 ; 0,23 ; 1,14 ; 0,07 ; 0,14 ; 0,74 ; 0,07 ; 0,07 ; 0,02 ; 1,03 ; 0,15 ; 0,13 ; 0,02 ; 0,02 ; 0,00 ; 0,00 ; 0,11 ; 0,74 ; 0,03 ; 0,01 ; 0,00 ; 0,27 ; 0,00 
29-Apr;GIRO; 0,00 ; 0,30 ; 0,08 ; 0,09 ; 0,22 ; 8,19 ; 0,02 ; 0,48 ; 0,23 ; 1,10 ; 0,07 ; 0,14 ; 0,80 ; 0,07 ; 0,07 ; 0,02 ; 1,13 ; 0,13 ; 0,10 ; 0,02 ; 0,02 ; 0,00 ; 0,00 ; 0,11 ; 2,44 ; 0,03 ; 0,01 ; 0,00 ; 0,29 ; 0,00 
30-Apr;GIRO; 0,00 ; 0,30 ; 0,02 ; 0,09 ; 0,22 ; 5,87 ; 0,02 ; 0,64 ; 0,23 ; 1,34 ; 0,07 ; 0,14 ; 1,13 ; 0,07 ; 0,07 ; 0,02 ; 1,62 ; 0,13 ; 0,10 ; 0,02 ; 0,02 ; 0,00 ; 0,00 ; 0,11 ; 0,76 ; 0,03 ; 0,01 ; 0,00 ; 0,29 ; 0,00 
01-May;GIRO; 0,00 ; 0,30 ; 0,02 ; 0,09 ; 0,22 ; 5,83 ; 0,02 ; 0,64 ; 0,23 ; 1,34 ; 0,07 ; 0,14 ; 0,46 ; 0,07 ; 0,07 ; 0,02 ; 1,62 ; 0,13 ; 0,09 ; 0,03 ; 0,02 ; 0,00 ; 0,00 ; 0,11 ; 0,76 ; 0,03 ; 0,01 ; 0,00 ; 0,29 ; 0,00 
02-May;GIRO; 0,00 ; 0,30 ; 0,04 ; 0,09 ; 0,22 ; 5,83 ; 0,02 ; 0,33 ; 0,23 ; 1,34 ; 0,07 ; 0,14 ; 0,78 ; 0,07 ; 0,07 ; 0,02 ; 1,62 ; 0,13 ; 0,09 ; 0,02 ; 0,02 ; 0,00 ; 0,00 ; 0,11 ; 0,78 ; 0,03 ; 0,01 ; 0,00 ; 0,43 ; 0,00 
03-May;GIRO; 0,00 ; 0,30 ; 0,04 ; 0,09 ; 0,22 ; 5,84 ; 0,02 ; 0,33 ; 0,23 ; 1,34 ; 0,07 ; 0,14 ; 0,65 ; 0,07 ; 0,07 ; 0,02 ; 1,62 ; 0,13 ; 0,09 ; 0,02 ; 0,02 ; 0,00 ; 0,00 ; 0,11 ; 0,78 ; 0,03 ; 0,01 ; 0,00 ; 0,18 ; 0,00 
04-May;GIRO; 0,00 ; 0,11 ; 0,08 ; 0,01 ; 0,04 ; 12,96 ; 0,02 ; 0,06 ; 0,09 ; 1,46 ; 0,02 ; 0,14 ; 0,32 ; 0,06 ; 0,06 ; 0,02 ; 0,64 ; 0,06 ; 0,05 ; 0,02 ; 0,04 ; 0,00 ; 0,00 ; 0,18 ; 0,21 ; 0,02 ; 0,01 ; 0,00 ; 0,03 ; 0,00 
05-May;GIRO; 0,00 ; 0,30 ; 0,08 ; 0,06 ; 0,18 ; 5,76 ; 0,02 ; 0,46 ; 0,24 ; 1,28 ; 0,07 ; 0,14 ; 0,58 ; 0,07 ; 0,07 ; 0,02 ; 1,66 ; 0,13 ; 0,06 ; 0,03 ; 0,02 ; 0,00 ; 0,00 ; 0,18 ; 0,00 ; 0,02 ; 0,01 ; 0,00 ; 0,25 ; 0,00 
06-May;GIRO; 0,00 ; 0,28 ; 0,08 ; 0,06 ; 1,19 ; 6,27 ; 0,02 ; 0,53 ; 1,64 ; 1,31 ; 0,07 ; 0,14 ; 1,46 ; 0,07 ; 0,17 ; 0,72 ; 1,23 ; 2,39 ; 1,74 ; 0,03 ; 0,02 ; 0,00 ; 0,00 ; 0,13 ; 0,01 ; 0,02 ; 0,01 ; 0,00 ; 0,29 ; 0,00 
07-May;GIRO; 0,00 ; 0,28 ; 0,08 ; 0,06 ; 1,19 ; 6,30 ; 0,02 ; 0,44 ; 1,64 ; 1,32 ; 0,07 ; 0,14 ; 1,12 ; 0,07 ; 0,17 ; 0,72 ; 2,00 ; 2,39 ; 1,80 ; 0,05 ; 0,02 ; 0,00 ; 0,00 ; 0,11 ; 0,03 ; 0,02 ; 0,01 ; 0,00 ; 0,25 ; 0,00 
08-May;GIRO; 0,00 ; 0,28 ; 0,06 ; 0,06 ; 1,19 ; 6,37 ; 0,02 ; 0,45 ; 1,64 ; 1,34 ; 0,07 ; 0,14 ; 1,16 ; 0,07 ; 0,17 ; 0,72 ; 2,14 ; 2,36 ; 2,20 ; 0,05 ; 0,02 ; 0,00 ; 0,00 ; 0,11 ; 0,04 ; 0,02 ; 0,01 ; 0,00 ; 0,21 ; 0,00 
09-May;GIRO; 0,00 ; 0,28 ; 0,01 ; 0,06 ; 1,19 ; 6,39 ; 0,02 ; 0,44 ; 1,64 ; 1,34 ; 0,07 ; 0,14 ; 1,51 ; 0,07 ; 0,17 ; 0,72 ; 2,14 ; 2,36 ; 2,20 ; 0,07 ; 0,02 ; 0,00 ; 0,00 ; 0,11 ; 0,04 ; 0,02 ; 0,01 ; 0,00 ; 0,29 ; 0,00 
10-May;GIRO; 0,00 ; 0,28 ; 0,08 ; 0,06 ; 1,19 ; 6,40 ; 0,02 ; 0,44 ; 1,64 ; 1,35 ; 0,07 ; 0,14 ; 1,12 ; 0,07 ; 0,17 ; 0,72 ; 2,14 ; 2,36 ; 2,15 ; 0,07 ; 0,02 ; 0,00 ; 0,00 ; 0,11 ; 0,04 ; 0,03 ; 0,01 ; 0,00 ; 0,29 ; 0,00 
11-May;GIRO; 0,00 ; 0,28 ; 0,06 ; 0,06 ; 1,19 ; 6,58 ; 0,02 ; 0,39 ; 1,59 ; 1,38 ; 0,07 ; 0,14 ; 1,21 ; 0,07 ; 0,17 ; 0,72 ; 1,11 ; 2,14 ; 2,11 ; 0,05 ; 0,02 ; 0,00 ; 0,00 ; 0,11 ; 0,05 ; 0,03 ; 0,01 ; 0,00 ; 0,21 ; 0,00 
12-May;GIRO; 0,00 ; 0,28 ; 0,02 ; 0,06 ; 1,19 ; 6,58 ; 0,02 ; 0,49 ; 1,52 ; 1,47 ; 0,07 ; 0,14 ; 0,98 ; 0,08 ; 0,17 ; 0,67 ; 0,97 ; 2,14 ; 1,66 ; 0,03 ; 0,02 ; 0,00 ; 0,00 ; 0,07 ; 0,05 ; 0,03 ; 0,01 ; 0,00 ; 0,21 ; 0,00 
13-May;GIRO; 0,00 ; 0,26 ; 0,03 ; 0,06 ; 1,14 ; 6,47 ; 0,02 ; 0,47 ; 1,52 ; 1,52 ; 0,07 ; 0,14 ; 1,02 ; 0,07 ; 0,17 ; 0,67 ; 1,09 ; 2,14 ; 1,48 ; 0,04 ; 0,02 ; 0,00 ; 0,00 ; 0,07 ; 0,07 ; 0,03 ; 0,01 ; 0,00 ; 0,15 ; 0,00 
14-May;GIRO; 0,00 ; 0,26 ; 0,03 ; 0,06 ; 1,14 ; 6,49 ; 0,02 ; 0,47 ; 1,52 ; 1,56 ; 0,07 ; 0,14 ; 1,51 ; 0,07 ; 0,17 ; 0,67 ; 1,08 ; 2,14 ; 1,51 ; 0,02 ; 0,02 ; 0,00 ; 0,00 ; 0,07 ; 0,08 ; 0,03 ; 0,01 ; 0,00 ; 0,25 ; 0,00 
15-May;GIRO; 0,00 ; 0,26 ; 0,02 ; 0,06 ; 1,14 ; 6,51 ; 0,02 ; 0,47 ; 1,52 ; 1,58 ; 0,07 ; 0,14 ; 1,35 ; 0,07 ; 0,17 ; 0,67 ; 1,09 ; 2,14 ; 1,46 ; 0,02 ; 0,02 ; 0,00 ; 0,00 ; 0,07 ; 0,08 ; 0,03 ; 0,01 ; 0,00 ; 0,18 ; 0,00 
16-May;GIRO; 0,00 ; 0,26 ; 0,02 ; 0,06 ; 1,14 ; 6,54 ; 0,02 ; 0,45 ; 1,52 ; 1,59 ; 0,07 ; 0,14 ; 1,25 ; 0,07 ; 0,17 ; 0,67 ; 1,10 ; 2,14 ; 1,46 ; 0,03 ; 0,02 ; 0,00 ; 0,00 ; 0,07 ; 0,08 ; 0,03 ; 0,01 ; 0,00 ; 0,33 ; 0,00 
17-May;GIRO; 0,00 ; 0,27 ; 0,03 ; 0,06 ; 1,14 ; 6,55 ; 0,02 ; 0,46 ; 1,52 ; 1,59 ; 0,07 ; 0,14 ; 1,22 ; 0,06 ; 0,17 ; 0,67 ; 1,11 ; 2,14 ; 1,46 ; 0,03 ; 0,02 ; 0,00 ; 0,00 ; 0,07 ; 0,08 ; 0,03 ; 0,01 ; 0,00 ; 0,17 ; 0,00 
18-May;GIRO; 0,00 ; 0,26 ; 0,05 ; 0,06 ; 1,14 ; 7,38 ; 0,02 ; 0,41 ; 1,52 ; 1,69 ; 0,07 ; 0,14 ; 1,34 ; 0,07 ; 0,17 ; 0,67 ; 1,12 ; 2,06 ; 1,46 ; 0,04 ; 0,02 ; 0,00 ; 0,00 ; 0,07 ; 0,08 ; 0,03 ; 0,01 ; 0,00 ; 0,17 ; 0,00 
19-May;GIRO; 0,00 ; 0,26 ; 0,02 ; 0,06 ; 1,14 ; 4,46 ; 0,02 ; 0,34 ; 1,52 ; 1,75 ; 0,07 ; 0,14 ; 1,11 ; 0,06 ; 0,11 ; 0,57 ; 1,43 ; 1,86 ; 1,46 ; 0,04 ; 0,02 ; 0,00 ; 0,00 ; 0,07 ; 0,10 ; 0,03 ; 0,01 ; 0,00 ; 0,38 ; 0,00 
20-May;GIRO; 0,00 ; 0,26 ; 0,03 ; 0,06 ; 1,09 ; 4,75 ; 0,02 ; 0,58 ; 1,52 ; 1,80 ; 0,07 ; 0,14 ; 0,99 ; 0,06 ; 0,11 ; 0,57 ; 1,07 ; 1,86 ; 1,62 ; 0,02 ; 0,02 ; 0,00 ; 0,00 ; 0,07 ; 0,10 ; 0,04 ; 0,01 ; 0,00 ; 0,16 ; 0,00 
21-May;GIRO; 0,00 ; 0,26 ; 0,04 ; 0,06 ; 1,09 ; 5,02 ; 0,02 ; 0,54 ; 1,52 ; 1,86 ; 0,07 ; 0,14 ; 1,07 ; 0,06 ; 0,11 ; 0,57 ; 1,05 ; 1,86 ; 1,51 ; 0,02 ; 0,02 ; 0,00 ; 0,00 ; 0,07 ; 0,10 ; 0,07 ; 0,01 ; 0,00 ; 0,50 ; 0,00 
22-May;GIRO; 0,00 ; 0,26 ; 0,03 ; 0,06 ; 1,09 ; 5,41 ; 0,02 ; 0,47 ; 1,35 ; 1,88 ; 0,07 ; 0,14 ; 1,39 ; 0,06 ; 0,11 ; 0,57 ; 1,40 ; 1,73 ; 1,61 ; 0,02 ; 0,02 ; 0,00 ; 0,00 ; 0,07 ; 1,67 ; 0,07 ; 0,01 ; 0,00 ; 1,08 ; 0,00 
23-May;GIRO; 0,00 ; 0,26 ; 0,04 ; 0,06 ; 1,09 ; 5,44 ; 0,02 ; 0,40 ; 1,35 ; 1,88 ; 0,07 ; 0,14 ; 1,44 ; 0,06 ; 0,11 ; 0,57 ; 1,40 ; 1,73 ; 1,61 ; 0,02 ; 0,02 ; 0,00 ; 0,00 ; 0,07 ; 1,67 ; 0,07 ; 0,01 ; 0,00 ; 0,52 ; 0,00 
24-May;GIRO; 0,00 ; 0,26 ; 0,04 ; 0,06 ; 1,09 ; 5,44 ; 0,02 ; 0,40 ; 1,35 ; 1,88 ; 0,07 ; 0,14 ; 1,29 ; 0,06 ; 0,11 ; 0,57 ; 1,40 ; 1,73 ; 1,61 ; 0,02 ; 0,02 ; 0,00 ; 0,00 ; 0,07 ; 1,67 ; 0,07 ; 0,01 ; 0,00 ; 0,59 ; 0,00 
25-May;GIRO; 0,00 ; 0,25 ; 0,05 ; 0,06 ; 0,01 ; 5,72 ; 0,02 ; 0,00 ; 1,35 ; 1,21 ; 0,07 ; 0,14 ; 1,12 ; 0,06 ; 0,11 ; 0,57 ; 0,89 ; 1,49 ; 1,54 ; 0,00 ; 0,02 ; 0,07 ; 1,09 ; 0,02 ; 0,00 ; 0,00 ; 0,04 ; 0,00 ; 0,11 ; 0,55 
26-May;GIRO; 0,00 ; 0,25 ; 0,01 ; 0,06 ; 1,09 ; 10,88 ; 0,02 ; 1,00 ; 1,35 ; 1,29 ; 0,07 ; 0,14 ; 1,09 ; 0,06 ; 0,11 ; 0,52 ; 0,80 ; 1,44 ; 1,54 ; 0,02 ; 0,02 ; 0,00 ; 0,00 ; 0,07 ; 0,11 ; 0,05 ; 0,01 ; 0,00 ; 0,23 ; 0,00 
27-May;GIRO; 0,00 ; 0,25 ; 0,01 ; 0,06 ; 1,09 ; 11,11 ; 0,02 ; 0,70 ; 1,35 ; 1,29 ; 0,07 ; 0,14 ; 1,07 ; 0,06 ; 0,11 ; 0,52 ; 0,79 ; 1,44 ; 1,54 ; 0,02 ; 0,02 ; 0,00 ; 0,00 ; 0,07 ; 0,11 ; 0,05 ; 0,01 ; 0,00 ; 0,23 ; 0,00 
28-May;GIRO; 0,00 ; 0,25 ; 0,03 ; 0,06 ; 1,09 ; 11,35 ; 0,02 ; 0,49 ; 1,35 ; 1,30 ; 0,07 ; 0,14 ; 1,48 ; 0,06 ; 0,11 ; 0,52 ; 0,82 ; 1,44 ; 1,54 ; 0,02 ; 0,02 ; 0,00 ; 0,00 ; 0,07 ; 0,11 ; 0,05 ; 0,01 ; 0,00 ; 0,23 ; 0,00 
29-May;GIRO; 0,00 ; 0,25 ; 0,04 ; 0,06 ; 1,09 ; 6,48 ; 0,02 ; 2,55 ; 1,35 ; 1,25 ; 0,07 ; 0,14 ; 1,34 ; 0,06 ; 0,11 ; 0,52 ; 1,05 ; 1,41 ; 1,54 ; 0,02 ; 0,02 ; 0,00 ; 0,00 ; 0,08 ; 0,15 ; 0,05 ; 0,01 ; 0,00 ; 0,46 ; 0,00 
30-May;GIRO; 0,00 ; 0,25 ; 0,03 ; 0,06 ; 1,09 ; 6,54 ; 0,02 ; 2,50 ; 1,35 ; 1,28 ; 0,07 ; 0,14 ; 1,25 ; 0,06 ; 0,11 ; 0,52 ; 1,48 ; 1,41 ; 1,54 ; 0,02 ; 0,02 ; 0,00 ; 0,00 ; 0,08 ; 0,15 ; 0,05 ; 0,01 ; 0,00 ; 0,30 ; 0,00 
31-May;GIRO; 0,00 ; 0,25 ; 0,03 ; 0,06 ; 1,09 ; 6,56 ; 0,02 ; 2,47 ; 1,35 ; 1,28 ; 0,07 ; 0,14 ; 2,16 ; 0,06 ; 0,11 ; 0,52 ; 1,48 ; 1,41 ; 1,54 ; 0,02 ; 0,02 ; 0,00 ; 0,00 ; 0,08 ; 0,15 ; 0,05 ; 0,01 ; 0,00 ; 0,69 ; 0,00 
01-Jun;GIRO; 0,00 ; 0,25 ; 0,03 ; 0,06 ; 1,09 ; 6,53 ; 0,02 ; 2,22 ; 1,35 ; 1,28 ; 0,07 ; 0,14 ; 1,02 ; 0,06 ; 0,11 ; 0,52 ; 1,48 ; 1,41 ; 1,54 ; 0,03 ; 0,02 ; 0,00 ; 0,00 ; 0,08 ; 0,15 ; 0,05 ; 0,01 ; 0,00 ; 0,24 ; 0,00 
