NAMA UKER;KCP Telkom Bandung;KCP Batununggal;KCP Cicurug;KCP Summarecon Bandung;KCP Taman Kopo Indah;KCP Otto Iskandardinata;KCP Cijerah;KCP Cipanas;KCP Weru;KCP Cimindi;KCP ITB;KCP Taman Kopo Indah II;KCP BRI Jatinangor;KCP Ciledug Cirebon;KCP Suci;KCP Trade Center;KCP Riau;KCP Banjaran;KCP Patrol;KCP Pangandaran;KCP Surade;KCP Cikajang;KCP Pelabuhan Ratu;KCP Sumber;KCP Sumber Sari;KCP Ciranjang;KCP Antapani;KCP Rancaekek;KCP Setrasari;KCP Lembang;KCP Ciawi Tasikmalaya;KCP Rajawali Bandung;KCP Sukanagara;KCP Padalarang
31-Dec; 39,90 ; 56,15 ; 40,00 ; 78,77 ; 67,27 ; 54,11 ; 69,35 ; 74,72 ; 102,66 ; 57,81 ; 71,45 ; 66,13 ; 116,89 ; 74,31 ; 60,15 ; 81,94 ; 107,29 ; 54,99 ; 63,46 ; 76,21 ; 32,65 ; 52,56 ; 53,30 ; 94,07 ; 64,34 ; 53,68 ; 51,62 ; 38,15 ; 75,88 ; 73,65 ; 52,02 ; 50,27 ; 23,83 ; 61,72 
01-Jan; 39,69 ; 56,58 ; 39,79 ; 78,10 ; 68,06 ; 55,01 ; 69,96 ; 76,31 ; 103,37 ; 58,00 ; 71,16 ; 66,54 ; 123,34 ; 74,25 ; 60,44 ; 82,07 ; 105,57 ; 54,00 ; 63,68 ; 76,27 ; 33,04 ; 52,83 ; 55,49 ; 96,44 ; 64,45 ; 52,67 ; 51,31 ; 38,12 ; 76,27 ; 74,75 ; 49,66 ; 50,81 ; 24,54 ; 63,04 
02-Jan; 40,09 ; 55,76 ; 34,62 ; 70,66 ; 68,13 ; 52,75 ; 69,39 ; 74,16 ; 100,07 ; 57,31 ; 59,75 ; 65,68 ; 123,28 ; 72,15 ; 59,02 ; 79,32 ; 103,69 ; 53,42 ; 62,26 ; 76,47 ; 31,78 ; 53,43 ; 51,20 ; 95,21 ; 62,26 ; 49,86 ; 45,51 ; 37,03 ; 73,66 ; 58,59 ; 50,98 ; 45,92 ; 26,62 ; 62,55 
03-Jan; 39,93 ; 55,67 ; 34,37 ; 70,77 ; 67,86 ; 52,18 ; 68,23 ; 74,32 ; 98,76 ; 56,68 ; 59,30 ; 65,95 ; 121,90 ; 72,35 ; 58,84 ; 78,70 ; 103,23 ; 53,56 ; 61,62 ; 75,89 ; 31,29 ; 53,96 ; 50,15 ; 95,24 ; 62,40 ; 49,38 ; 45,57 ; 36,56 ; 73,59 ; 57,70 ; 50,32 ; 45,98 ; 26,89 ; 62,62 
04-Jan; 39,92 ; 55,81 ; 34,18 ; 70,54 ; 67,59 ; 52,16 ; 68,22 ; 73,64 ; 98,13 ; 56,86 ; 59,05 ; 65,14 ; 120,46 ; 72,25 ; 59,09 ; 78,37 ; 103,42 ; 52,47 ; 61,56 ; 75,55 ; 31,68 ; 54,16 ; 49,43 ; 94,93 ; 62,25 ; 48,92 ; 45,97 ; 36,00 ; 73,65 ; 57,55 ; 49,19 ; 45,63 ; 27,32 ; 59,62 
05-Jan; 39,80 ; 57,05 ; 34,32 ; 70,82 ; 67,23 ; 69,37 ; 67,93 ; 59,85 ; 99,58 ; 54,84 ; 58,93 ; 66,53 ; 120,09 ; 71,51 ; 56,99 ; 77,88 ; 96,86 ; 53,28 ; 61,98 ; 77,60 ; 32,31 ; 53,89 ; 50,00 ; 94,75 ; 62,72 ; 44,72 ; 45,15 ; 36,26 ; 71,64 ; 57,82 ; 49,36 ; 40,54 ; 24,44 ; 59,69 
06-Jan; 38,97 ; 57,95 ; 34,42 ; 69,81 ; 67,08 ; 53,62 ; 68,01 ; 61,15 ; 98,82 ; 54,60 ; 58,68 ; 66,11 ; 120,27 ; 72,00 ; 56,48 ; 77,98 ; 97,07 ; 52,17 ; 62,25 ; 73,61 ; 32,10 ; 54,20 ; 47,81 ; 94,49 ; 63,11 ; 44,48 ; 45,34 ; 36,15 ; 70,77 ; 59,00 ; 49,32 ; 42,35 ; 23,75 ; 59,33 
07-Jan; 39,35 ; 57,60 ; 34,85 ; 69,38 ; 66,92 ; 54,05 ; 67,85 ; 58,86 ; 99,03 ; 54,93 ; 59,14 ; 65,54 ; 120,05 ; 71,05 ; 55,95 ; 78,19 ; 96,83 ; 52,53 ; 63,06 ; 71,57 ; 31,37 ; 52,73 ; 45,74 ; 93,70 ; 62,59 ; 33,14 ; 45,29 ; 36,18 ; 59,58 ; 58,25 ; 47,49 ; 42,24 ; 23,72 ; 58,13 
08-Jan; 39,27 ; 57,89 ; 34,85 ; 69,09 ; 67,54 ; 53,87 ; 67,58 ; 57,72 ; 98,50 ; 55,01 ; 58,56 ; 65,74 ; 118,93 ; 70,98 ; 56,69 ; 78,11 ; 95,76 ; 53,00 ; 63,25 ; 74,60 ; 30,79 ; 51,71 ; 45,23 ; 92,35 ; 62,11 ; 33,29 ; 44,98 ; 36,12 ; 59,65 ; 57,51 ; 48,05 ; 42,76 ; 23,17 ; 58,76 
09-Jan; 39,23 ; 58,07 ; 34,92 ; 71,14 ; 67,08 ; 53,66 ; 66,23 ; 58,37 ; 100,51 ; 55,08 ; 58,38 ; 65,58 ; 119,83 ; 72,32 ; 55,14 ; 78,04 ; 95,42 ; 52,64 ; 60,09 ; 74,10 ; 33,69 ; 51,51 ; 47,61 ; 94,47 ; 62,86 ; 33,56 ; 45,27 ; 36,29 ; 59,08 ; 57,42 ; 50,54 ; 42,54 ; 23,63 ; 59,04 
10-Jan; 38,83 ; 57,49 ; 34,19 ; 69,59 ; 66,83 ; 54,03 ; 66,05 ; 58,09 ; 100,20 ; 54,86 ; 57,92 ; 65,04 ; 118,94 ; 72,60 ; 55,31 ; 81,52 ; 95,70 ; 51,82 ; 60,67 ; 72,90 ; 32,96 ; 52,07 ; 47,67 ; 93,86 ; 63,37 ; 33,18 ; 45,13 ; 36,13 ; 58,95 ; 57,26 ; 50,11 ; 41,78 ; 23,00 ; 58,37 
11-Jan; 38,30 ; 57,39 ; 33,74 ; 68,65 ; 66,74 ; 53,43 ; 65,98 ; 57,82 ; 100,78 ; 54,62 ; 57,58 ; 65,43 ; 118,65 ; 72,18 ; 54,78 ; 81,77 ; 94,39 ; 51,42 ; 60,47 ; 72,92 ; 32,69 ; 51,42 ; 47,39 ; 93,21 ; 63,87 ; 32,92 ; 45,20 ; 36,17 ; 58,94 ; 57,18 ; 49,60 ; 41,89 ; 23,13 ; 58,67 
12-Jan; 39,66 ; 57,68 ; 34,09 ; 69,05 ; 67,03 ; 53,44 ; 65,83 ; 57,19 ; 100,39 ; 55,12 ; 58,10 ; 64,46 ; 118,01 ; 71,04 ; 54,73 ; 77,33 ; 89,26 ; 50,87 ; 60,12 ; 72,82 ; 32,60 ; 52,03 ; 46,80 ; 92,57 ; 64,39 ; 33,17 ; 46,26 ; 36,30 ; 59,08 ; 57,00 ; 51,41 ; 42,54 ; 23,51 ; 60,41 
13-Jan; 39,43 ; 57,25 ; 34,15 ; 68,58 ; 66,86 ; 53,52 ; 65,78 ; 56,64 ; 100,49 ; 53,94 ; 60,38 ; 65,47 ; 119,99 ; 69,57 ; 57,10 ; 76,93 ; 90,74 ; 51,85 ; 59,68 ; 73,30 ; 32,00 ; 52,49 ; 46,21 ; 92,27 ; 64,29 ; 33,32 ; 46,09 ; 36,58 ; 61,86 ; 56,98 ; 49,22 ; 43,81 ; 22,98 ; 64,38 
14-Jan; 39,02 ; 56,67 ; 34,01 ; 67,98 ; 65,62 ; 54,19 ; 65,43 ; 57,34 ; 101,08 ; 54,46 ; 59,95 ; 65,66 ; 119,98 ; 69,15 ; 56,53 ; 76,94 ; 90,04 ; 51,33 ; 59,54 ; 73,24 ; 32,13 ; 52,30 ; 47,36 ; 91,92 ; 64,15 ; 33,62 ; 45,57 ; 36,05 ; 59,27 ; 57,34 ; 49,13 ; 43,74 ; 23,56 ; 63,51
15-Jan; 39,25 ; 57,02 ; 33,91 ; 68,85 ; 66,60 ; 53,90 ; 65,63 ; 57,82 ; 101,86 ; 55,33 ; 59,74 ; 64,47 ; 119,42 ; 68,38 ; 56,81 ; 76,76 ; 85,05 ; 51,61 ; 59,92 ; 81,24 ; 31,02 ; 51,94 ; 51,37 ; 92,32 ; 64,82 ; 33,98 ; 45,85 ; 36,90 ; 62,34 ; 59,11 ; 47,79 ; 43,94 ; 22,78 ; 64,07
16-Jan; 39,53 ; 57,06 ; 33,66 ; 68,35 ; 66,77 ; 54,52 ; 65,46 ; 57,69 ; 102,04 ; 55,42 ; 59,71 ; 65,40 ; 118,84 ; 68,07 ; 56,47 ; 76,54 ; 83,99 ; 51,31 ; 59,24 ; 80,37 ; 31,09 ; 51,26 ; 51,10 ; 91,01 ; 65,21 ; 34,70 ; 46,18 ; 36,25 ; 61,80 ; 57,76 ; 47,82 ; 43,75 ; 22,09 ; 63,80
17-Jan; 39,32 ; 56,59 ; 34,04 ; 68,06 ; 66,15 ; 54,19 ; 65,28 ; 57,11 ; 101,89 ; 55,65 ; 59,29 ; 64,75 ; 117,82 ; 68,12 ; 56,11 ; 76,29 ; 85,45 ; 51,62 ; 59,43 ; 80,90 ; 30,80 ; 52,16 ; 50,21 ; 90,21 ; 66,10 ; 34,40 ; 45,90 ; 35,92 ; 61,44 ; 57,72 ; 47,14 ; 43,81 ; 22,48 ; 63,89
18-Jan; 39,40 ; 56,32 ; 34,26 ; 67,99 ; 66,28 ; 54,56 ; 65,31 ; 57,48 ; 100,90 ; 55,63 ; 59,01 ; 63,13 ; 118,08 ; 67,95 ; 56,15 ; 75,84 ; 84,92 ; 51,64 ; 59,35 ; 80,48 ; 30,86 ; 52,13 ; 49,83 ; 90,27 ; 65,64 ; 34,60 ; 45,99 ; 35,80 ; 61,09 ; 57,61 ; 47,33 ; 43,65 ; 22,61 ; 63,56
19-Jan; 39,49 ; 55,95 ; 34,67 ; 67,86 ; 65,86 ; 55,94 ; 65,58 ; 57,16 ; 101,15 ; 55,33 ; 59,36 ; 62,97 ; 116,61 ; 67,29 ; 58,87 ; 75,58 ; 87,39 ; 56,21 ; 58,94 ; 81,77 ; 30,27 ; 52,53 ; 47,82 ; 89,87 ; 64,58 ; 34,14 ; 46,08 ; 34,33 ; 60,91 ; 58,61 ; 47,27 ; 44,86 ; 22,60 ; 64,48 
20-Jan; 39,58 ; 56,58 ; 33,10 ; 66,02 ; 66,66 ; 55,70 ; 64,97 ; 56,92 ; 101,57 ; 55,45 ; 59,49 ; 63,80 ; 116,03 ; 67,01 ; 54,18 ; 75,24 ; 87,59 ; 55,76 ; 57,98 ; 78,25 ; 30,96 ; 50,97 ; 46,61 ; 89,88 ; 65,46 ; 34,06 ; 45,21 ; 34,29 ; 60,17 ; 57,64 ; 46,26 ; 46,17 ; 21,71 ; 64,35
21-Jan; 39,40 ; 56,44 ; 33,65 ; 65,79 ; 66,63 ; 52,22 ; 64,71 ; 56,03 ; 100,12 ; 55,09 ; 58,91 ; 64,30 ; 115,13 ; 66,54 ; 55,18 ; 74,87 ; 86,81 ; 54,73 ; 58,35 ; 75,95 ; 30,14 ; 51,09 ; 46,20 ; 90,86 ; 64,93 ; 33,69 ; 45,07 ; 33,67 ; 60,01 ; 54,37 ; 45,76 ; 46,99 ; 21,28 ; 64,39
22-Jan; 39,22 ; 57,30 ; 34,67 ; 70,95 ; 66,11 ; 52,48 ; 64,28 ; 54,68 ; 101,52 ; 56,42 ; 59,32 ; 63,75 ; 114,67 ; 66,45 ; 55,66 ; 75,51 ; 87,07 ; 54,33 ; 59,11 ; 74,63 ; 29,08 ; 50,53 ; 45,34 ; 91,11 ; 64,99 ; 33,71 ; 45,24 ; 33,73 ; 58,71 ; 54,20 ; 45,20 ; 47,28 ; 21,94 ; 64,85 
23-Jan; 39,94 ; 59,38 ; 34,89 ; 72,82 ; 70,42 ; 53,63 ; 64,83 ; 54,44 ; 100,82 ; 58,74 ; 60,05 ; 64,19 ; 116,31 ; 66,90 ; 55,88 ; 76,91 ; 89,38 ; 56,38 ; 59,32 ; 73,45 ; 31,58 ; 51,31 ; 52,13 ; 92,46 ; 64,89 ; 44,35 ; 46,17 ; 35,03 ; 63,84 ; 54,65 ; 47,30 ; 47,23 ; 22,13 ; 67,11 
24-Jan; 40,01 ; 58,11 ; 34,37 ; 71,64 ; 70,20 ; 53,75 ; 63,48 ; 54,23 ; 100,97 ; 58,97 ; 59,73 ; 64,09 ; 115,44 ; 66,95 ; 55,73 ; 76,55 ; 88,71 ; 54,76 ; 59,53 ; 73,24 ; 30,13 ; 51,76 ; 51,25 ; 91,71 ; 65,08 ; 43,89 ; 46,14 ; 34,24 ; 63,24 ; 54,83 ; 46,77 ; 46,98 ; 22,10 ; 66,24 
25-Jan; 39,77 ; 57,89 ; 34,20 ; 70,99 ; 70,35 ; 53,32 ; 63,16 ; 53,70 ; 100,43 ; 58,95 ; 59,33 ; 63,99 ; 114,63 ; 66,62 ; 55,76 ; 76,30 ; 88,89 ; 54,00 ; 58,93 ; 72,67 ; 29,60 ; 52,82 ; 51,03 ; 90,50 ; 64,78 ; 43,91 ; 46,38 ; 33,57 ; 63,41 ; 54,43 ; 46,66 ; 47,06 ; 22,56 ; 65,84 
26-Jan; 39,15 ; 57,69 ; 34,82 ; 70,99 ; 70,17 ; 52,38 ; 62,90 ; 53,34 ; 98,93 ; 60,46 ; 60,31 ; 64,33 ; 114,06 ; 66,47 ; 55,39 ; 76,36 ; 88,93 ; 54,78 ; 58,38 ; 69,64 ; 28,73 ; 50,88 ; 50,58 ; 90,31 ; 65,97 ; 33,86 ; 45,88 ; 34,47 ; 78,53 ; 53,94 ; 46,63 ; 47,70 ; 22,54 ; 66,48 
27-Jan; 38,99 ; 57,51 ; 34,24 ; 71,78 ; 71,21 ; 53,51 ; 63,00 ; 54,01 ; 98,36 ; 61,26 ; 59,92 ; 64,86 ; 113,60 ; 67,09 ; 55,79 ; 86,02 ; 88,80 ; 54,69 ; 58,83 ; 78,43 ; 29,40 ; 50,92 ; 49,20 ; 90,32 ; 67,51 ; 32,78 ; 45,49 ; 34,01 ; 75,73 ; 53,37 ; 45,53 ; 48,82 ; 21,45 ; 64,51 
28-Jan; 38,98 ; 56,87 ; 39,64 ; 72,03 ; 70,35 ; 52,05 ; 62,93 ; 53,15 ; 97,83 ; 61,23 ; 59,80 ; 64,07 ; 113,90 ; 66,23 ; 55,53 ; 85,57 ; 87,91 ; 54,61 ; 58,25 ; 77,77 ; 30,47 ; 52,73 ; 48,61 ; 89,25 ; 65,55 ; 33,17 ; 45,99 ; 34,04 ; 79,46 ; 53,84 ; 46,47 ; 49,64 ; 22,27 ; 62,29 
29-Jan; 39,39 ; 56,30 ; 39,55 ; 72,35 ; 70,48 ; 51,77 ; 63,27 ; 55,28 ; 97,42 ; 61,66 ; 59,20 ; 62,76 ; 114,09 ; 66,44 ; 55,14 ; 85,27 ; 86,63 ; 55,31 ; 59,00 ; 75,81 ; 28,94 ; 51,34 ; 47,50 ; 89,46 ; 62,71 ; 33,85 ; 46,10 ; 33,58 ; 80,28 ; 54,22 ; 46,91 ; 50,95 ; 22,17 ; 61,78 
30-Jan; 41,20 ; 56,49 ; 39,69 ; 77,52 ; 70,98 ; 53,00 ; 65,29 ; 69,15 ; 96,44 ; 61,04 ; 70,51 ; 62,66 ; 113,91 ; 66,86 ; 57,92 ; 88,38 ; 93,31 ; 55,13 ; 61,09 ; 76,33 ; 31,45 ; 52,13 ; 54,09 ; 87,47 ; 64,63 ; 40,15 ; 49,83 ; 35,21 ; 88,06 ; 55,46 ; 47,47 ; 53,78 ; 24,32 ; 63,05 
31-Jan; 41,40 ; 57,24 ; 40,62 ; 78,55 ; 71,30 ; 53,34 ; 66,96 ; 72,06 ; 98,09 ; 61,83 ; 69,64 ; 63,61 ; 115,33 ; 67,20 ; 60,45 ; 88,26 ; 94,34 ; 57,39 ; 60,78 ; 76,11 ; 31,21 ; 52,38 ; 54,51 ; 88,85 ; 65,78 ; 45,63 ; 50,56 ; 35,89 ; 89,06 ; 59,79 ; 49,30 ; 54,30 ; 24,99 ; 63,25 
01-Feb; 40,63 ; 57,22 ; 33,31 ; 74,18 ; 70,24 ; 52,81 ; 64,43 ; 55,49 ; 99,18 ; 60,55 ; 58,92 ; 70,24 ; 120,85 ; 68,60 ; 58,60 ; 0,00 ; 85,32 ; 54,59 ; 60,35 ; 76,03 ; 30,58 ; 51,13 ; 52,69 ; 65,89 ; 65,89 ; 42,85 ; 49,78 ; 35,54 ; 88,15 ; 55,91 ; 46,37 ; 54,86 ; 23,81 ; 63,27 
02-Feb; 40,63 ; 57,22 ; 33,31 ; 74,18 ; 70,24 ; 52,81 ; 64,43 ; 55,49 ; 99,18 ; 60,55 ; 58,92 ; 70,24 ; 120,85 ; 68,60 ; 58,60 ; 0,00 ; 85,32 ; 54,59 ; 60,35 ; 76,03 ; 30,58 ; 51,13 ; 52,69 ; 65,89 ; 65,89 ; 42,85 ; 49,78 ; 35,54 ; 88,15 ; 55,91 ; 46,37 ; 54,86 ; 23,81 ; 63,27 
03-Feb; 40,35 ; 57,02 ; 33,54 ; 73,56 ; 69,55 ; 53,12 ; 63,23 ; 54,75 ; 98,63 ; 57,48 ; 58,07 ; 69,55 ; 119,83 ; 66,66 ; 58,24 ; 0,00 ; 85,75 ; 52,87 ; 60,32 ; 74,25 ; 31,16 ; 51,10 ; 51,52 ; 66,08 ; 66,08 ; 36,22 ; 49,32 ; 35,19 ; 70,32 ; 54,42 ; 45,98 ; 45,31 ; 23,23 ; 63,06 
04-Feb; 40,53 ; 55,52 ; 33,02 ; 73,39 ; 68,76 ; 52,81 ; 63,51 ; 53,84 ; 98,88 ; 57,45 ; 58,42 ; 64,05 ; 119,81 ; 66,40 ; 57,28 ; 73,42 ; 85,67 ; 52,91 ; 61,85 ; 75,29 ; 31,25 ; 50,82 ; 51,28 ; 89,46 ; 65,95 ; 36,84 ; 49,84 ; 34,50 ; 60,09 ; 53,59 ; 47,02 ; 44,93 ; 23,62 ; 63,41 
05-Feb; 41,11 ; 55,72 ; 32,96 ; 73,49 ; 68,95 ; 52,79 ; 63,99 ; 52,60 ; 98,88 ; 57,86 ; 57,79 ; 63,48 ; 119,90 ; 66,62 ; 56,29 ; 73,71 ; 87,14 ; 52,93 ; 62,24 ; 74,38 ; 31,01 ; 52,05 ; 49,42 ; 89,64 ; 65,68 ; 36,45 ; 49,02 ; 34,76 ; 61,74 ; 54,41 ; 47,28 ; 45,69 ; 22,99 ; 63,26 
06-Feb; 40,33 ; 55,45 ; 33,03 ; 73,46 ; 69,91 ; 53,41 ; 63,33 ; 55,86 ; 98,85 ; 57,99 ; 56,93 ; 63,46 ; 122,86 ; 67,88 ; 56,71 ; 74,58 ; 87,15 ; 52,60 ; 62,74 ; 78,08 ; 32,57 ; 53,30 ; 51,15 ; 89,26 ; 64,50 ; 36,95 ; 48,98 ; 34,98 ; 68,46 ; 52,84 ; 47,73 ; 45,86 ; 24,04 ; 63,96 
07-Feb; 40,41 ; 55,59 ; 33,85 ; 73,24 ; 69,63 ; 53,28 ; 62,49 ; 55,42 ; 98,79 ; 58,12 ; 56,57 ; 63,27 ; 122,25 ; 67,54 ; 56,86 ; 75,26 ; 87,28 ; 53,85 ; 62,65 ; 76,97 ; 31,60 ; 53,67 ; 50,77 ; 88,70 ; 64,62 ; 36,35 ; 48,71 ; 34,36 ; 68,14 ; 52,25 ; 47,65 ; 46,10 ; 24,72 ; 63,57 
08-Feb; 40,54 ; 54,78 ; 34,01 ; 73,21 ; 70,13 ; 53,12 ; 62,20 ; 55,19 ; 98,77 ; 57,59 ; 55,96 ; 63,04 ; 121,58 ; 66,96 ; 56,65 ; 75,03 ; 87,59 ; 53,85 ; 62,94 ; 76,86 ; 31,29 ; 54,30 ; 50,40 ; 87,85 ; 64,06 ; 35,91 ; 48,87 ; 34,01 ; 68,34 ; 52,13 ; 48,43 ; 46,41 ; 25,10 ; 63,07 
09-Feb; 41,08 ; 55,98 ; 35,42 ; 73,59 ; 70,28 ; 54,63 ; 61,55 ; 53,41 ; 97,07 ; 56,44 ; 54,75 ; 62,48 ; 120,03 ; 66,53 ; 56,86 ; 74,14 ; 82,84 ; 52,06 ; 64,86 ; 74,44 ; 30,94 ; 55,66 ; 50,25 ; 89,11 ; 64,81 ; 36,26 ; 49,72 ; 34,54 ; 68,43 ; 51,91 ; 46,22 ; 46,12 ; 24,75 ; 64,14 
10-Feb; 41,31 ; 56,41 ; 35,03 ; 74,15 ; 68,58 ; 54,53 ; 62,45 ; 55,05 ; 97,39 ; 55,92 ; 54,59 ; 63,89 ; 120,69 ; 67,80 ; 56,57 ; 73,95 ; 82,70 ; 54,06 ; 64,54 ; 71,84 ; 30,98 ; 55,17 ; 49,03 ; 89,01 ; 65,41 ; 36,66 ; 48,52 ; 34,62 ; 61,99 ; 52,40 ; 46,30 ; 47,11 ; 24,15 ; 63,84 
11-Feb; 40,43 ; 55,72 ; 35,29 ; 77,12 ; 68,74 ; 54,72 ; 61,72 ; 54,84 ; 97,97 ; 56,05 ; 54,67 ; 61,12 ; 120,24 ; 66,94 ; 57,06 ; 74,44 ; 82,33 ; 54,08 ; 65,42 ; 71,57 ; 31,61 ; 54,38 ; 48,66 ; 87,93 ; 66,36 ; 37,21 ; 49,34 ; 34,89 ; 61,17 ; 52,01 ; 45,91 ; 45,31 ; 23,59 ; 62,22 
12-Feb; 39,60 ; 56,22 ; 36,63 ; 73,42 ; 67,67 ; 65,69 ; 62,17 ; 54,66 ; 97,61 ; 55,63 ; 55,03 ; 61,70 ; 119,49 ; 67,04 ; 56,16 ; 74,55 ; 82,60 ; 53,91 ; 66,46 ; 70,14 ; 32,02 ; 54,71 ; 52,18 ; 88,54 ; 64,92 ; 37,10 ; 48,37 ; 35,37 ; 62,30 ; 50,94 ; 46,84 ; 46,07 ; 24,24 ; 62,36 
13-Feb; 38,98 ; 56,52 ; 36,11 ; 78,98 ; 67,71 ; 53,11 ; 63,94 ; 56,11 ; 96,93 ; 55,44 ; 56,19 ; 61,77 ; 121,45 ; 66,62 ; 56,50 ; 75,43 ; 83,43 ; 54,31 ; 67,89 ; 71,18 ; 34,20 ; 54,73 ; 50,30 ; 93,14 ; 65,35 ; 36,62 ; 48,34 ; 36,72 ; 70,42 ; 51,02 ; 47,20 ; 47,28 ; 23,87 ; 63,30 
14-Feb; 38,87 ; 56,40 ; 35,87 ; 74,71 ; 67,18 ; 52,68 ; 63,71 ; 55,43 ; 97,36 ; 55,57 ; 55,68 ; 62,06 ; 120,53 ; 67,57 ; 56,29 ; 76,02 ; 82,69 ; 54,39 ; 67,81 ; 70,49 ; 32,87 ; 55,22 ; 49,49 ; 92,24 ; 64,99 ; 36,18 ; 48,50 ; 36,42 ; 70,47 ; 50,30 ; 47,43 ; 46,81 ; 23,60 ; 62,95 
15-Feb; 38,38 ; 55,54 ; 34,94 ; 73,34 ; 67,09 ; 52,95 ; 63,88 ; 55,10 ; 97,75 ; 55,89 ; 55,41 ; 61,32 ; 120,06 ; 66,82 ; 56,33 ; 75,91 ; 82,27 ; 54,08 ; 67,35 ; 70,53 ; 32,83 ; 55,33 ; 49,30 ; 91,44 ; 64,77 ; 36,23 ; 47,82 ; 35,83 ; 70,44 ; 50,11 ; 47,06 ; 46,29 ; 24,52 ; 63,04 
16-Feb; 38,37 ; 55,06 ; 33,64 ; 73,95 ; 67,04 ; 53,14 ; 63,85 ; 54,53 ; 98,02 ; 55,02 ; 54,91 ; 60,62 ; 119,34 ; 66,56 ; 56,08 ; 75,26 ; 82,50 ; 53,48 ; 65,92 ; 69,39 ; 30,88 ; 55,54 ; 48,88 ; 91,09 ; 65,45 ; 36,53 ; 47,67 ; 35,67 ; 70,15 ; 49,44 ; 47,53 ; 46,58 ; 24,23 ; 63,30 
17-Feb; 38,77 ; 55,15 ; 33,47 ; 73,53 ; 66,88 ; 52,88 ; 63,38 ; 53,73 ; 97,44 ; 55,12 ; 54,31 ; 61,08 ; 118,80 ; 66,17 ; 56,33 ; 75,57 ; 81,37 ; 53,71 ; 65,05 ; 68,35 ; 31,72 ; 55,47 ; 48,77 ; 90,72 ; 65,86 ; 36,10 ; 47,69 ; 35,22 ; 69,14 ; 49,38 ; 47,27 ; 46,84 ; 24,16 ; 63,43 
19-Feb; 38,99 ; 55,70 ; 33,24 ; 74,60 ; 66,03 ; 52,88 ; 63,43 ; 55,30 ; 98,88 ; 54,34 ; 55,78 ; 62,21 ; 118,15 ; 65,55 ; 57,92 ; 75,25 ; 83,60 ; 55,32 ; 64,03 ; 72,57 ; 31,45 ; 54,51 ; 52,79 ; 90,29 ; 67,37 ; 37,17 ; 48,38 ; 36,19 ; 60,73 ; 49,58 ; 48,19 ; 45,96 ; 23,28 ; 61,29 
20-Feb; 38,81 ; 55,95 ; 33,28 ; 75,83 ; 66,35 ; 53,20 ; 63,89 ; 56,63 ; 100,19 ; 54,34 ; 56,22 ; 62,62 ; 118,31 ; 66,39 ; 58,37 ; 76,53 ; 86,07 ; 55,92 ; 62,08 ; 71,78 ; 31,77 ; 54,43 ; 50,65 ; 92,73 ; 67,89 ; 37,00 ; 47,79 ; 36,95 ; 68,75 ; 49,25 ; 47,95 ; 47,14 ; 23,93 ; 60,71 
21-Feb; 38,48 ; 55,56 ; 32,36 ; 72,33 ; 65,47 ; 53,49 ; 63,38 ; 56,49 ; 99,32 ; 54,93 ; 55,75 ; 62,63 ; 117,16 ; 66,82 ; 58,15 ; 76,47 ; 85,73 ; 54,72 ; 60,99 ; 70,86 ; 30,62 ; 54,24 ; 50,42 ; 90,83 ; 67,56 ; 36,41 ; 47,63 ; 37,32 ; 69,27 ; 49,08 ; 46,95 ; 46,97 ; 23,51 ; 60,35 
22-Feb; 38,64 ; 55,16 ; 32,56 ; 72,31 ; 65,85 ; 53,84 ; 63,40 ; 56,09 ; 99,76 ; 55,11 ; 55,68 ; 61,35 ; 115,90 ; 66,29 ; 57,64 ; 76,38 ; 85,81 ; 54,40 ; 60,62 ; 70,16 ; 29,98 ; 56,12 ; 50,05 ; 90,20 ; 68,76 ; 36,08 ; 47,79 ; 36,75 ; 68,73 ; 48,72 ; 47,12 ; 46,91 ; 23,25 ; 60,12 
23-Feb; 38,65 ; 54,45 ; 32,77 ; 69,81 ; 65,99 ; 53,95 ; 63,46 ; 54,41 ; 99,13 ; 55,18 ; 55,12 ; 61,86 ; 115,73 ; 65,81 ; 56,33 ; 75,67 ; 83,78 ; 54,09 ; 60,52 ; 70,29 ; 28,89 ; 55,41 ; 48,06 ; 89,91 ; 69,67 ; 34,84 ; 48,01 ; 38,30 ; 67,69 ; 48,98 ; 48,02 ; 46,80 ; 23,31 ; 61,78 
24-Feb; 39,09 ; 55,59 ; 32,85 ; 74,61 ; 64,98 ; 50,20 ; 62,63 ; 54,85 ; 99,65 ; 55,44 ; 54,49 ; 62,04 ; 115,95 ; 66,16 ; 55,43 ; 75,77 ; 84,33 ; 52,59 ; 63,80 ; 72,37 ; 29,05 ; 53,53 ; 47,31 ; 91,14 ; 68,60 ; 35,22 ; 48,14 ; 37,95 ; 74,48 ; 50,05 ; 47,48 ; 51,70 ; 22,38 ; 60,62 
25-Feb; 39,01 ; 55,26 ; 33,02 ; 76,13 ; 64,90 ; 51,15 ; 63,25 ; 53,79 ; 100,00 ; 55,90 ; 55,60 ; 61,58 ; 114,21 ; 66,03 ; 55,26 ; 77,09 ; 84,53 ; 53,22 ; 61,01 ; 71,94 ; 28,69 ; 52,88 ; 46,97 ; 92,06 ; 70,43 ; 35,03 ; 48,17 ; 37,73 ; 77,04 ; 50,87 ; 46,82 ; 52,52 ; 23,09 ; 59,98 
26-Feb; 38,18 ; 55,48 ; 32,88 ; 80,12 ; 65,39 ; 50,96 ; 63,64 ; 57,62 ; 100,67 ; 55,94 ; 56,85 ; 61,84 ; 114,08 ; 65,90 ; 56,40 ; 76,87 ; 82,73 ; 53,25 ; 61,62 ; 71,09 ; 31,39 ; 53,69 ; 49,67 ; 89,37 ; 71,61 ; 35,77 ; 50,10 ; 38,23 ; 84,00 ; 52,12 ; 46,55 ; 53,14 ; 23,45 ; 61,59 
27-Feb; 40,48 ; 65,56 ; 39,46 ; 83,45 ; 65,98 ; 53,41 ; 64,42 ; 67,95 ; 100,08 ; 56,33 ; 76,94 ; 61,73 ; 115,97 ; 66,62 ; 60,15 ; 80,68 ; 91,44 ; 52,97 ; 63,35 ; 70,81 ; 31,58 ; 52,98 ; 49,74 ; 91,06 ; 70,10 ; 43,20 ; 54,04 ; 38,64 ; 92,81 ; 53,05 ; 48,68 ; 54,79 ; 25,54 ; 63,03 
28-Feb; 38,20 ; 63,16 ; 38,43 ; 79,05 ; 65,29 ; 52,34 ; 62,84 ; 67,58 ; 96,87 ; 55,58 ; 72,83 ; 60,77 ; 112,31 ; 65,51 ; 58,35 ; 78,04 ; 89,03 ; 53,63 ; 62,54 ; 69,07 ; 30,69 ; 51,20 ; 47,55 ; 87,49 ; 68,63 ; 43,63 ; 52,51 ; 37,04 ; 83,23 ; 52,03 ; 48,48 ; 52,72 ; 24,74 ; 61,64 
01-Mar; 39,21 ; 65,87 ; 40,32 ; 74,65 ; 67,57 ; 52,77 ; 64,81 ; 63,64 ; 101,26 ; 60,17 ; 63,26 ; 64,69 ; 120,87 ; 66,95 ; 59,90 ; 77,88 ; 88,96 ; 52,78 ; 62,75 ; 69,96 ; 30,49 ; 52,48 ; 48,72 ; 90,52 ; 71,87 ; 35,91 ; 51,71 ; 38,16 ; 86,62 ; 53,48 ; 48,42 ; 55,86 ; 23,69 ; 65,40 
02-Mar; 39,21 ; 65,87 ; 40,32 ; 74,65 ; 67,57 ; 52,77 ; 64,81 ; 63,64 ; 101,26 ; 60,17 ; 63,26 ; 64,69 ; 120,87 ; 66,95 ; 59,90 ; 77,88 ; 88,96 ; 52,78 ; 62,75 ; 69,96 ; 30,49 ; 52,48 ; 48,72 ; 90,52 ; 71,87 ; 35,91 ; 51,71 ; 38,16 ; 86,62 ; 53,48 ; 48,42 ; 55,86 ; 23,69 ; 65,40 
03-Mar; 38,64 ; 56,19 ; 32,60 ; 75,24 ; 67,05 ; 52,45 ; 64,82 ; 64,37 ; 101,82 ; 60,22 ; 62,44 ; 65,65 ; 119,53 ; 66,88 ; 60,18 ; 77,86 ; 89,40 ; 52,42 ; 63,74 ; 68,36 ; 31,07 ; 51,40 ; 47,18 ; 90,11 ; 74,10 ; 35,38 ; 51,74 ; 38,76 ; 89,02 ; 51,94 ; 48,38 ; 52,38 ; 22,89 ; 65,95 
04-Mar; 37,86 ; 57,01 ; 32,37 ; 75,76 ; 65,94 ; 53,30 ; 66,42 ; 58,03 ; 101,07 ; 59,68 ; 61,66 ; 65,05 ; 119,33 ; 66,40 ; 59,79 ; 78,02 ; 89,18 ; 52,04 ; 63,96 ; 67,82 ; 30,71 ; 51,33 ; 46,57 ; 90,10 ; 73,28 ; 36,06 ; 52,04 ; 38,53 ; 75,74 ; 51,91 ; 47,23 ; 52,67 ; 22,74 ; 65,31 
05-Mar; 37,72 ; 56,18 ; 32,79 ; 75,39 ; 66,65 ; 50,00 ; 66,46 ; 57,84 ; 100,71 ; 60,99 ; 62,27 ; 66,71 ; 122,86 ; 64,63 ; 59,85 ; 78,26 ; 90,77 ; 51,45 ; 64,07 ; 69,95 ; 33,85 ; 51,27 ; 48,61 ; 91,97 ; 72,69 ; 34,96 ; 52,57 ; 38,98 ; 76,36 ; 53,34 ; 47,92 ; 52,68 ; 23,75 ; 64,19 
06-Mar; 42,60 ; 55,08 ; 33,17 ; 76,60 ; 67,12 ; 50,21 ; 67,06 ; 58,25 ; 100,69 ; 59,49 ; 63,53 ; 66,69 ; 123,54 ; 65,06 ; 60,61 ; 78,41 ; 82,78 ; 52,97 ; 64,48 ; 69,57 ; 33,42 ; 52,54 ; 48,16 ; 94,42 ; 70,80 ; 35,95 ; 49,67 ; 39,08 ; 75,32 ; 53,64 ; 48,66 ; 54,53 ; 24,29 ; 64,97 
07-Mar; 42,23 ; 54,88 ; 32,30 ; 72,72 ; 67,07 ; 50,60 ; 67,38 ; 57,53 ; 100,88 ; 59,53 ; 62,68 ; 67,40 ; 122,38 ; 66,05 ; 60,78 ; 77,87 ; 81,87 ; 53,03 ; 63,03 ; 70,56 ; 33,37 ; 52,54 ; 47,26 ; 92,77 ; 71,61 ; 36,62 ; 49,39 ; 38,20 ; 74,88 ; 53,13 ; 47,62 ; 54,49 ; 24,40 ; 64,24 
08-Mar; 42,32 ; 54,45 ; 32,29 ; 72,74 ; 67,43 ; 50,79 ; 66,71 ; 56,97 ; 101,25 ; 59,32 ; 62,17 ; 66,55 ; 121,26 ; 65,66 ; 60,99 ; 77,82 ; 81,98 ; 52,56 ; 62,89 ; 69,81 ; 32,41 ; 52,82 ; 46,87 ; 91,87 ; 72,08 ; 35,83 ; 49,29 ; 37,90 ; 75,01 ; 52,86 ; 47,30 ; 53,84 ; 24,35 ; 63,70 
09-Mar; 40,98 ; 55,94 ; 32,85 ; 72,05 ; 66,05 ; 52,18 ; 65,63 ; 57,95 ; 100,62 ; 59,28 ; 61,33 ; 67,58 ; 127,12 ; 65,84 ; 60,28 ; 77,03 ; 81,63 ; 53,60 ; 64,10 ; 69,63 ; 32,18 ; 51,97 ; 46,11 ; 94,90 ; 70,78 ; 34,15 ; 49,51 ; 37,97 ; 75,00 ; 52,99 ; 47,25 ; 53,91 ; 24,44 ; 65,66 
10-Mar; 41,79 ; 56,78 ; 33,68 ; 72,40 ; 66,28 ; 52,72 ; 66,03 ; 58,94 ; 102,51 ; 59,88 ; 61,46 ; 67,80 ; 125,82 ; 66,52 ; 60,16 ; 77,48 ; 83,09 ; 54,42 ; 64,88 ; 69,77 ; 34,72 ; 52,02 ; 47,74 ; 95,75 ; 70,92 ; 34,13 ; 48,78 ; 38,85 ; 69,88 ; 52,76 ; 48,20 ; 52,79 ; 23,07 ; 64,89 
11-Mar; 42,02 ; 56,55 ; 33,52 ; 72,36 ; 68,94 ; 52,92 ; 66,29 ; 58,19 ; 104,53 ; 58,85 ; 60,87 ; 66,77 ; 126,28 ; 67,30 ; 60,76 ; 77,20 ; 82,19 ; 56,32 ; 68,29 ; 69,80 ; 32,09 ; 52,15 ; 48,02 ; 95,21 ; 69,59 ; 33,60 ; 48,80 ; 38,30 ; 67,63 ; 52,72 ; 49,43 ; 54,51 ; 23,86 ; 66,01 
12-Mar; 42,70 ; 56,56 ; 34,18 ; 72,25 ; 68,68 ; 54,04 ; 66,10 ; 57,29 ; 105,80 ; 58,30 ; 60,85 ; 67,03 ; 124,56 ; 65,32 ; 60,97 ; 77,67 ; 83,22 ; 57,15 ; 64,90 ; 71,51 ; 30,72 ; 52,23 ; 46,50 ; 96,81 ; 71,11 ; 35,28 ; 49,57 ; 38,37 ; 68,14 ; 52,40 ; 49,04 ; 55,23 ; 23,53 ; 65,00 
13-Mar; 42,97 ; 58,06 ; 34,54 ; 80,29 ; 69,27 ; 54,41 ; 67,73 ; 58,89 ; 108,01 ; 59,54 ; 61,05 ; 66,12 ; 125,10 ; 65,61 ; 60,70 ; 78,86 ; 83,22 ; 56,21 ; 67,86 ; 71,63 ; 31,57 ; 53,45 ; 49,41 ; 98,45 ; 72,10 ; 35,92 ; 49,85 ; 38,92 ; 68,25 ; 53,63 ; 48,97 ; 56,25 ; 24,24 ; 66,90 
14-Mar; 43,42 ; 58,83 ; 60,28 ; 77,49 ; 69,98 ; 54,85 ; 67,71 ; 59,07 ; 108,52 ; 59,99 ; 60,62 ; 66,40 ; 125,16 ; 65,87 ; 60,24 ; 77,82 ; 82,92 ; 56,39 ; 66,75 ; 70,91 ; 31,65 ; 54,80 ; 47,91 ; 97,11 ; 72,56 ; 35,91 ; 49,47 ; 38,48 ; 67,40 ; 53,64 ; 49,83 ; 56,83 ; 23,99 ; 66,15 
15-Mar; 43,83 ; 58,85 ; 60,20 ; 77,48 ; 69,47 ; 54,98 ; 67,90 ; 57,78 ; 108,36 ; 60,15 ; 59,97 ; 65,89 ; 124,55 ; 65,32 ; 59,98 ; 77,22 ; 82,75 ; 56,19 ; 69,25 ; 69,78 ; 31,40 ; 55,35 ; 47,76 ; 96,80 ; 73,15 ; 35,71 ; 49,47 ; 38,87 ; 67,37 ; 53,35 ; 49,80 ; 56,84 ; 23,97 ; 65,08 
16-Mar; 42,94 ; 59,13 ; 59,54 ; 79,83 ; 70,04 ; 56,61 ; 68,41 ; 59,24 ; 105,47 ; 61,70 ; 60,64 ; 64,93 ; 123,74 ; 64,78 ; 62,92 ; 78,25 ; 82,27 ; 56,54 ; 70,19 ; 72,18 ; 32,62 ; 54,75 ; 48,32 ; 96,93 ; 72,74 ; 36,44 ; 50,59 ; 39,64 ; 70,34 ; 54,73 ; 51,17 ; 55,10 ; 24,44 ; 65,31 
17-Mar; 41,06 ; 68,91 ; 34,62 ; 72,39 ; 71,05 ; 57,04 ; 69,15 ; 60,59 ; 107,72 ; 61,38 ; 62,26 ; 65,67 ; 125,05 ; 67,91 ; 63,31 ; 78,70 ; 83,12 ; 56,78 ; 66,78 ; 75,40 ; 37,73 ; 54,75 ; 49,05 ; 96,62 ; 74,08 ; 37,02 ; 51,45 ; 39,20 ; 82,65 ; 56,92 ; 50,42 ; 55,89 ; 23,72 ; 66,27 
18-Mar; 40,40 ; 68,50 ; 34,40 ; 71,89 ; 70,43 ; 58,26 ; 68,78 ; 62,51 ; 107,16 ; 62,00 ; 61,55 ; 65,66 ; 124,26 ; 68,22 ; 62,67 ; 78,43 ; 83,22 ; 56,02 ; 66,30 ; 74,30 ; 37,93 ; 54,45 ; 49,15 ; 96,82 ; 74,29 ; 36,65 ; 50,82 ; 39,16 ; 81,75 ; 56,88 ; 51,17 ; 56,21 ; 23,95 ; 66,88 
19-Mar; 40,19 ; 68,05 ; 33,68 ; 71,59 ; 70,29 ; 58,69 ; 69,41 ; 61,20 ; 107,28 ; 61,80 ; 60,95 ; 66,72 ; 123,22 ; 67,58 ; 61,88 ; 77,87 ; 82,94 ; 55,97 ; 66,24 ; 74,11 ; 36,63 ; 56,06 ; 47,66 ; 96,19 ; 75,64 ; 35,98 ; 50,50 ; 39,63 ; 81,17 ; 56,38 ; 51,78 ; 56,59 ; 24,33 ; 66,59 
20-Mar; 40,28 ; 67,77 ; 33,99 ; 71,35 ; 70,13 ; 59,09 ; 69,60 ; 61,89 ; 107,68 ; 61,87 ; 60,52 ; 65,84 ; 122,65 ; 68,12 ; 61,83 ; 77,53 ; 83,08 ; 56,12 ; 65,45 ; 74,44 ; 34,75 ; 56,56 ; 47,60 ; 95,38 ; 75,39 ; 36,40 ; 50,17 ; 38,99 ; 80,84 ; 56,31 ; 51,94 ; 56,52 ; 24,65 ; 66,92 
21-Mar; 40,00 ; 67,62 ; 33,93 ; 71,27 ; 69,89 ; 59,08 ; 69,59 ; 61,90 ; 107,55 ; 62,02 ; 60,53 ; 66,18 ; 122,32 ; 68,02 ; 61,67 ; 77,36 ; 82,72 ; 56,13 ; 64,71 ; 73,72 ; 34,93 ; 56,79 ; 47,41 ; 95,48 ; 75,63 ; 36,42 ; 50,23 ; 38,85 ; 80,91 ; 56,26 ; 51,82 ; 56,81 ; 25,13 ; 66,47 
22-Mar; 39,97 ; 67,72 ; 34,58 ; 71,24 ; 70,18 ; 59,04 ; 69,57 ; 61,89 ; 107,46 ; 62,26 ; 60,13 ; 65,66 ; 121,73 ; 68,26 ; 61,51 ; 76,90 ; 83,15 ; 55,83 ; 64,51 ; 73,40 ; 34,81 ; 56,46 ; 46,91 ; 95,21 ; 75,20 ; 36,12 ; 49,84 ; 38,60 ; 80,74 ; 55,96 ; 51,78 ; 56,91 ; 24,98 ; 65,55 
23-Mar; 40,06 ; 67,41 ; 34,86 ; 70,79 ; 69,77 ; 59,23 ; 69,35 ; 62,28 ; 107,48 ; 61,96 ; 59,57 ; 66,28 ; 121,74 ; 67,85 ; 61,16 ; 76,54 ; 83,62 ; 55,08 ; 63,62 ; 73,32 ; 33,63 ; 56,47 ; 46,10 ; 95,30 ; 75,01 ; 36,09 ; 49,98 ; 38,49 ; 80,28 ; 55,95 ; 52,00 ; 56,88 ; 25,12 ; 64,82 
24-Mar; 39,50 ; 67,40 ; 34,76 ; 70,55 ; 69,38 ; 59,30 ; 68,52 ; 62,50 ; 106,12 ; 61,84 ; 59,16 ; 66,60 ; 121,08 ; 67,90 ; 61,18 ; 76,63 ; 84,20 ; 54,77 ; 61,71 ; 73,72 ; 33,44 ; 56,52 ; 45,41 ; 94,67 ; 74,95 ; 35,52 ; 50,30 ; 38,69 ; 80,65 ; 55,92 ; 52,01 ; 56,75 ; 24,38 ; 64,45 
25-Mar; 41,79 ; 68,17 ; 33,80 ; 71,14 ; 70,74 ; 59,91 ; 69,30 ; 63,52 ; 106,38 ; 61,99 ; 59,07 ; 66,53 ; 119,17 ; 69,17 ; 61,81 ; 76,16 ; 84,41 ; 54,82 ; 63,57 ; 74,68 ; 34,01 ; 55,30 ; 46,30 ; 93,31 ; 74,16 ; 34,82 ; 51,57 ; 38,70 ; 79,12 ; 55,93 ; 52,99 ; 58,06 ; 24,94 ; 65,42 
26-Mar; 41,48 ; 68,09 ; 34,99 ; 70,86 ; 70,38 ; 60,64 ; 68,54 ; 63,02 ; 103,26 ; 62,78 ; 60,02 ; 67,77 ; 118,99 ; 67,36 ; 61,87 ; 77,69 ; 83,71 ; 55,19 ; 65,28 ; 76,27 ; 33,69 ; 54,73 ; 50,92 ; 93,78 ; 73,14 ; 34,89 ; 50,94 ; 39,04 ; 79,55 ; 55,94 ; 52,98 ; 58,25 ; 23,01 ; 64,77 
27-Mar; 41,02 ; 67,86 ; 34,17 ; 70,30 ; 71,48 ; 58,91 ; 68,86 ; 63,57 ; 105,56 ; 62,83 ; 60,44 ; 66,76 ; 118,48 ; 67,91 ; 63,01 ; 78,64 ; 83,33 ; 55,27 ; 67,14 ; 75,60 ; 35,08 ; 55,92 ; 48,63 ; 95,16 ; 74,13 ; 34,45 ; 51,57 ; 40,77 ; 82,32 ; 57,23 ; 53,02 ; 60,03 ; 25,46 ; 65,29 
28-Mar; 40,37 ; 67,96 ; 34,03 ; 70,21 ; 72,38 ; 59,91 ; 68,19 ; 62,95 ; 104,78 ; 62,40 ; 59,82 ; 66,30 ; 117,96 ; 68,89 ; 62,94 ; 78,24 ; 83,19 ; 54,62 ; 67,52 ; 75,46 ; 34,83 ; 55,71 ; 47,93 ; 95,84 ; 73,87 ; 34,19 ; 51,84 ; 41,17 ; 82,24 ; 56,72 ; 52,59 ; 60,60 ; 25,19 ; 63,98 
29-Mar; 40,37 ; 67,96 ; 34,03 ; 70,21 ; 72,38 ; 59,91 ; 68,19 ; 62,95 ; 104,78 ; 62,40 ; 59,82 ; 66,30 ; 117,96 ; 68,89 ; 62,94 ; 78,24 ; 83,19 ; 54,62 ; 67,52 ; 75,46 ; 34,83 ; 55,71 ; 47,93 ; 95,84 ; 73,87 ; 34,19 ; 51,84 ; 41,17 ; 82,24 ; 56,72 ; 52,59 ; 60,60 ; 25,19 ; 63,98 
30-Mar; 40,47 ; 67,44 ; 34,04 ; 70,19 ; 72,81 ; 60,57 ; 67,78 ; 65,00 ; 103,62 ; 63,12 ; 58,64 ; 65,54 ; 118,01 ; 67,83 ; 63,42 ; 78,43 ; 83,15 ; 54,03 ; 66,07 ; 76,19 ; 33,86 ; 55,61 ; 45,15 ; 96,33 ; 71,05 ; 34,24 ; 50,88 ; 41,62 ; 101,75 ; 55,38 ; 53,73 ; 59,74 ; 23,90 ; 63,02 
31-Mar; 42,00 ; 69,00 ; 42,00 ; 79,00 ; 74,00 ; 61,00 ; 68,00 ; 71,00 ; 106,00 ; 65,00 ; 69,00 ; 68,00 ; 121,00 ; 69,00 ; 67,00 ; 81,00 ; 96,00 ; 55,00 ; 65,00 ; 77,00 ; 34,00 ; 56,00 ; 49,00 ; 96,00 ; 71,00 ; 43,00 ; 55,00 ; 44,00 ; 100,00 ; 63,00 ; 55,00 ; 61,00 ; 27,00 ; 65,00 
01-Apr; 42,00 ; 68,00 ; 42,00 ; 73,00 ; 74,00 ; 61,00 ; 68,00 ; 67,00 ; 108,00 ; 65,00 ; 71,00 ; 68,00 ; 128,00 ; 69,00 ; 66,00 ; 78,00 ; 90,00 ; 52,00 ; 63,00 ; 78,00 ; 34,00 ; 57,00 ; 50,00 ; 96,00 ; 70,00 ; 35,00 ; 53,00 ; 43,00 ; 100,00 ; 64,00 ; 55,00 ; 58,00 ; 28,00 ; 64,00 
02-Apr; 41,00 ; 58,60 ; 43,20 ; 72,90 ; 73,10 ; 57,70 ; 68,40 ; 65,50 ; 107,90 ; 63,70 ; 63,10 ; 68,90 ; 127,50 ; 67,60 ; 64,50 ; 74,70 ; 87,40 ; 53,20 ; 63,70 ; 74,90 ; 34,70 ; 55,40 ; 53,00 ; 94,80 ; 70,30 ; 34,70 ; 53,10 ; 41,90 ; 87,70 ; 62,30 ; 52,20 ; 59,70 ; 25,80 ; 63,50 
03-Apr; 41,14 ; 57,49 ; 43,33 ; 72,47 ; 72,07 ; 57,67 ; 68,33 ; 65,03 ; 107,73 ; 63,74 ; 61,82 ; 68,91 ; 127,10 ; 67,83 ; 63,95 ; 74,83 ; 86,59 ; 53,12 ; 62,98 ; 74,41 ; 33,51 ; 54,94 ; 51,91 ; 93,11 ; 71,12 ; 34,53 ; 52,96 ; 41,58 ; 86,96 ; 60,79 ; 52,22 ; 59,96 ; 25,00 ; 61,95 
04-Apr; 40,86 ; 57,51 ; 42,54 ; 72,39 ; 71,94 ; 57,56 ; 67,99 ; 61,78 ; 107,45 ; 63,01 ; 61,16 ; 69,13 ; 125,62 ; 67,43 ; 63,22 ; 73,93 ; 87,63 ; 52,55 ; 63,33 ; 74,19 ; 31,84 ; 55,04 ; 50,92 ; 92,95 ; 71,41 ; 34,00 ; 52,32 ; 40,59 ; 84,64 ; 59,12 ; 51,49 ; 59,67 ; 25,08 ; 61,16 
05-Apr; 40,88 ; 57,60 ; 42,35 ; 72,46 ; 72,38 ; 57,93 ; 67,69 ; 61,32 ; 107,04 ; 63,07 ; 60,65 ; 69,22 ; 124,06 ; 67,51 ; 63,10 ; 73,52 ; 87,10 ; 52,25 ; 63,84 ; 74,16 ; 30,65 ; 56,06 ; 50,54 ; 92,15 ; 70,55 ; 33,98 ; 51,76 ; 40,07 ; 82,97 ; 58,47 ; 50,21 ; 59,64 ; 24,88 ; 61,25 
06-Apr; 42,22 ; 58,18 ; 34,19 ; 71,98 ; 72,42 ; 57,83 ; 66,96 ; 61,60 ; 108,49 ; 62,80 ; 59,57 ; 71,56 ; 123,11 ; 67,63 ; 62,46 ; 73,76 ; 75,85 ; 52,08 ; 62,60 ; 74,70 ; 31,84 ; 56,07 ; 48,27 ; 92,91 ; 74,47 ; 33,73 ; 50,98 ; 39,55 ; 79,56 ; 57,70 ; 52,01 ; 59,18 ; 25,01 ; 62,63 
07-Apr; 41,98 ; 55,51 ; 37,47 ; 71,95 ; 73,11 ; 57,95 ; 66,81 ; 62,36 ; 108,39 ; 63,09 ; 59,08 ; 71,85 ; 120,71 ; 67,29 ; 59,63 ; 74,54 ; 75,68 ; 51,87 ; 63,75 ; 76,34 ; 33,52 ; 55,33 ; 43,96 ; 93,62 ; 70,70 ; 33,71 ; 47,21 ; 38,41 ; 78,17 ; 56,26 ; 51,71 ; 59,87 ; 23,61 ; 62,50 
08-Apr; 42,22 ; 55,01 ; 38,01 ; 71,66 ; 72,96 ; 57,27 ; 67,02 ; 60,17 ; 109,40 ; 63,23 ; 60,81 ; 72,28 ; 120,84 ; 66,96 ; 59,54 ; 74,63 ; 75,62 ; 52,87 ; 64,50 ; 76,11 ; 31,20 ; 56,17 ; 43,70 ; 94,80 ; 72,36 ; 33,23 ; 49,06 ; 41,88 ; 74,70 ; 57,08 ; 52,26 ; 60,59 ; 22,89 ; 63,51 
09-Apr; 42,27 ; 54,75 ; 38,06 ; 73,32 ; 72,04 ; 57,75 ; 67,24 ; 60,91 ; 109,26 ; 62,21 ; 59,45 ; 72,96 ; 120,73 ; 66,61 ; 58,68 ; 73,98 ; 89,47 ; 52,91 ; 66,30 ; 79,12 ; 32,60 ; 55,35 ; 44,15 ; 95,45 ; 69,79 ; 33,09 ; 46,89 ; 41,25 ; 68,47 ; 56,54 ; 52,96 ; 61,32 ; 24,71 ; 62,66 
10-Apr; 42,54 ; 55,60 ; 38,40 ; 73,96 ; 72,82 ; 58,29 ; 67,35 ; 64,30 ; 108,65 ; 60,84 ; 60,94 ; 73,09 ; 121,62 ; 67,70 ; 59,88 ; 74,94 ; 83,64 ; 52,42 ; 68,44 ; 80,19 ; 32,57 ; 55,55 ; 44,21 ; 94,43 ; 67,29 ; 33,27 ; 46,83 ; 41,79 ; 71,27 ; 55,22 ; 53,00 ; 63,10 ; 24,32 ; 63,06 
11-Apr; 42,54 ; 55,60 ; 38,40 ; 73,96 ; 72,82 ; 58,29 ; 67,35 ; 64,30 ; 108,65 ; 60,84 ; 60,94 ; 73,09 ; 121,62 ; 67,70 ; 59,88 ; 74,94 ; 83,64 ; 52,42 ; 68,44 ; 80,19 ; 32,57 ; 55,55 ; 44,21 ; 94,43 ; 67,29 ; 33,27 ; 46,83 ; 41,79 ; 71,27 ; 55,22 ; 53,00 ; 63,10 ; 24,32 ; 63,06 
12-Apr; 42,54 ; 55,60 ; 38,40 ; 73,96 ; 72,82 ; 58,29 ; 67,35 ; 64,30 ; 108,65 ; 60,84 ; 60,94 ; 73,09 ; 121,62 ; 67,70 ; 59,88 ; 74,94 ; 83,64 ; 52,42 ; 68,44 ; 80,19 ; 32,57 ; 55,55 ; 44,21 ; 94,43 ; 67,29 ; 33,27 ; 46,83 ; 41,79 ; 71,27 ; 55,22 ; 53,00 ; 63,10 ; 24,32 ; 63,06 
13-Apr; 42,01 ; 56,12 ; 38,35 ; 69,51 ; 73,22 ; 58,13 ; 65,97 ; 64,09 ; 112,23 ; 60,79 ; 60,03 ; 73,04 ; 120,01 ; 67,11 ; 60,65 ; 74,56 ; 83,73 ; 52,52 ; 73,02 ; 79,71 ; 31,29 ; 55,12 ; 50,97 ; 94,71 ; 69,20 ; 33,89 ; 48,22 ; 40,88 ; 68,90 ; 55,21 ; 52,22 ; 63,74 ; 24,86 ; 63,28 
14-Apr; 42,65 ; 56,39 ; 37,62 ; 71,10 ; 72,91 ; 51,31 ; 65,86 ; 68,89 ; 110,45 ; 60,21 ; 59,69 ; 72,12 ; 119,96 ; 65,90 ; 60,82 ; 74,22 ; 83,51 ; 51,89 ; 69,55 ; 79,74 ; 30,69 ; 55,84 ; 44,87 ; 94,78 ; 70,04 ; 32,97 ; 47,82 ; 40,72 ; 69,91 ; 54,31 ; 51,75 ; 65,06 ; 23,78 ; 63,79 
15-Apr; 42,46 ; 56,14 ; 36,52 ; 69,45 ; 72,95 ; 51,26 ; 66,57 ; 69,10 ; 112,99 ; 60,40 ; 58,61 ; 73,54 ; 117,86 ; 64,98 ; 60,71 ; 74,98 ; 82,64 ; 53,30 ; 68,70 ; 81,38 ; 31,18 ; 54,55 ; 42,56 ; 95,74 ; 70,81 ; 33,34 ; 48,71 ; 41,05 ; 71,33 ; 53,44 ; 52,01 ; 64,21 ; 22,54 ; 64,27 
16-Apr; 42,39 ; 56,37 ; 36,79 ; 70,04 ; 72,09 ; 51,37 ; 66,17 ; 67,67 ; 112,04 ; 60,62 ; 58,54 ; 73,42 ; 118,38 ; 66,37 ; 60,48 ; 76,14 ; 82,61 ; 53,58 ; 67,95 ; 78,95 ; 32,57 ; 53,77 ; 45,15 ; 97,75 ; 66,92 ; 33,41 ; 50,23 ; 41,46 ; 69,15 ; 53,83 ; 51,82 ; 60,55 ; 22,74 ; 63,29 
17-Apr; 42,13 ; 57,25 ; 37,41 ; 69,22 ; 73,03 ; 52,20 ; 67,78 ; 69,07 ; 113,63 ; 63,61 ; 58,14 ; 74,39 ; 119,50 ; 68,49 ; 61,32 ; 73,55 ; 82,26 ; 52,87 ; 69,70 ; 79,40 ; 33,18 ; 54,02 ; 59,26 ; 101,28 ; 66,13 ; 33,19 ; 50,28 ; 43,39 ; 67,87 ; 53,28 ; 53,13 ; 61,58 ; 22,90 ; 64,05 
18-Apr; 42,10 ; 56,06 ; 36,36 ; 67,68 ; 72,49 ; 51,68 ; 67,51 ; 69,14 ; 113,62 ; 63,82 ; 57,85 ; 74,68 ; 118,24 ; 69,38 ; 60,28 ; 73,38 ; 81,51 ; 52,44 ; 65,94 ; 79,01 ; 31,83 ; 53,79 ; 59,09 ; 99,47 ; 66,15 ; 32,88 ; 49,75 ; 42,95 ; 66,64 ; 53,45 ; 52,06 ; 61,64 ; 23,06 ; 63,28 
19-Apr; 42,31 ; 55,72 ; 35,52 ; 67,77 ; 72,76 ; 52,07 ; 67,55 ; 68,87 ; 113,10 ; 64,05 ; 57,46 ; 74,49 ; 117,55 ; 69,26 ; 60,34 ; 73,41 ; 82,09 ; 52,20 ; 66,17 ; 78,53 ; 31,29 ; 54,69 ; 58,22 ; 98,03 ; 65,92 ; 32,32 ; 49,97 ; 42,33 ; 65,80 ; 53,37 ; 51,07 ; 61,31 ; 22,92 ; 63,04 
20-Apr; 42,39 ; 55,86 ; 35,36 ; 69,85 ; 72,54 ; 51,91 ; 67,83 ; 68,34 ; 111,90 ; 64,60 ; 56,02 ; 74,88 ; 117,30 ; 68,44 ; 59,90 ; 72,63 ; 81,08 ; 51,71 ; 66,58 ; 82,13 ; 31,08 ; 54,60 ; 50,20 ; 97,20 ; 65,91 ; 33,82 ; 50,43 ; 41,36 ; 66,84 ; 53,64 ; 50,17 ; 61,99 ; 22,89 ; 62,13 
21-Apr; 41,74 ; 56,27 ; 34,98 ; 68,69 ; 74,26 ; 52,79 ; 68,03 ; 68,91 ; 112,18 ; 64,89 ; 56,35 ; 75,46 ; 117,74 ; 67,56 ; 58,22 ; 73,55 ; 77,94 ; 51,46 ; 69,98 ; 81,12 ; 31,51 ; 54,60 ; 45,06 ; 96,30 ; 66,10 ; 32,92 ; 51,36 ; 41,54 ; 65,49 ; 53,81 ; 49,93 ; 62,82 ; 22,73 ; 62,48 
22-Apr; 41,16 ; 55,53 ; 34,62 ; 72,25 ; 72,70 ; 53,18 ; 66,69 ; 68,34 ; 113,24 ; 65,53 ; 55,84 ; 71,07 ; 117,82 ; 68,68 ; 57,64 ; 74,56 ; 75,63 ; 52,04 ; 68,59 ; 81,80 ; 32,59 ; 54,29 ; 44,59 ; 95,92 ; 63,82 ; 33,52 ; 54,14 ; 41,97 ; 65,03 ; 54,19 ; 49,46 ; 60,69 ; 22,39 ; 61,66 
23-Apr; 42,10 ; 55,63 ; 34,54 ; 71,48 ; 73,89 ; 54,14 ; 66,56 ; 67,55 ; 114,51 ; 64,43 ; 56,13 ; 71,97 ; 116,38 ; 68,78 ; 58,05 ; 74,52 ; 76,99 ; 51,97 ; 65,58 ; 81,45 ; 34,23 ; 54,72 ; 43,89 ; 96,88 ; 65,40 ; 34,33 ; 50,42 ; 41,99 ; 62,92 ; 54,33 ; 50,75 ; 60,40 ; 23,60 ; 61,71 
24-Apr; 42,92 ; 55,77 ; 33,73 ; 74,66 ; 73,66 ; 55,57 ; 66,29 ; 68,72 ; 114,58 ; 65,01 ; 58,18 ; 70,25 ; 116,86 ; 69,83 ; 58,66 ; 75,62 ; 78,48 ; 52,03 ; 65,35 ; 81,47 ; 35,03 ; 55,04 ; 55,73 ; 98,71 ; 63,72 ; 35,00 ; 51,45 ; 44,70 ; 72,31 ; 56,95 ; 51,80 ; 63,24 ; 23,49 ; 63,61 
25-Apr; 42,81 ; 55,78 ; 33,64 ; 73,17 ; 73,55 ; 55,53 ; 66,03 ; 67,88 ; 116,82 ; 64,55 ; 56,95 ; 70,22 ; 115,15 ; 70,13 ; 58,51 ; 74,48 ; 78,67 ; 51,38 ; 64,24 ; 80,66 ; 33,29 ; 55,07 ; 54,67 ; 98,07 ; 63,56 ; 35,22 ; 51,66 ; 44,76 ; 72,61 ; 56,44 ; 51,04 ; 63,06 ; 23,96 ; 62,60 
26-Apr; 42,74 ; 55,64 ; 33,71 ; 71,87 ; 73,76 ; 55,85 ; 65,95 ; 67,48 ; 117,85 ; 64,74 ; 56,65 ; 69,45 ; 113,76 ; 70,22 ; 58,72 ; 74,43 ; 78,32 ; 51,09 ; 63,91 ; 79,82 ; 32,84 ; 55,94 ; 54,47 ; 97,97 ; 63,15 ; 34,58 ; 51,70 ; 44,56 ; 72,70 ; 56,23 ; 51,14 ; 62,99 ; 23,32 ; 61,85 
27-Apr; 41,79 ; 54,92 ; 33,87 ; 67,88 ; 73,61 ; 55,17 ; 66,36 ; 66,57 ; 115,96 ; 64,60 ; 56,82 ; 70,00 ; 113,45 ; 69,98 ; 58,49 ; 74,28 ; 78,15 ; 51,80 ; 63,71 ; 79,13 ; 31,91 ; 54,95 ; 50,00 ; 96,54 ; 66,38 ; 34,65 ; 50,47 ; 43,83 ; 79,06 ; 56,06 ; 51,87 ; 61,00 ; 23,52 ; 60,90 
28-Apr; 41,43 ; 54,80 ; 34,01 ; 67,84 ; 73,91 ; 55,10 ; 66,27 ; 67,12 ; 117,35 ; 65,11 ; 57,18 ; 70,55 ; 112,03 ; 70,01 ; 58,08 ; 73,94 ; 77,93 ; 52,99 ; 65,42 ; 80,50 ; 32,98 ; 55,81 ; 46,73 ; 96,23 ; 64,22 ; 34,50 ; 54,36 ; 42,71 ; 80,34 ; 55,27 ; 52,14 ; 62,66 ; 23,10 ; 60,70 
29-Apr; 40,73 ; 68,06 ; 34,31 ; 67,63 ; 74,75 ; 58,27 ; 66,54 ; 68,44 ; 116,84 ; 64,71 ; 57,06 ; 69,98 ; 111,99 ; 70,48 ; 57,95 ; 74,11 ; 76,12 ; 52,70 ; 65,23 ; 79,77 ; 34,48 ; 55,38 ; 46,14 ; 96,50 ; 65,24 ; 34,34 ; 54,03 ; 42,12 ; 84,74 ; 55,44 ; 52,63 ; 62,59 ; 23,53 ; 63,48 
30-Apr; 42,95 ; 69,96 ; 42,18 ; 78,42 ; 73,06 ; 58,93 ; 68,51 ; 67,87 ; 113,97 ; 62,74 ; 62,10 ; 71,26 ; 112,96 ; 75,84 ; 61,57 ; 75,76 ; 89,04 ; 52,96 ; 63,50 ; 79,41 ; 37,16 ; 56,54 ; 51,64 ; 96,08 ; 69,15 ; 43,99 ; 54,79 ; 42,26 ; 82,02 ; 58,80 ; 53,52 ; 64,38 ; 26,20 ; 63,66 
01-May; 41,38 ; 70,08 ; 42,18 ; 78,60 ; 73,47 ; 59,32 ; 67,77 ; 69,06 ; 114,22 ; 62,78 ; 62,17 ; 70,98 ; 115,00 ; 76,04 ; 61,00 ; 76,45 ; 83,17 ; 52,71 ; 66,84 ; 80,05 ; 37,21 ; 57,38 ; 54,80 ; 97,38 ; 67,79 ; 42,53 ; 54,53 ; 41,96 ; 81,74 ; 54,97 ; 52,77 ; 64,19 ; 27,07 ; 64,47 
02-May; 41,50 ; 69,70 ; 41,54 ; 76,24 ; 72,86 ; 59,12 ; 67,16 ; 66,86 ; 115,59 ; 63,06 ; 61,67 ; 68,68 ; 113,74 ; 75,39 ; 60,93 ; 75,44 ; 82,17 ; 52,56 ; 67,63 ; 78,97 ; 35,78 ; 56,74 ; 52,76 ; 96,73 ; 67,89 ; 42,29 ; 54,74 ; 40,94 ; 81,07 ; 54,51 ; 52,35 ; 64,38 ; 27,20 ; 65,42 
03-May; 41,44 ; 69,22 ; 41,70 ; 76,20 ; 72,92 ; 59,59 ; 67,00 ; 66,97 ; 115,34 ; 62,94 ; 61,40 ; 68,33 ; 113,11 ; 74,93 ; 60,39 ; 75,21 ; 81,44 ; 52,78 ; 65,56 ; 78,52 ; 35,19 ; 57,90 ; 49,72 ; 95,73 ; 67,51 ; 42,28 ; 54,43 ; 40,69 ; 80,88 ; 54,29 ; 52,64 ; 64,72 ; 27,73 ; 64,97 
04-May; 40,38 ; 68,85 ; 41,31 ; 67,54 ; 72,22 ; 59,82 ; 67,13 ; 65,25 ; 113,83 ; 62,30 ; 58,03 ; 69,47 ; 117,94 ; 74,20 ; 58,80 ; 72,77 ; 81,46 ; 52,98 ; 65,67 ; 79,92 ; 35,32 ; 56,97 ; 60,69 ; 95,99 ; 66,40 ; 39,94 ; 51,20 ; 40,39 ; 78,91 ; 53,33 ; 52,32 ; 61,05 ; 25,81 ; 63,95 
05-May; 39,77 ; 68,31 ; 34,04 ; 68,06 ; 72,62 ; 60,61 ; 67,28 ; 63,27 ; 112,33 ; 62,67 ; 57,02 ; 69,63 ; 119,78 ; 73,84 ; 58,07 ; 73,19 ; 81,03 ; 53,37 ; 64,79 ; 79,31 ; 35,14 ; 57,86 ; 56,09 ; 94,28 ; 63,90 ; 39,44 ; 50,42 ; 40,79 ; 69,58 ; 52,59 ; 51,70 ; 58,96 ; 25,98 ; 63,90 
06-May; 39,19 ; 68,70 ; 34,09 ; 67,03 ; 72,71 ; 60,02 ; 67,26 ; 63,47 ; 112,44 ; 62,70 ; 59,57 ; 69,35 ; 117,77 ; 73,77 ; 58,53 ; 72,17 ; 71,55 ; 52,94 ; 66,48 ; 80,07 ; 34,22 ; 57,49 ; 53,41 ; 94,77 ; 64,12 ; 38,56 ; 48,78 ; 40,68 ; 67,36 ; 52,33 ; 51,79 ; 57,28 ; 24,60 ; 64,32 
07-May; 39,26 ; 56,03 ; 34,32 ; 66,58 ; 73,29 ; 60,29 ; 67,80 ; 62,25 ; 112,42 ; 61,27 ; 57,73 ; 69,98 ; 117,94 ; 73,96 ; 58,49 ; 73,87 ; 72,05 ; 54,44 ; 65,91 ; 80,74 ; 35,22 ; 57,84 ; 50,07 ; 95,73 ; 64,62 ; 38,32 ; 48,86 ; 39,69 ; 65,87 ; 52,56 ; 50,90 ; 55,64 ; 25,22 ; 60,93 
08-May; 39,37 ; 56,10 ; 34,09 ; 69,72 ; 73,74 ; 61,29 ; 69,10 ; 62,56 ; 112,79 ; 61,61 ; 57,16 ; 71,23 ; 119,69 ; 76,55 ; 59,20 ; 74,47 ; 72,61 ; 54,54 ; 66,38 ; 83,29 ; 38,05 ; 57,39 ; 51,09 ; 97,59 ; 63,79 ; 41,61 ; 49,82 ; 39,73 ; 67,46 ; 52,82 ; 52,00 ; 56,37 ; 24,77 ; 63,23 
09-May; 39,03 ; 56,16 ; 33,51 ; 65,95 ; 73,37 ; 60,96 ; 68,69 ; 62,26 ; 113,17 ; 61,26 ; 56,60 ; 70,45 ; 118,83 ; 75,57 ; 59,41 ; 73,59 ; 73,98 ; 54,44 ; 66,47 ; 82,99 ; 36,43 ; 57,75 ; 49,93 ; 96,87 ; 64,78 ; 40,84 ; 49,76 ; 39,13 ; 67,98 ; 53,04 ; 52,09 ; 56,39 ; 24,47 ; 62,78 
10-May; 39,04 ; 56,11 ; 33,62 ; 66,27 ; 73,62 ; 60,92 ; 68,56 ; 61,87 ; 114,65 ; 61,40 ; 56,25 ; 69,81 ; 118,23 ; 75,32 ; 58,70 ; 72,89 ; 73,03 ; 54,49 ; 65,42 ; 83,08 ; 36,46 ; 58,77 ; 48,82 ; 96,53 ; 64,66 ; 40,82 ; 49,30 ; 39,11 ; 67,74 ; 52,58 ; 52,19 ; 56,49 ; 25,01 ; 62,14 
11-May; 39,14 ; 56,72 ; 33,78 ; 67,64 ; 73,82 ; 57,20 ; 72,13 ; 61,29 ; 113,65 ; 60,20 ; 56,54 ; 70,41 ; 116,97 ; 74,85 ; 59,29 ; 74,07 ; 72,63 ; 56,76 ; 66,81 ; 81,91 ; 36,25 ; 58,34 ; 63,49 ; 96,42 ; 65,69 ; 40,45 ; 49,03 ; 38,35 ; 66,36 ; 53,00 ; 51,82 ; 56,80 ; 26,03 ; 63,60 
12-May; 39,62 ; 57,55 ; 34,34 ; 68,13 ; 73,36 ; 54,58 ; 71,43 ; 61,67 ; 111,26 ; 59,76 ; 56,20 ; 70,78 ; 118,77 ; 70,63 ; 60,32 ; 73,15 ; 72,19 ; 55,26 ; 67,10 ; 82,67 ; 35,99 ; 57,92 ; 60,40 ; 95,97 ; 64,90 ; 33,86 ; 49,49 ; 39,12 ; 66,79 ; 53,26 ; 51,54 ; 57,51 ; 25,34 ; 60,83 
13-May; 40,06 ; 77,79 ; 34,87 ; 71,87 ; 73,19 ; 53,36 ; 71,91 ; 63,97 ; 178,49 ; 58,27 ; 56,11 ; 70,42 ; 118,66 ; 71,13 ; 59,92 ; 74,76 ; 73,72 ; 55,65 ; 68,15 ; 84,17 ; 36,19 ; 57,69 ; 59,02 ; 96,88 ; 65,25 ; 33,23 ; 49,28 ; 40,06 ; 67,83 ; 54,66 ; 52,10 ; 57,53 ; 24,96 ; 62,12 
14-May; 39,80 ; 77,84 ; 34,83 ; 71,58 ; 72,59 ; 53,93 ; 71,61 ; 63,06 ; 178,68 ; 57,98 ; 55,52 ; 70,94 ; 118,55 ; 71,13 ; 59,97 ; 73,60 ; 73,42 ; 55,37 ; 68,98 ; 81,96 ; 36,77 ; 58,16 ; 57,70 ; 96,38 ; 65,12 ; 33,09 ; 48,45 ; 40,20 ; 67,39 ; 54,97 ; 51,37 ; 57,74 ; 24,65 ; 61,04 
15-May; 39,82 ; 77,87 ; 35,43 ; 70,94 ; 72,02 ; 54,85 ; 71,58 ; 63,22 ; 178,41 ; 59,16 ; 55,13 ; 70,48 ; 117,88 ; 71,59 ; 60,33 ; 72,54 ; 72,54 ; 54,49 ; 69,40 ; 81,49 ; 36,17 ; 59,36 ; 57,89 ; 95,85 ; 64,38 ; 33,70 ; 48,70 ; 39,27 ; 67,36 ; 54,61 ; 51,55 ; 58,44 ; 24,92 ; 61,27 
16-May; 40,07 ; 77,56 ; 34,39 ; 70,60 ; 71,85 ; 54,55 ; 71,56 ; 62,73 ; 178,38 ; 59,14 ; 54,66 ; 69,72 ; 117,15 ; 71,51 ; 59,99 ; 72,47 ; 72,94 ; 54,41 ; 67,13 ; 81,61 ; 35,65 ; 58,32 ; 56,44 ; 94,14 ; 65,27 ; 32,87 ; 48,98 ; 38,93 ; 66,44 ; 54,54 ; 51,23 ; 58,36 ; 24,99 ; 61,26 
17-May; 40,17 ; 77,73 ; 34,52 ; 70,49 ; 71,85 ; 54,94 ; 71,75 ; 62,85 ; 178,08 ; 59,03 ; 54,42 ; 69,26 ; 115,96 ; 71,10 ; 59,35 ; 72,06 ; 73,30 ; 55,04 ; 67,02 ; 81,71 ; 34,50 ; 58,37 ; 55,41 ; 93,65 ; 65,85 ; 32,92 ; 49,00 ; 38,83 ; 65,69 ; 54,70 ; 51,77 ; 58,24 ; 25,70 ; 61,49 
18-May; 41,45 ; 77,52 ; 35,04 ; 66,61 ; 71,30 ; 56,38 ; 71,84 ; 61,97 ; 180,88 ; 55,59 ; 55,01 ; 72,05 ; 117,37 ; 70,80 ; 59,21 ; 71,23 ; 73,28 ; 54,60 ; 68,12 ; 83,28 ; 34,47 ; 58,35 ; 54,98 ; 95,90 ; 65,04 ; 32,99 ; 48,94 ; 37,34 ; 58,75 ; 54,80 ; 51,80 ; 58,87 ; 25,63 ; 62,09 
19-May; 41,08 ; 77,57 ; 36,44 ; 66,53 ; 72,22 ; 59,02 ; 71,51 ; 62,51 ; 116,11 ; 56,05 ; 54,99 ; 73,19 ; 117,72 ; 72,60 ; 58,89 ; 70,28 ; 72,88 ; 52,42 ; 69,30 ; 82,95 ; 34,65 ; 59,59 ; 65,20 ; 96,38 ; 63,68 ; 33,29 ; 48,99 ; 38,32 ; 60,05 ; 53,83 ; 51,29 ; 56,28 ; 24,83 ; 62,13 
20-May; 41,11 ; 58,22 ; 35,62 ; 66,17 ; 72,86 ; 58,76 ; 71,51 ; 62,94 ; 117,98 ; 55,99 ; 54,80 ; 73,21 ; 117,58 ; 73,53 ; 58,42 ; 71,14 ; 73,43 ; 52,00 ; 72,38 ; 82,55 ; 34,73 ; 59,70 ; 59,29 ; 96,05 ; 62,89 ; 32,39 ; 48,29 ; 38,38 ; 76,09 ; 53,13 ; 50,61 ; 52,62 ; 24,57 ; 61,32 
21-May; 41,95 ; 57,72 ; 36,80 ; 66,72 ; 71,07 ; 58,92 ; 72,14 ; 64,09 ; 117,02 ; 55,77 ; 54,44 ; 73,36 ; 116,86 ; 72,77 ; 58,70 ; 72,14 ; 105,56 ; 52,97 ; 70,09 ; 81,90 ; 34,12 ; 59,33 ; 56,46 ; 95,76 ; 63,18 ; 31,66 ; 48,51 ; 38,39 ; 85,50 ; 53,43 ; 50,77 ; 52,34 ; 24,95 ; 60,62 
22-May; 40,32 ; 57,22 ; 36,73 ; 66,64 ; 70,95 ; 58,44 ; 71,78 ; 65,73 ; 118,11 ; 55,76 ; 55,08 ; 73,42 ; 117,32 ; 81,99 ; 59,77 ; 72,18 ; 105,72 ; 53,64 ; 70,94 ; 82,73 ; 35,27 ; 60,00 ; 57,14 ; 97,93 ; 62,98 ; 32,52 ; 48,23 ; 38,62 ; 85,48 ; 54,41 ; 53,41 ; 53,46 ; 25,00 ; 62,74 
23-May; 40,59 ; 56,62 ; 36,29 ; 66,06 ; 70,37 ; 58,47 ; 71,83 ; 66,31 ; 119,52 ; 55,82 ; 54,46 ; 73,46 ; 116,52 ; 82,10 ; 59,73 ; 71,29 ; 105,80 ; 53,85 ; 70,00 ; 82,61 ; 33,82 ; 59,90 ; 55,97 ; 96,87 ; 63,78 ; 32,13 ; 48,13 ; 38,54 ; 85,30 ; 54,35 ; 52,66 ; 53,27 ; 25,49 ; 61,99 
24-May; 40,52 ; 56,23 ; 35,89 ; 66,03 ; 70,05 ; 58,52 ; 71,59 ; 65,74 ; 118,47 ; 56,00 ; 54,34 ; 72,98 ; 115,96 ; 82,49 ; 59,66 ; 70,74 ; 104,93 ; 54,18 ; 70,44 ; 82,10 ; 34,04 ; 59,76 ; 54,53 ; 96,18 ; 63,28 ; 31,93 ; 48,22 ; 38,55 ; 85,66 ; 54,36 ; 53,44 ; 52,97 ; 25,56 ; 62,10 
25-May; 41,61 ; 55,03 ; 34,90 ; 65,73 ; 71,19 ; 58,68 ; 71,14 ; 65,33 ; 117,07 ; 57,76 ; 55,59 ; 74,64 ; 115,78 ; 83,64 ; 60,13 ; 72,82 ; 81,51 ; 54,30 ; 71,71 ; 83,17 ; 34,16 ; 58,89 ; 52,52 ; 96,88 ; 63,06 ; 33,65 ; 50,09 ; 38,22 ; 86,35 ; 56,19 ; 52,45 ; 55,44 ; 25,92 ; 63,19 
26-May; 40,45 ; 68,98 ; 35,94 ; 64,88 ; 71,96 ; 60,13 ; 67,04 ; 65,86 ; 117,37 ; 65,39 ; 58,24 ; 74,13 ; 115,70 ; 82,33 ; 61,87 ; 70,83 ; 79,37 ; 55,05 ; 72,18 ; 83,66 ; 35,18 ; 59,28 ; 52,67 ; 95,78 ; 64,04 ; 41,57 ; 52,43 ; 38,57 ; 94,65 ; 56,45 ; 52,06 ; 55,85 ; 30,26 ; 63,25 
27-May; 40,30 ; 68,15 ; 35,76 ; 64,88 ; 71,05 ; 59,89 ; 66,85 ; 65,77 ; 117,61 ; 65,63 ; 57,93 ; 74,48 ; 115,11 ; 82,76 ; 61,26 ; 70,42 ; 79,28 ; 55,09 ; 72,16 ; 83,12 ; 35,77 ; 60,09 ; 53,05 ; 95,11 ; 63,29 ; 41,10 ; 52,61 ; 38,47 ; 94,53 ; 57,15 ; 52,52 ; 55,95 ; 29,81 ; 62,30 
28-May; 40,22 ; 67,89 ; 35,86 ; 65,00 ; 71,02 ; 60,26 ; 66,40 ; 65,39 ; 116,05 ; 64,55 ; 57,30 ; 74,09 ; 115,13 ; 76,87 ; 59,90 ; 70,33 ; 78,93 ; 54,00 ; 72,97 ; 82,58 ; 33,78 ; 59,78 ; 52,61 ; 94,90 ; 63,59 ; 41,37 ; 51,86 ; 38,70 ; 96,03 ; 56,41 ; 52,04 ; 55,96 ; 28,75 ; 61,43 
29-May; 42,06 ; 68,73 ; 36,35 ; 64,88 ; 71,07 ; 61,00 ; 68,75 ; 66,79 ; 114,72 ; 64,35 ; 59,44 ; 75,70 ; 114,94 ; 77,19 ; 65,02 ; 71,47 ; 77,91 ; 54,77 ; 72,29 ; 83,54 ; 33,73 ; 59,51 ; 53,69 ; 94,54 ; 63,44 ; 42,04 ; 52,59 ; 39,92 ; 100,81 ; 57,34 ; 53,55 ; 59,25 ; 28,47 ; 63,69 
30-May; 41,52 ; 69,39 ; 36,35 ; 64,39 ; 71,71 ; 60,73 ; 69,18 ; 66,73 ; 114,80 ; 64,21 ; 58,05 ; 72,90 ; 113,70 ; 77,25 ; 65,43 ; 70,40 ; 77,12 ; 54,55 ; 70,57 ; 84,49 ; 32,53 ; 59,73 ; 54,06 ; 94,39 ; 63,95 ; 43,69 ; 51,39 ; 39,37 ; 92,83 ; 57,13 ; 53,35 ; 59,34 ; 27,74 ; 63,24 
31-May; 41,55 ; 69,08 ; 35,94 ; 64,29 ; 72,08 ; 60,65 ; 69,62 ; 67,11 ; 115,02 ; 64,71 ; 57,24 ; 72,75 ; 114,03 ; 77,51 ; 64,62 ; 71,57 ; 77,69 ; 57,40 ; 71,75 ; 84,97 ; 32,94 ; 60,07 ; 54,28 ; 94,19 ; 64,78 ; 46,26 ; 51,30 ; 39,66 ; 96,89 ; 56,80 ; 55,05 ; 59,63 ; 27,78 ; 63,22 
01-Jun; 40,53 ; 69,71 ; 35,85 ; 64,40 ; 72,66 ; 61,03 ; 69,15 ; 66,54 ; 114,76 ; 64,01 ; 57,59 ; 71,63 ; 119,06 ; 77,70 ; 64,64 ; 72,41 ; 76,16 ; 56,27 ; 72,41 ; 85,08 ; 32,34 ; 60,79 ; 57,07 ; 95,74 ; 65,05 ; 44,82 ; 50,28 ; 38,85 ; 97,73 ; 56,73 ; 54,78 ; 60,36 ; 28,61 ; 64,54 
02-Jun; 40,56 ; 71,89 ; 34,54 ; 73,19 ; 72,98 ; 61,25 ; 68,83 ; 65,71 ; 113,69 ; 57,72 ; 61,01 ; 72,79 ; 127,16 ; 81,27 ; 64,85 ; 74,23 ; 77,51 ; 54,70 ; 71,07 ; 84,76 ; 32,88 ; 60,52 ; 62,29 ; 98,26 ; 65,99 ; 36,59 ; 50,12 ; 38,60 ; 93,69 ; 57,98 ; 55,05 ; 53,29 ; 28,96 ; 65,84 
03-Jun; 40,19 ; 58,24 ; 35,80 ; 69,44 ; 71,19 ; 56,53 ; 68,63 ; 65,62 ; 116,35 ; 59,09 ; 56,88 ; 73,45 ; 127,31 ; 85,36 ; 63,52 ; 71,78 ; 74,63 ; 54,85 ; 70,15 ; 85,27 ; 33,36 ; 61,51 ; 60,41 ; 96,57 ; 64,01 ; 37,26 ; 49,37 ; 38,55 ; 92,68 ; 59,44 ; 54,58 ; 53,72 ; 27,16 ; 65,59 
04-Jun; 41,20 ; 57,63 ; 36,02 ; 68,22 ; 68,83 ; 56,74 ; 67,76 ; 64,60 ; 115,73 ; 58,66 ; 56,16 ; 72,15 ; 127,83 ; 82,34 ; 63,99 ; 71,18 ; 78,18 ; 55,05 ; 72,28 ; 85,04 ; 32,66 ; 61,67 ; 58,88 ; 97,04 ; 63,98 ; 36,23 ; 48,79 ; 40,45 ; 74,28 ; 59,38 ; 53,96 ; 54,45 ; 27,55 ; 65,01 
05-Jun; 41,08 ; 57,67 ; 36,03 ; 65,82 ; 67,87 ; 57,48 ; 67,47 ; 69,11 ; 114,72 ; 58,26 ; 55,21 ; 72,61 ; 126,97 ; 79,44 ; 63,33 ; 71,19 ; 77,63 ; 55,14 ; 73,19 ; 84,78 ; 34,75 ; 61,85 ; 57,68 ; 97,18 ; 62,62 ; 36,63 ; 49,49 ; 40,71 ; 63,48 ; 59,10 ; 54,75 ; 54,72 ; 29,44 ; 65,15 
06-Jun; 40,92 ; 57,06 ; 36,11 ; 65,95 ; 67,68 ; 57,73 ; 67,99 ; 68,15 ; 114,96 ; 58,36 ; 54,53 ; 72,82 ; 125,56 ; 78,74 ; 63,48 ; 70,62 ; 76,95 ; 55,07 ; 69,99 ; 84,25 ; 33,52 ; 62,24 ; 56,89 ; 96,05 ; 63,37 ; 37,11 ; 48,89 ; 40,54 ; 63,43 ; 59,35 ; 55,10 ; 54,69 ; 29,54 ; 65,09 
07-Jun; 40,72 ; 56,85 ; 35,90 ; 65,74 ; 67,55 ; 58,58 ; 67,40 ; 68,20 ; 115,16 ; 58,42 ; 54,38 ; 72,54 ; 125,13 ; 78,32 ; 62,78 ; 70,23 ; 77,13 ; 55,15 ; 69,59 ; 83,31 ; 33,31 ; 62,30 ; 56,74 ; 95,81 ; 62,71 ; 36,99 ; 48,80 ; 40,64 ; 62,96 ; 59,12 ; 55,23 ; 54,20 ; 29,60 ; 64,19 
08-Jun; 42,01 ; 57,91 ; 35,66 ; 65,66 ; 67,45 ; 59,44 ; 68,02 ; 68,88 ; 111,17 ; 59,03 ; 55,52 ; 70,82 ; 125,71 ; 78,48 ; 62,17 ; 72,33 ; 76,63 ; 55,11 ; 72,18 ; 85,82 ; 31,55 ; 61,87 ; 66,28 ; 96,33 ; 63,83 ; 37,73 ; 47,82 ; 40,95 ; 62,86 ; 58,48 ; 54,72 ; 54,71 ; 29,00 ; 65,28 
09-Jun; 42,09 ; 58,52 ; 35,96 ; 65,74 ; 68,65 ; 58,82 ; 67,45 ; 68,61 ; 110,63 ; 58,62 ; 56,42 ; 70,35 ; 125,99 ; 76,54 ; 61,49 ; 72,85 ; 81,93 ; 55,09 ; 70,70 ; 86,87 ; 31,05 ; 62,15 ; 61,90 ; 97,64 ; 61,55 ; 38,06 ; 47,40 ; 41,41 ; 62,90 ; 58,43 ; 54,45 ; 55,56 ; 28,38 ; 65,68 
10-Jun; 43,27 ; 58,45 ; 35,73 ; 65,62 ; 69,73 ; 59,74 ; 66,86 ; 68,40 ; 110,17 ; 59,00 ; 56,05 ; 72,17 ; 124,81 ; 77,33 ; 62,22 ; 71,82 ; 79,78 ; 54,77 ; 70,62 ; 87,70 ; 29,93 ; 62,77 ; 58,63 ; 97,18 ; 61,39 ; 37,16 ; 47,78 ; 41,15 ; 60,41 ; 58,59 ; 53,22 ; 54,01 ; 30,34 ; 64,33 
11-Jun; 43,93 ; 57,40 ; 35,80 ; 67,15 ; 70,46 ; 59,06 ; 65,99 ; 67,53 ; 109,78 ; 60,23 ; 55,70 ; 71,92 ; 123,70 ; 77,33 ; 62,13 ; 71,90 ; 80,29 ; 54,82 ; 70,60 ; 88,42 ; 30,34 ; 62,99 ; 53,82 ; 97,11 ; 62,00 ; 37,64 ; 47,62 ; 41,31 ; 59,61 ; 57,47 ; 52,09 ; 54,26 ; 28,17 ; 64,16 
12-Jun; 45,15 ; 56,77 ; 35,61 ; 66,05 ; 69,10 ; 60,04 ; 67,88 ; 68,98 ; 110,82 ; 60,30 ; 57,02 ; 70,89 ; 123,96 ; 77,05 ; 63,03 ; 71,85 ; 81,23 ; 56,49 ; 71,47 ; 89,70 ; 33,22 ; 62,80 ; 53,53 ; 97,51 ; 61,46 ; 37,09 ; 47,61 ; 42,00 ; 69,23 ; 61,10 ; 53,26 ; 56,05 ; 28,14 ; 64,89 
13-Jun; 45,19 ; 56,05 ; 35,38 ; 65,95 ; 67,95 ; 59,71 ; 66,76 ; 68,28 ; 111,61 ; 59,55 ; 56,63 ; 69,02 ; 122,95 ; 75,58 ; 62,06 ; 71,63 ; 80,03 ; 56,10 ; 69,53 ; 89,39 ; 31,86 ; 62,61 ; 52,87 ; 96,58 ; 61,55 ; 36,60 ; 47,34 ; 41,52 ; 69,14 ; 58,01 ; 52,55 ; 56,06 ; 28,70 ; 64,84 
14-Jun; 45,52 ; 56,35 ; 35,00 ; 66,10 ; 68,78 ; 59,66 ; 66,71 ; 68,06 ; 111,35 ; 59,41 ; 56,05 ; 69,29 ; 121,72 ; 75,47 ; 61,92 ; 71,69 ; 79,78 ; 56,13 ; 69,30 ; 88,68 ; 31,25 ; 63,64 ; 52,72 ; 96,38 ; 61,67 ; 36,58 ; 47,24 ; 41,67 ; 69,48 ; 57,92 ; 52,59 ; 55,41 ; 28,28 ; 64,51 
15-Jun; 45,04 ; 56,90 ; 35,33 ; 66,18 ; 70,03 ; 60,15 ; 67,87 ; 67,74 ; 108,15 ; 59,85 ; 57,46 ; 70,67 ; 122,33 ; 75,26 ; 62,01 ; 70,81 ; 78,38 ; 54,30 ; 68,63 ; 89,42 ; 29,82 ; 62,73 ; 52,24 ; 94,88 ; 61,79 ; 37,59 ; 47,59 ; 41,75 ; 64,23 ; 57,61 ; 52,06 ; 55,53 ; 28,15 ; 64,39 
16-Jun; 44,70 ; 57,11 ; 33,50 ; 65,58 ; 69,81 ; 60,44 ; 67,86 ; 67,32 ; 107,85 ; 59,66 ; 56,21 ; 69,00 ; 121,24 ; 75,02 ; 61,50 ; 69,86 ; 77,76 ; 54,53 ; 69,13 ; 88,74 ; 29,00 ; 63,43 ; 51,88 ; 94,39 ; 61,73 ; 38,39 ; 47,45 ; 41,47 ; 63,25 ; 57,08 ; 51,62 ; 55,11 ; 28,22 ; 63,76 
17-Jun; 46,83 ; 56,42 ; 34,26 ; 64,09 ; 70,18 ; 63,32 ; 70,41 ; 68,89 ; 106,58 ; 60,03 ; 57,67 ; 67,20 ; 122,14 ; 76,17 ; 62,34 ; 69,90 ; 77,51 ; 54,24 ; 69,69 ; 87,87 ; 29,19 ; 62,75 ; 51,63 ; 95,86 ; 62,35 ; 38,03 ; 47,20 ; 41,82 ; 59,16 ; 57,91 ; 51,16 ; 53,43 ; 27,76 ; 58,13 
18-Jun; 49,72 ; 57,32 ; 35,85 ; 65,48 ; 66,73 ; 64,91 ; 71,86 ; 74,73 ; 110,76 ; 60,93 ; 57,28 ; 68,06 ; 122,42 ; 75,81 ; 62,33 ; 70,75 ; 77,13 ; 54,92 ; 70,55 ; 86,70 ; 33,05 ; 64,88 ; 52,99 ; 96,59 ; 63,55 ; 39,65 ; 47,47 ; 41,80 ; 59,37 ; 60,39 ; 53,15 ; 54,70 ; 28,72 ; 58,31 
19-Jun; 49,27 ; 58,17 ; 35,68 ; 64,51 ; 67,43 ; 64,12 ; 71,82 ; 73,83 ; 113,77 ; 62,12 ; 57,44 ; 68,29 ; 121,95 ; 75,98 ; 64,83 ; 71,16 ; 75,96 ; 56,69 ; 72,52 ; 86,91 ; 34,10 ; 64,45 ; 52,74 ; 96,26 ; 62,21 ; 39,67 ; 49,56 ; 42,26 ; 68,27 ; 60,14 ; 53,61 ; 54,54 ; 27,42 ; 58,64 
20-Jun; 49,12 ; 57,84 ; 35,08 ; 64,66 ; 67,04 ; 64,14 ; 71,01 ; 72,65 ; 114,34 ; 61,69 ; 56,94 ; 68,33 ; 121,13 ; 74,97 ; 63,83 ; 71,28 ; 74,63 ; 56,49 ; 71,14 ; 85,66 ; 32,30 ; 64,40 ; 52,12 ; 95,50 ; 62,57 ; 39,79 ; 49,39 ; 41,68 ; 66,90 ; 59,87 ; 53,45 ; 54,03 ; 26,61 ; 58,41 
21-Jun; 48,93 ; 57,14 ; 35,28 ; 63,83 ; 66,82 ; 64,19 ; 70,93 ; 72,09 ; 114,92 ; 61,83 ; 56,84 ; 68,43 ; 119,90 ; 74,71 ; 63,53 ; 70,52 ; 74,43 ; 56,35 ; 70,81 ; 84,96 ; 32,70 ; 64,58 ; 52,14 ; 95,49 ; 62,01 ; 40,32 ; 49,29 ; 41,45 ; 66,97 ; 59,55 ; 54,09 ; 53,82 ; 26,56 ; 58,49 
22-Jun; 49,39 ; 56,42 ; 35,76 ; 66,56 ; 67,26 ; 64,46 ; 70,15 ; 71,48 ; 114,76 ; 61,88 ; 57,34 ; 68,44 ; 119,52 ; 75,77 ; 63,64 ; 70,79 ; 74,46 ; 53,94 ; 69,81 ; 85,19 ; 29,75 ; 63,53 ; 51,26 ; 96,40 ; 61,21 ; 39,54 ; 49,41 ; 41,98 ; 67,90 ; 59,18 ; 55,47 ; 53,72 ; 26,67 ; 58,43 
23-Jun; 56,54 ; 56,21 ; 36,97 ; 66,68 ; 66,95 ; 65,12 ; 69,33 ; 71,01 ; 113,61 ; 62,64 ; 57,91 ; 68,35 ; 119,59 ; 77,62 ; 62,69 ; 70,18 ; 76,69 ; 53,33 ; 68,39 ; 84,30 ; 32,32 ; 65,58 ; 50,57 ; 93,23 ; 62,27 ; 39,41 ; 48,98 ; 41,52 ; 95,74 ; 58,20 ; 54,85 ; 54,27 ; 25,55 ; 57,97 
24-Jun; 49,60 ; 56,28 ; 37,06 ; 63,13 ; 66,61 ; 59,63 ; 69,01 ; 71,66 ; 113,20 ; 62,22 ; 57,16 ; 68,58 ; 117,82 ; 79,69 ; 61,71 ; 70,26 ; 78,57 ; 52,79 ; 69,52 ; 83,41 ; 30,69 ; 63,54 ; 50,60 ; 92,14 ; 62,29 ; 39,11 ; 48,82 ; 41,44 ; 95,43 ; 62,44 ; 54,54 ; 54,93 ; 25,79 ; 56,70 
25-Jun; 49,95 ; 66,01 ; 38,17 ; 63,95 ; 66,73 ; 60,46 ; 68,91 ; 71,49 ; 117,83 ; 66,62 ; 58,50 ; 69,33 ; 119,05 ; 76,25 ; 61,50 ; 73,25 ; 78,53 ; 53,26 ; 68,58 ; 83,99 ; 30,30 ; 63,94 ; 50,61 ; 93,05 ; 62,75 ; 38,86 ; 50,23 ; 41,15 ; 97,62 ; 63,89 ; 54,76 ; 55,72 ; 25,13 ; 57,51 
26-Jun; 46,97 ; 65,60 ; 46,38 ; 66,04 ; 66,81 ; 60,88 ; 70,30 ; 73,52 ; 121,82 ; 67,05 ; 59,56 ; 70,87 ; 117,63 ; 77,37 ; 62,44 ; 83,21 ; 79,82 ; 53,21 ; 68,98 ; 83,24 ; 30,34 ; 63,75 ; 58,91 ; 95,69 ; 62,59 ; 46,74 ; 55,81 ; 40,89 ; 96,21 ; 63,49 ; 54,44 ; 60,74 ; 26,64 ; 58,32 
27-Jun; 46,92 ; 65,56 ; 46,00 ; 65,46 ; 66,04 ; 61,10 ; 69,63 ; 73,87 ; 123,18 ; 67,12 ; 58,50 ; 70,73 ; 117,04 ; 78,01 ; 62,21 ; 82,84 ; 80,14 ; 52,87 ; 69,52 ; 82,15 ; 30,42 ; 64,59 ; 58,30 ; 93,91 ; 63,19 ; 46,77 ; 55,79 ; 41,64 ; 95,86 ; 62,89 ; 53,94 ; 60,77 ; 26,83 ; 58,18 
28-Jun; 46,91 ; 65,44 ; 45,99 ; 65,30 ; 65,89 ; 61,41 ; 69,41 ; 73,79 ; 122,77 ; 67,06 ; 58,22 ; 70,31 ; 116,55 ; 78,18 ; 61,87 ; 82,72 ; 79,27 ; 53,44 ; 68,43 ; 81,61 ; 30,13 ; 65,05 ; 57,89 ; 93,83 ; 63,01 ; 46,72 ; 55,62 ; 40,70 ; 95,96 ; 62,75 ; 54,04 ; 60,77 ; 26,86 ; 57,01 
29-Jun; 45,88 ; 65,38 ; 46,65 ; 68,34 ; 65,74 ; 61,34 ; 70,06 ; 74,31 ; 121,23 ; 66,84 ; 57,72 ; 70,79 ; 115,03 ; 78,15 ; 64,72 ; 76,46 ; 80,97 ; 54,28 ; 69,17 ; 85,05 ; 30,08 ; 64,34 ; 53,94 ; 94,62 ; 62,97 ; 45,89 ; 56,91 ; 41,10 ; 97,71 ; 59,03 ; 55,29 ; 61,41 ; 30,80 ; 57,01 
30-Jun; 46,90 ; 70,09 ; 45,69 ; 69,54 ; 68,54 ; 62,29 ; 70,97 ; 74,67 ; 120,89 ; 68,91 ; 62,44 ; 72,75 ; 116,50 ; 79,53 ; 67,67 ; 75,18 ; 83,94 ; 58,33 ; 70,96 ; 85,31 ; 31,08 ; 63,96 ; 59,28 ; 98,14 ; 65,27 ; 47,75 ; 53,34 ; 41,82 ; 102,97 ; 62,65 ; 55,54 ; 58,57 ; 30,31 ; 60,64 
01-Jul; 45,97 ; 70,65 ; 46,47 ; 66,94 ; 66,96 ; 64,29 ; 70,75 ; 71,67 ; 113,04 ; 68,86 ; 63,80 ; 75,58 ; 125,11 ; 77,79 ; 67,19 ; 74,58 ; 83,74 ; 57,31 ; 70,47 ; 85,90 ; 30,08 ; 63,43 ; 59,06 ; 99,43 ; 64,39 ; 45,81 ; 53,48 ; 42,19 ; 96,20 ; 61,09 ; 54,09 ; 52,53 ; 31,19 ; 59,65 
02-Jul; 45,66 ; 70,74 ; 43,42 ; 67,62 ; 66,44 ; 58,12 ; 70,68 ; 71,25 ; 114,12 ; 69,18 ; 59,52 ; 71,28 ; 123,03 ; 77,46 ; 65,46 ; 71,76 ; 81,63 ; 56,21 ; 68,96 ; 84,78 ; 30,15 ; 63,82 ; 58,43 ; 98,25 ; 63,78 ; 47,08 ; 51,05 ; 41,81 ; 77,78 ; 60,78 ; 54,43 ; 53,17 ; 32,11 ; 58,00 
03-Jul; 45,42 ; 65,94 ; 43,49 ; 66,15 ; 66,66 ; 59,00 ; 70,60 ; 68,70 ; 113,99 ; 68,80 ; 59,35 ; 71,21 ; 121,18 ; 77,79 ; 64,59 ; 71,95 ; 81,40 ; 54,95 ; 69,35 ; 85,55 ; 31,34 ; 64,79 ; 58,70 ; 96,53 ; 63,54 ; 45,67 ; 50,86 ; 41,48 ; 69,22 ; 60,58 ; 54,41 ; 53,28 ; 31,30 ; 55,85 
04-Jul; 45,24 ; 65,76 ; 42,91 ; 66,45 ; 66,30 ; 58,97 ; 70,67 ; 68,07 ; 114,85 ; 69,04 ; 58,57 ; 72,44 ; 121,56 ; 77,11 ; 64,55 ; 71,01 ; 81,25 ; 54,81 ; 69,71 ; 85,29 ; 29,89 ; 64,25 ; 58,22 ; 95,51 ; 64,05 ; 45,85 ; 50,29 ; 41,71 ; 68,32 ; 60,46 ; 53,96 ; 53,31 ; 31,21 ; 55,38 
05-Jul; 45,21 ; 65,60 ; 42,70 ; 66,71 ; 66,50 ; 59,37 ; 70,50 ; 67,39 ; 114,42 ; 68,95 ; 58,46 ; 72,45 ; 120,92 ; 77,08 ; 64,50 ; 70,58 ; 80,83 ; 54,69 ; 69,42 ; 84,33 ; 29,42 ; 64,24 ; 58,36 ; 94,43 ; 64,05 ; 45,92 ; 50,07 ; 40,99 ; 68,40 ; 60,24 ; 53,63 ; 53,30 ; 32,23 ; 55,96 
06-Jul; 45,70 ; 66,11 ; 42,93 ; 68,44 ; 66,52 ; 59,63 ; 69,54 ; 67,48 ; 114,58 ; 68,67 ; 59,00 ; 72,91 ; 122,42 ; 76,51 ; 64,36 ; 70,89 ; 80,41 ; 55,45 ; 68,94 ; 84,87 ; 29,32 ; 63,85 ; 56,95 ; 94,05 ; 64,40 ; 44,80 ; 49,77 ; 40,73 ; 66,80 ; 60,90 ; 53,39 ; 53,74 ; 33,44 ; 56,67 
07-Jul; 46,04 ; 64,86 ; 36,25 ; 63,32 ; 66,85 ; 59,09 ; 69,78 ; 68,03 ; 114,01 ; 68,19 ; 58,12 ; 73,73 ; 120,86 ; 81,14 ; 62,37 ; 69,77 ; 79,95 ; 55,75 ; 69,12 ; 80,62 ; 29,93 ; 63,77 ; 53,40 ; 94,75 ; 63,49 ; 44,29 ; 49,16 ; 41,08 ; 65,05 ; 60,96 ; 52,79 ; 54,74 ; 32,28 ; 55,85 
08-Jul; 45,46 ; 65,36 ; 36,08 ; 63,77 ; 65,41 ; 58,66 ; 70,07 ; 68,27 ; 115,45 ; 69,28 ; 57,83 ; 73,40 ; 122,23 ; 77,05 ; 60,92 ; 68,82 ; 78,88 ; 55,69 ; 70,20 ; 80,83 ; 31,55 ; 62,82 ; 52,43 ; 94,54 ; 65,46 ; 45,60 ; 48,73 ; 40,71 ; 66,18 ; 61,10 ; 52,92 ; 53,45 ; 31,47 ; 55,06 
09-Jul; 45,47 ; 65,73 ; 36,41 ; 61,96 ; 65,66 ; 58,79 ; 69,27 ; 70,28 ; 116,40 ; 67,64 ; 58,24 ; 72,98 ; 119,67 ; 78,27 ; 60,74 ; 69,14 ; 78,65 ; 55,08 ; 67,97 ; 81,43 ; 31,81 ; 63,99 ; 50,94 ; 95,14 ; 64,77 ; 45,60 ; 48,73 ; 40,76 ; 66,25 ; 61,09 ; 52,68 ; 53,83 ; 30,49 ; 55,71 
10-Jul; 47,38 ; 56,39 ; 37,12 ; 63,36 ; 65,04 ; 59,03 ; 68,89 ; 68,46 ; 119,20 ; 62,92 ; 59,07 ; 75,37 ; 120,96 ; 77,60 ; 60,63 ; 70,20 ; 81,63 ; 56,56 ; 69,09 ; 83,28 ; 30,98 ; 63,06 ; 51,56 ; 95,75 ; 62,18 ; 41,44 ; 48,61 ; 42,15 ; 64,45 ; 61,10 ; 54,08 ; 50,39 ; 30,38 ; 55,84 
11-Jul; 46,19 ; 55,81 ; 36,42 ; 63,88 ; 63,74 ; 59,79 ; 68,27 ; 68,05 ; 118,82 ; 63,01 ; 57,48 ; 75,43 ; 120,11 ; 78,40 ; 61,17 ; 70,28 ; 79,99 ; 56,81 ; 69,00 ; 82,40 ; 30,36 ; 63,05 ; 51,12 ; 94,81 ; 63,41 ; 40,63 ; 47,85 ; 41,78 ; 63,71 ; 60,93 ; 54,58 ; 51,05 ; 30,24 ; 55,50 
12-Jul; 44,78 ; 55,33 ; 36,42 ; 63,79 ; 63,99 ; 60,43 ; 68,27 ; 67,94 ; 118,91 ; 62,85 ; 57,66 ; 74,90 ; 119,23 ; 77,80 ; 61,08 ; 70,41 ; 80,20 ; 56,56 ; 68,78 ; 81,88 ; 29,96 ; 63,19 ; 50,64 ; 94,72 ; 62,86 ; 40,58 ; 48,20 ; 41,77 ; 63,85 ; 60,29 ; 54,24 ; 50,57 ; 29,89 ; 55,65 
13-Jul; 44,79 ; 54,95 ; 35,78 ; 65,88 ; 64,59 ; 59,31 ; 67,90 ; 65,48 ; 118,50 ; 59,49 ; 59,47 ; 75,37 ; 118,99 ; 75,98 ; 62,83 ; 71,58 ; 79,37 ; 55,33 ; 69,27 ; 82,49 ; 29,46 ; 63,32 ; 50,52 ; 94,19 ; 62,82 ; 41,64 ; 48,39 ; 41,42 ; 63,88 ; 61,19 ; 54,76 ; 51,02 ; 31,56 ; 56,76 
14-Jul; 44,25 ; 55,23 ; 38,51 ; 64,59 ; 65,40 ; 59,04 ; 67,81 ; 66,11 ; 117,72 ; 59,27 ; 57,54 ; 74,98 ; 118,38 ; 76,20 ; 62,77 ; 71,77 ; 79,14 ; 55,61 ; 73,45 ; 80,63 ; 30,49 ; 63,82 ; 49,71 ; 94,34 ; 61,72 ; 40,02 ; 48,29 ; 40,91 ; 74,56 ; 60,20 ; 53,74 ; 51,32 ; 30,90 ; 56,48 
15-Jul; 42,99 ; 55,99 ; 38,39 ; 62,40 ; 66,49 ; 58,82 ; 67,81 ; 66,17 ; 120,98 ; 59,43 ; 58,15 ; 74,86 ; 118,25 ; 75,76 ; 60,78 ; 71,78 ; 77,47 ; 56,31 ; 69,45 ; 82,31 ; 30,46 ; 63,93 ; 49,84 ; 94,85 ; 61,03 ; 40,33 ; 48,19 ; 41,54 ; 78,11 ; 60,63 ; 53,57 ; 47,92 ; 30,93 ; 55,51 
16-Jul; 42,92 ; 55,60 ; 38,64 ; 62,94 ; 65,26 ; 59,11 ; 68,14 ; 65,23 ; 125,44 ; 60,99 ; 58,05 ; 76,41 ; 118,82 ; 75,44 ; 61,07 ; 71,00 ; 77,30 ; 55,56 ; 70,20 ; 82,32 ; 31,46 ; 64,01 ; 48,77 ; 94,79 ; 61,28 ; 40,61 ; 47,87 ; 40,49 ; 79,23 ; 59,43 ; 53,63 ; 48,94 ; 30,80 ; 55,87 
17-Jul; 43,36 ; 55,42 ; 39,43 ; 63,49 ; 65,98 ; 59,81 ; 68,17 ; 67,97 ; 125,00 ; 62,23 ; 58,16 ; 76,21 ; 119,63 ; 75,13 ; 64,40 ; 71,29 ; 76,76 ; 57,77 ; 70,22 ; 81,95 ; 32,01 ; 64,64 ; 47,50 ; 94,51 ; 61,94 ; 40,83 ; 48,46 ; 41,38 ; 76,89 ; 59,11 ; 54,89 ; 49,33 ; 31,28 ; 63,48 
18-Jul; 43,83 ; 55,34 ; 38,76 ; 63,33 ; 65,89 ; 59,73 ; 67,93 ; 67,11 ; 125,53 ; 62,30 ; 57,89 ; 76,65 ; 118,75 ; 75,25 ; 62,78 ; 70,63 ; 77,05 ; 56,66 ; 69,92 ; 80,92 ; 31,11 ; 65,31 ; 46,52 ; 93,56 ; 63,03 ; 40,80 ; 47,82 ; 40,80 ; 76,27 ; 58,82 ; 54,34 ; 50,41 ; 30,94 ; 63,11 
19-Jul; 44,10 ; 54,95 ; 38,33 ; 63,33 ; 65,75 ; 59,83 ; 67,90 ; 66,58 ; 125,77 ; 61,83 ; 57,48 ; 76,41 ; 118,22 ; 75,47 ; 62,57 ; 70,88 ; 77,12 ; 56,76 ; 70,07 ; 79,99 ; 31,20 ; 65,90 ; 46,45 ; 93,04 ; 62,71 ; 40,78 ; 47,77 ; 40,29 ; 76,40 ; 58,64 ; 53,92 ; 50,02 ; 31,19 ; 63,42 
20-Jul; 42,54 ; 55,02 ; 38,23 ; 66,74 ; 66,03 ; 58,65 ; 68,60 ; 65,75 ; 127,30 ; 61,65 ; 57,60 ; 76,72 ; 117,42 ; 74,53 ; 61,84 ; 70,90 ; 77,48 ; 55,19 ; 70,45 ; 79,62 ; 31,07 ; 63,95 ; 49,74 ; 93,11 ; 62,45 ; 40,93 ; 46,83 ; 39,59 ; 82,95 ; 60,80 ; 55,22 ; 50,35 ; 30,92 ; 63,15 
21-Jul; 42,68 ; 54,59 ; 38,49 ; 65,18 ; 65,49 ; 60,71 ; 68,26 ; 66,24 ; 124,96 ; 63,03 ; 57,05 ; 76,73 ; 117,23 ; 74,04 ; 63,72 ; 70,08 ; 79,11 ; 54,64 ; 69,22 ; 78,26 ; 31,37 ; 64,34 ; 47,89 ; 94,72 ; 60,87 ; 40,05 ; 47,08 ; 39,95 ; 75,86 ; 60,88 ; 54,19 ; 50,45 ; 30,26 ; 64,17 
22-Jul; 42,76 ; 55,92 ; 37,81 ; 64,73 ; 65,76 ; 61,05 ; 67,91 ; 64,64 ; 125,41 ; 61,67 ; 56,45 ; 76,65 ; 117,78 ; 73,74 ; 63,39 ; 69,86 ; 78,46 ; 52,09 ; 71,72 ; 79,27 ; 31,47 ; 63,74 ; 47,29 ; 94,05 ; 61,05 ; 39,38 ; 47,59 ; 40,04 ; 76,31 ; 60,27 ; 53,92 ; 50,76 ; 30,61 ; 63,28 
23-Jul; 42,64 ; 56,37 ; 38,47 ; 63,60 ; 65,88 ; 60,97 ; 68,43 ; 100,61 ; 126,26 ; 61,32 ; 57,93 ; 75,88 ; 119,87 ; 73,67 ; 62,13 ; 69,85 ; 78,43 ; 51,38 ; 71,48 ; 78,46 ; 33,75 ; 65,94 ; 47,69 ; 93,83 ; 60,06 ; 39,09 ; 46,93 ; 39,67 ; 79,49 ; 60,39 ; 52,90 ; 50,12 ; 30,68 ; 63,23 
24-Jul; 43,25 ; 56,61 ; 39,21 ; 65,44 ; 66,28 ; 65,28 ; 70,22 ; 100,74 ; 126,52 ; 61,98 ; 58,90 ; 76,59 ; 119,62 ; 77,78 ; 63,02 ; 72,22 ; 79,97 ; 55,47 ; 72,68 ; 82,98 ; 32,62 ; 66,03 ; 51,15 ; 98,90 ; 59,35 ; 42,61 ; 47,82 ; 39,01 ; 96,30 ; 62,09 ; 54,54 ; 50,29 ; 30,80 ; 64,01 
25-Jul; 43,47 ; 56,82 ; 38,87 ; 64,93 ; 65,27 ; 65,34 ; 69,44 ; 100,43 ; 126,11 ; 62,48 ; 58,54 ; 75,83 ; 117,95 ; 75,79 ; 62,79 ; 72,09 ; 79,76 ; 55,45 ; 70,76 ; 81,65 ; 32,30 ; 65,48 ; 50,50 ; 98,19 ; 59,93 ; 42,57 ; 47,97 ; 39,68 ; 96,37 ; 61,92 ; 52,51 ; 49,84 ; 30,86 ; 63,20 
26-Jul; 43,59 ; 56,42 ; 38,71 ; 64,87 ; 65,32 ; 65,16 ; 69,25 ; 100,03 ; 125,84 ; 62,06 ; 58,35 ; 75,76 ; 117,06 ; 75,52 ; 62,73 ; 73,52 ; 78,89 ; 54,99 ; 69,76 ; 80,71 ; 32,26 ; 65,91 ; 50,07 ; 97,91 ; 59,56 ; 42,13 ; 47,76 ; 39,22 ; 96,29 ; 61,21 ; 52,05 ; 49,47 ; 31,24 ; 62,97 
27-Jul; 43,90 ; 56,29 ; 37,29 ; 66,79 ; 64,98 ; 65,33 ; 69,10 ; 99,53 ; 124,34 ; 62,66 ; 59,45 ; 75,05 ; 118,17 ; 74,94 ; 62,05 ; 73,54 ; 78,15 ; 52,48 ; 70,85 ; 81,32 ; 31,70 ; 66,30 ; 51,94 ; 95,17 ; 60,85 ; 40,73 ; 47,51 ; 39,24 ; 94,20 ; 61,48 ; 51,84 ; 49,36 ; 30,70 ; 62,47 
28-Jul; 42,88 ; 70,51 ; 36,60 ; 66,55 ; 64,79 ; 65,39 ; 68,63 ; 99,56 ; 124,01 ; 62,47 ; 60,03 ; 75,92 ; 122,50 ; 73,59 ; 61,81 ; 72,95 ; 78,72 ; 51,73 ; 70,14 ; 85,75 ; 33,16 ; 66,63 ; 49,74 ; 96,01 ; 62,16 ; 41,13 ; 47,96 ; 38,62 ; 97,68 ; 61,75 ; 51,87 ; 50,68 ; 30,48 ; 62,23 
29-Jul; 42,00 ; 70,00 ; 38,00 ; 66,00 ; 64,00 ; 64,00 ; 68,00 ; 99,00 ; 123,00 ; 75,00 ; 59,00 ; 75,00 ; 122,00 ; 76,00 ; 62,00 ; 72,00 ; 77,00 ; 52,00 ; 72,00 ; 86,00 ; 32,00 ; 65,00 ; 49,00 ; 96,00 ; 62,00 ; 41,00 ; 48,00 ; 38,00 ; 99,00 ; 62,00 ; 52,00 ; 50,00 ; 32,00 ; 63,00 
30-Jul; 41,76 ; 69,51 ; 38,08 ; 70,41 ; 64,49 ; 63,69 ; 67,98 ; 99,54 ; 127,31 ; 75,29 ; 60,43 ; 74,82 ; 122,40 ; 78,58 ; 63,00 ; 74,15 ; 78,54 ; 52,62 ; 69,47 ; 84,17 ; 33,36 ; 64,69 ; 49,95 ; 97,56 ; 61,85 ; 43,07 ; 49,17 ; 38,13 ; 97,81 ; 61,06 ; 53,25 ; 50,60 ; 32,27 ; 64,30 
31-Jul; 42,25 ; 68,96 ; 38,38 ; 71,90 ; 65,32 ; 64,86 ; 72,24 ; 100,45 ; 129,92 ; 76,25 ; 64,34 ; 75,68 ; 123,15 ; 80,61 ; 66,71 ; 82,26 ; 78,82 ; 57,00 ; 71,28 ; 83,92 ; 34,99 ; 65,14 ; 54,64 ; 100,15 ; 62,82 ; 44,31 ; 50,21 ; 39,06 ; 96,62 ; 66,35 ; 54,48 ; 53,23 ; 31,70 ; 66,08 
01-Aug; 41,86 ; 69,60 ; 38,35 ; 72,25 ; 65,24 ; 65,11 ; 71,92 ; 99,95 ; 128,13 ; 76,18 ; 64,78 ; 76,95 ; 128,46 ; 78,06 ; 65,98 ; 82,15 ; 77,61 ; 56,32 ; 72,21 ; 84,16 ; 33,81 ; 65,35 ; 57,55 ; 101,67 ; 62,90 ; 44,16 ; 49,78 ; 39,55 ; 94,99 ; 62,38 ; 53,47 ; 53,75 ; 32,86 ; 65,70 
02-Aug; 41,67 ; 69,35 ; 37,92 ; 71,85 ; 65,41 ; 64,63 ; 71,47 ; 99,54 ; 127,72 ; 75,80 ; 63,85 ; 76,56 ; 127,55 ; 78,13 ; 65,68 ; 81,82 ; 77,35 ; 56,00 ; 71,89 ; 83,32 ; 34,75 ; 65,41 ; 57,11 ; 100,04 ; 62,07 ; 43,68 ; 49,80 ; 38,98 ; 95,09 ; 62,09 ; 53,34 ; 54,17 ; 33,65 ; 65,97 
03-Aug; 40,78 ; 70,31 ; 37,94 ; 68,64 ; 65,40 ; 64,29 ; 69,84 ; 99,23 ; 127,33 ; 74,55 ; 64,56 ; 73,77 ; 125,68 ; 76,33 ; 63,67 ; 78,75 ; 75,86 ; 56,00 ; 70,21 ; 83,05 ; 34,09 ; 65,66 ; 51,68 ; 99,74 ; 60,63 ; 40,90 ; 51,98 ; 38,93 ; 93,25 ; 62,18 ; 52,66 ; 45,30 ; 35,11 ; 65,70 
04-Aug; 40,80 ; 70,21 ; 38,05 ; 63,49 ; 64,66 ; 62,00 ; 69,23 ; 98,49 ; 124,95 ; 75,27 ; 60,40 ; 73,91 ; 126,84 ; 76,05 ; 63,80 ; 77,68 ; 77,61 ; 56,72 ; 70,62 ; 81,89 ; 33,44 ; 66,51 ; 53,05 ; 99,71 ; 60,36 ; 39,76 ; 51,90 ; 38,77 ; 96,29 ; 61,90 ; 52,20 ; 45,42 ; 34,46 ; 64,12 
05-Aug; 41,07 ; 70,21 ; 37,81 ; 63,64 ; 65,01 ; 59,85 ; 68,77 ; 63,11 ; 126,64 ; 75,35 ; 60,19 ; 73,45 ; 128,21 ; 79,26 ; 63,96 ; 77,27 ; 75,40 ; 56,88 ; 69,88 ; 82,00 ; 34,36 ; 66,77 ; 53,19 ; 99,18 ; 63,54 ; 40,31 ; 51,03 ; 39,97 ; 85,79 ; 62,13 ; 51,60 ; 50,99 ; 34,72 ; 63,88 
06-Aug; 41,52 ; 70,73 ; 37,70 ; 63,75 ; 65,15 ; 59,85 ; 68,41 ; 63,77 ; 125,98 ; 75,70 ; 59,55 ; 73,29 ; 126,47 ; 78,40 ; 64,04 ; 77,35 ; 75,58 ; 56,19 ; 69,42 ; 82,52 ; 34,60 ; 65,43 ; 52,64 ; 98,64 ; 62,72 ; 40,40 ; 52,02 ; 39,82 ; 85,19 ; 61,59 ; 53,07 ; 52,64 ; 35,12 ; 63,00 
07-Aug; 42,80 ; 70,32 ; 37,71 ; 61,81 ; 64,72 ; 59,83 ; 68,49 ; 70,95 ; 127,63 ; 75,62 ; 60,04 ; 74,26 ; 126,23 ; 84,81 ; 64,42 ; 74,64 ; 75,60 ; 55,78 ; 70,06 ; 83,11 ; 35,31 ; 65,27 ; 51,73 ; 98,67 ; 61,25 ; 40,87 ; 50,20 ; 39,09 ; 81,94 ; 62,01 ; 54,69 ; 53,19 ; 35,50 ; 62,95 
08-Aug; 42,52 ; 70,54 ; 37,23 ; 62,04 ; 63,70 ; 59,92 ; 68,60 ; 70,34 ; 127,24 ; 75,79 ; 59,24 ; 72,80 ; 125,41 ; 83,03 ; 64,16 ; 74,59 ; 75,48 ; 56,19 ; 70,54 ; 81,96 ; 34,44 ; 65,59 ; 50,79 ; 97,82 ; 62,53 ; 40,32 ; 50,15 ; 39,16 ; 81,81 ; 61,13 ; 54,01 ; 53,07 ; 35,78 ; 62,81 
09-Aug; 42,15 ; 70,08 ; 37,16 ; 61,66 ; 62,84 ; 60,13 ; 69,07 ; 70,32 ; 127,03 ; 75,61 ; 59,01 ; 72,81 ; 123,97 ; 82,98 ; 63,86 ; 74,57 ; 75,11 ; 56,55 ; 69,87 ; 81,40 ; 34,75 ; 66,58 ; 50,58 ; 98,01 ; 62,22 ; 40,04 ; 49,72 ; 39,18 ; 81,14 ; 61,20 ; 53,70 ; 53,43 ; 36,04 ; 62,64 
10-Aug; 41,45 ; 70,16 ; 36,94 ; 63,16 ; 63,21 ; 61,56 ; 70,87 ; 69,56 ; 128,48 ; 75,69 ; 59,82 ; 72,32 ; 125,61 ; 81,15 ; 63,58 ; 74,16 ; 76,15 ; 57,04 ; 70,02 ; 84,65 ; 35,16 ; 66,19 ; 51,71 ; 97,65 ; 63,74 ; 39,83 ; 48,47 ; 38,46 ; 80,59 ; 61,79 ; 54,30 ; 52,95 ; 35,63 ; 64,10 
11-Aug; 41,28 ; 70,32 ; 37,50 ; 62,46 ; 63,83 ; 59,75 ; 67,35 ; 69,97 ; 125,35 ; 75,37 ; 59,73 ; 73,02 ; 125,56 ; 78,86 ; 63,29 ; 78,07 ; 76,55 ; 56,41 ; 67,68 ; 85,55 ; 34,70 ; 65,45 ; 51,32 ; 97,81 ; 62,08 ; 38,96 ; 50,87 ; 38,18 ; 80,00 ; 61,19 ; 53,75 ; 53,20 ; 37,32 ; 63,12 
12-Aug; 40,90 ; 70,61 ; 36,53 ; 62,62 ; 63,53 ; 59,32 ; 68,40 ; 70,81 ; 123,89 ; 74,92 ; 58,99 ; 72,78 ; 125,84 ; 83,65 ; 63,17 ; 73,70 ; 76,02 ; 56,27 ; 68,20 ; 84,15 ; 34,25 ; 64,74 ; 51,09 ; 97,89 ; 61,09 ; 39,62 ; 49,38 ; 39,17 ; 79,62 ; 60,43 ; 53,84 ; 53,57 ; 37,60 ; 62,42 
13-Aug; 40,27 ; 55,31 ; 36,46 ; 62,54 ; 64,10 ; 60,58 ; 68,58 ; 69,97 ; 124,30 ; 74,45 ; 58,95 ; 73,89 ; 126,44 ; 83,13 ; 62,63 ; 72,36 ; 80,39 ; 55,28 ; 68,03 ; 82,43 ; 34,94 ; 67,58 ; 49,98 ; 96,94 ; 65,11 ; 39,94 ; 48,77 ; 39,51 ; 80,22 ; 60,54 ; 53,39 ; 53,93 ; 37,19 ; 64,25 
14-Aug; 39,27 ; 55,76 ; 36,43 ; 62,62 ; 64,35 ; 58,51 ; 70,02 ; 71,71 ; 123,99 ; 74,88 ; 59,21 ; 73,64 ; 127,04 ; 84,06 ; 65,70 ; 72,25 ; 76,15 ; 55,57 ; 69,74 ; 84,16 ; 34,38 ; 66,46 ; 50,23 ; 99,19 ; 66,82 ; 40,98 ; 49,04 ; 39,62 ; 82,79 ; 61,37 ; 55,71 ; 55,21 ; 37,05 ; 65,04 
15-Aug; 39,46 ; 55,19 ; 36,11 ; 61,44 ; 63,29 ; 58,44 ; 69,97 ; 71,45 ; 124,32 ; 74,68 ; 58,42 ; 73,77 ; 126,58 ; 83,19 ; 65,70 ; 71,61 ; 76,10 ; 55,26 ; 69,06 ; 83,52 ; 33,11 ; 67,33 ; 50,27 ; 97,78 ; 67,45 ; 40,00 ; 49,21 ; 39,69 ; 82,73 ; 61,18 ; 55,46 ; 55,42 ; 37,18 ; 64,58 
16-Aug; 39,47 ; 55,18 ; 35,93 ; 61,23 ; 63,50 ; 58,68 ; 68,89 ; 70,95 ; 125,07 ; 74,75 ; 58,42 ; 73,65 ; 125,62 ; 84,01 ; 64,66 ; 71,18 ; 75,79 ; 55,25 ; 68,02 ; 83,25 ; 32,88 ; 67,35 ; 50,01 ; 97,55 ; 67,08 ; 39,67 ; 48,79 ; 39,26 ; 82,72 ; 61,00 ; 55,17 ; 55,21 ; 37,86 ; 64,17 
